0.39423,0.17647,0.1988,0.14877,0.089021,0.24739,0.471,0.18874,0.19091,0.31395,0.24194,0.368421717
0.39423,0.17647,0.1988,0.14877,0.089021,0.24739,0.471,0.18874,0.19091,0.31395,0.24194,0.368421717
0.39423,0.17647,0.1988,0.14877,0.089021,0.24739,0.471,0.18874,0.19091,0.31395,0.24194,0.368421717
0.36538,0.27451,0.29518,0.16411,0.10979,0.29617,0.49188,0.21766,0.26364,0.24419,0.19355,0.315789141
0.30769,0.35294,0.14458,0.17638,0.13947,0.22997,0.46636,0.19414,0.3,0.32558,0.24194,0.315789141
0.30769,0.35294,0.14458,0.17638,0.13947,0.22997,0.46636,0.19414,0.3,0.32558,0.24194,0.315789141
0.30769,0.35294,0.14458,0.17638,0.13947,0.22997,0.46636,0.19414,0.3,0.32558,0.24194,0.315789141
0.39423,0.17647,0.1988,0.14877,0.089021,0.24739,0.471,0.18874,0.19091,0.31395,0.24194,0.368421717
0.39423,0.17647,0.1988,0.14877,0.089021,0.24739,0.471,0.18874,0.19091,0.31395,0.24194,0.368421717
0.30769,0.35294,0.14458,0.17638,0.13947,0.22997,0.46636,0.19414,0.3,0.32558,0.24194,0.315789141
0.39423,0.17647,0.1988,0.14877,0.089021,0.24739,0.471,0.18874,0.19091,0.31395,0.24194,0.368421717
0.39423,0.17647,0.1988,0.14877,0.089021,0.24739,0.471,0.18874,0.19091,0.31395,0.24194,0.368421717
0.30769,0.35294,0.14458,0.17638,0.13947,0.22997,0.46636,0.19414,0.3,0.32558,0.24194,0.315789141
0.30769,0.35294,0.14458,0.17638,0.13947,0.22997,0.46636,0.19414,0.3,0.32558,0.24194,0.315789141
0.39423,0.17647,0.1988,0.14877,0.089021,0.24739,0.471,0.18874,0.19091,0.31395,0.24194,0.368421717
0.39423,0.17647,0.1988,0.14877,0.089021,0.24739,0.471,0.18874,0.19091,0.31395,0.24194,0.368421717
0.39423,0.17647,0.1988,0.14877,0.089021,0.24739,0.471,0.18874,0.19091,0.31395,0.24194,0.368421717
0.30769,0.35294,0.14458,0.17638,0.13947,0.22997,0.46636,0.19414,0.3,0.32558,0.24194,0.315789141
0.36538,0.27451,0.29518,0.16411,0.10979,0.29617,0.49188,0.21766,0.26364,0.24419,0.19355,0.315789141
0.36538,0.27451,0.29518,0.16411,0.10979,0.29617,0.49188,0.21766,0.26364,0.24419,0.19355,0.315789141
0.30769,0.35294,0.14458,0.17638,0.13947,0.22997,0.46636,0.19414,0.3,0.32558,0.24194,0.315789141
0.39423,0.17647,0.1988,0.14877,0.089021,0.24739,0.471,0.18874,0.19091,0.31395,0.24194,0.368421717
0.39423,0.17647,0.1988,0.14877,0.089021,0.24739,0.471,0.18874,0.19091,0.31395,0.24194,0.368421717
0.30769,0.35294,0.14458,0.17638,0.13947,0.22997,0.46636,0.19414,0.3,0.32558,0.24194,0.315789141
0.39423,0.17647,0.1988,0.14877,0.089021,0.24739,0.471,0.18874,0.19091,0.31395,0.24194,0.368421717
0.36538,0.28431,0.30723,0.17025,0.25223,0.19512,0.39907,0.20532,0.17273,0.33721,0.16129,0.315789141
0.39423,0.17647,0.1988,0.14877,0.089021,0.24739,0.471,0.18874,0.19091,0.31395,0.24194,0.368421717
0.30769,0.35294,0.14458,0.17638,0.13947,0.22997,0.46636,0.19414,0.3,0.32558,0.24194,0.315789141
0.30769,0.35294,0.14458,0.17638,0.13947,0.22997,0.46636,0.19414,0.3,0.32558,0.24194,0.315789141
0.39423,0.17647,0.1988,0.14877,0.089021,0.24739,0.471,0.18874,0.19091,0.31395,0.24194,0.368421717
0.36538,0.27451,0.29518,0.16411,0.10979,0.29617,0.49188,0.21766,0.26364,0.24419,0.19355,0.315789141
0.39423,0.17647,0.1988,0.14877,0.089021,0.24739,0.471,0.18874,0.19091,0.31395,0.24194,0.368421717
0.30769,0.35294,0.14458,0.17638,0.13947,0.22997,0.46636,0.19414,0.3,0.32558,0.24194,0.315789141
0.39423,0.17647,0.1988,0.14877,0.089021,0.24739,0.471,0.18874,0.19091,0.31395,0.24194,0.368421717
0.39423,0.17647,0.1988,0.14877,0.089021,0.24739,0.471,0.18874,0.19091,0.31395,0.24194,0.368421717
0.30769,0.35294,0.14458,0.17638,0.13947,0.22997,0.46636,0.19414,0.3,0.32558,0.24194,0.315789141
0.30769,0.35294,0.14458,0.17638,0.13947,0.22997,0.46636,0.19414,0.3,0.32558,0.24194,0.315789141
0.39423,0.17647,0.1988,0.14877,0.089021,0.24739,0.471,0.18874,0.19091,0.31395,0.24194,0.368421717
0.36538,0.27451,0.29518,0.16411,0.10979,0.29617,0.49188,0.21766,0.26364,0.24419,0.19355,0.315789141
0.39423,0.17647,0.1988,0.14877,0.089021,0.24739,0.471,0.18874,0.19091,0.31395,0.24194,0.368421717
0.36538,0.27451,0.29518,0.16411,0.10979,0.29617,0.49188,0.21766,0.26364,0.24419,0.19355,0.315789141
0.39423,0.17647,0.1988,0.14877,0.089021,0.24739,0.471,0.18874,0.19091,0.31395,0.24194,0.368421717
0.375,0.16667,0.18072,0.11043,0.086053,0.22648,0.43387,0.16271,0.34545,0.32558,0.33871,0.315789141
0.36538,0.27451,0.29518,0.16411,0.10979,0.29617,0.49188,0.21766,0.26364,0.24419,0.19355,0.315789141
0.39423,0.17647,0.1988,0.14877,0.089021,0.24739,0.471,0.18874,0.19091,0.31395,0.24194,0.368421717
0.39423,0.17647,0.1988,0.14877,0.089021,0.24739,0.471,0.18874,0.19091,0.31395,0.24194,0.368421717
0.39423,0.17647,0.1988,0.14877,0.089021,0.24739,0.471,0.18874,0.19091,0.31395,0.24194,0.368421717
0.39423,0.17647,0.1988,0.14877,0.089021,0.24739,0.471,0.18874,0.19091,0.31395,0.24194,0.368421717
0.39423,0.17647,0.1988,0.14877,0.089021,0.24739,0.471,0.18874,0.19091,0.31395,0.24194,0.368421717
0.39423,0.17647,0.1988,0.14877,0.089021,0.24739,0.471,0.18874,0.19091,0.31395,0.24194,0.368421717
0.39423,0.17647,0.1988,0.14877,0.089021,0.24739,0.471,0.18874,0.19091,0.31395,0.24194,0.368421717
0.30769,0.35294,0.14458,0.17638,0.13947,0.22997,0.46636,0.19414,0.3,0.32558,0.24194,0.315789141
0.39423,0.17647,0.1988,0.14877,0.089021,0.24739,0.471,0.18874,0.19091,0.31395,0.24194,0.368421717
0.39423,0.17647,0.1988,0.14877,0.089021,0.24739,0.471,0.18874,0.19091,0.31395,0.24194,0.368421717
0.39423,0.17647,0.1988,0.14877,0.089021,0.24739,0.471,0.18874,0.19091,0.31395,0.24194,0.368421717
0.39423,0.17647,0.1988,0.14877,0.089021,0.24739,0.471,0.18874,0.19091,0.31395,0.24194,0.368421717
0.39423,0.17647,0.1988,0.14877,0.089021,0.24739,0.471,0.18874,0.19091,0.31395,0.24194,0.368421717
0.30769,0.35294,0.14458,0.17638,0.13947,0.22997,0.46636,0.19414,0.3,0.32558,0.24194,0.315789141
0.39423,0.17647,0.1988,0.14877,0.089021,0.24739,0.471,0.18874,0.19091,0.31395,0.24194,0.368421717
0.39423,0.17647,0.1988,0.14877,0.089021,0.24739,0.471,0.18874,0.19091,0.31395,0.24194,0.368421717
0.39423,0.17647,0.1988,0.14877,0.089021,0.24739,0.471,0.18874,0.19091,0.31395,0.24194,0.368421717
0.30769,0.35294,0.14458,0.17638,0.13947,0.22997,0.46636,0.19414,0.3,0.32558,0.24194,0.315789141
0.30769,0.35294,0.14458,0.17638,0.13947,0.22997,0.46636,0.19414,0.3,0.32558,0.24194,0.315789141
0.39423,0.17647,0.1988,0.14877,0.089021,0.24739,0.471,0.18874,0.19091,0.31395,0.24194,0.368421717
0.36538,0.27451,0.29518,0.16411,0.10979,0.29617,0.49188,0.21766,0.26364,0.24419,0.19355,0.315789141
0.30769,0.35294,0.14458,0.17638,0.13947,0.22997,0.46636,0.19414,0.3,0.32558,0.24194,0.315789141
0.39423,0.17647,0.1988,0.14877,0.089021,0.24739,0.471,0.18874,0.19091,0.31395,0.24194,0.368421717
0.39423,0.17647,0.1988,0.14877,0.089021,0.24739,0.471,0.18874,0.19091,0.31395,0.24194,0.368421717
0.39423,0.17647,0.1988,0.14877,0.089021,0.24739,0.471,0.18874,0.19091,0.31395,0.24194,0.368421717
0.30769,0.35294,0.14458,0.17638,0.13947,0.22997,0.46636,0.19414,0.3,0.32558,0.24194,0.315789141
0.30769,0.35294,0.14458,0.17638,0.13947,0.22997,0.46636,0.19414,0.3,0.32558,0.24194,0.315789141
0.39423,0.17647,0.1988,0.14877,0.089021,0.24739,0.471,0.18874,0.19091,0.31395,0.24194,0.368421717
0.39423,0.17647,0.1988,0.14877,0.089021,0.24739,0.471,0.18874,0.19091,0.31395,0.24194,0.368421717
0.39423,0.17647,0.1988,0.14877,0.089021,0.24739,0.471,0.18874,0.19091,0.31395,0.24194,0.368421717
0.36538,0.27451,0.29518,0.16411,0.10979,0.29617,0.49188,0.21766,0.26364,0.24419,0.19355,0.315789141
0.30769,0.35294,0.14458,0.17638,0.13947,0.22997,0.46636,0.19414,0.3,0.32558,0.24194,0.315789141
0.39423,0.17647,0.1988,0.14877,0.089021,0.24739,0.471,0.18874,0.19091,0.31395,0.24194,0.368421717
0.39423,0.17647,0.1988,0.14877,0.089021,0.24739,0.471,0.18874,0.19091,0.31395,0.24194,0.368421717
0.30769,0.35294,0.14458,0.17638,0.13947,0.22997,0.46636,0.19414,0.3,0.32558,0.24194,0.315789141
0.39423,0.17647,0.1988,0.14877,0.089021,0.24739,0.471,0.18874,0.19091,0.31395,0.24194,0.368421717
0.30769,0.35294,0.14458,0.17638,0.13947,0.22997,0.46636,0.19414,0.3,0.32558,0.24194,0.315789141
0.30769,0.35294,0.14458,0.17638,0.13947,0.22997,0.46636,0.19414,0.3,0.32558,0.24194,0.315789141
0.36538,0.27451,0.29518,0.16411,0.10979,0.29617,0.49188,0.21766,0.26364,0.24419,0.19355,0.315789141
0.39423,0.17647,0.1988,0.14877,0.089021,0.24739,0.471,0.18874,0.19091,0.31395,0.24194,0.368421717
0.39423,0.17647,0.1988,0.14877,0.089021,0.24739,0.471,0.18874,0.19091,0.31395,0.24194,0.368421717
0.30769,0.35294,0.14458,0.17638,0.13947,0.22997,0.46636,0.19414,0.3,0.32558,0.24194,0.315789141
0.39423,0.17647,0.1988,0.14877,0.089021,0.24739,0.471,0.18874,0.19091,0.31395,0.24194,0.368421717
0.36538,0.27451,0.29518,0.16411,0.10979,0.29617,0.49188,0.21766,0.26364,0.24419,0.19355,0.315789141
0.36538,0.27451,0.29518,0.16411,0.10979,0.29617,0.49188,0.21766,0.26364,0.24419,0.19355,0.315789141
0.30769,0.35294,0.14458,0.17638,0.13947,0.22997,0.46636,0.19414,0.3,0.32558,0.24194,0.315789141
0.39423,0.17647,0.1988,0.14877,0.089021,0.24739,0.471,0.18874,0.19091,0.31395,0.24194,0.368421717
0.36538,0.27451,0.29518,0.16411,0.10979,0.29617,0.49188,0.21766,0.26364,0.24419,0.19355,0.315789141
0.30769,0.35294,0.14458,0.17638,0.13947,0.22997,0.46636,0.19414,0.3,0.32558,0.24194,0.315789141
0.39423,0.17647,0.1988,0.14877,0.089021,0.24739,0.471,0.18874,0.19091,0.31395,0.24194,0.368421717
0.39423,0.17647,0.1988,0.14877,0.089021,0.24739,0.471,0.18874,0.19091,0.31395,0.24194,0.368421717
0.30769,0.35294,0.14458,0.17638,0.13947,0.22997,0.46636,0.19414,0.3,0.32558,0.24194,0.315789141
0.30769,0.35294,0.14458,0.17638,0.13947,0.22997,0.46636,0.19414,0.3,0.32558,0.24194,0.315789141
0.30769,0.35294,0.14458,0.17638,0.13947,0.22997,0.46636,0.19414,0.3,0.32558,0.24194,0.315789141
0.39423,0.17647,0.1988,0.14877,0.089021,0.24739,0.471,0.18874,0.19091,0.31395,0.24194,0.368421717
0.39423,0.17647,0.1988,0.14877,0.089021,0.24739,0.471,0.18874,0.19091,0.31395,0.24194,0.368421717
0.26923,0.20588,0.26506,0.12883,0.13056,0.20906,0.39211,0.18778,0.27273,0.26744,0.14516,0.315789141
0.39423,0.17647,0.1988,0.14877,0.089021,0.24739,0.471,0.18874,0.19091,0.31395,0.24194,0.368421717
0.39423,0.17647,0.1988,0.14877,0.089021,0.24739,0.471,0.18874,0.19091,0.31395,0.24194,0.368421717
0.39423,0.17647,0.1988,0.14877,0.089021,0.24739,0.471,0.18874,0.19091,0.31395,0.24194,0.368421717
0.30769,0.35294,0.14458,0.17638,0.13947,0.22997,0.46636,0.19414,0.3,0.32558,0.24194,0.315789141
0.36538,0.27451,0.29518,0.16411,0.10979,0.29617,0.49188,0.21766,0.26364,0.24419,0.19355,0.315789141
0.30769,0.35294,0.14458,0.17638,0.13947,0.22997,0.46636,0.19414,0.3,0.32558,0.24194,0.315789141
0.39423,0.17647,0.1988,0.14877,0.089021,0.24739,0.471,0.18874,0.19091,0.31395,0.24194,0.368421717
0.39423,0.17647,0.1988,0.14877,0.089021,0.24739,0.471,0.18874,0.19091,0.31395,0.24194,0.368421717
0.39423,0.17647,0.1988,0.14877,0.089021,0.24739,0.471,0.18874,0.19091,0.31395,0.24194,0.368421717
0.30769,0.35294,0.14458,0.17638,0.13947,0.22997,0.46636,0.19414,0.3,0.32558,0.24194,0.315789141
0.30769,0.35294,0.14458,0.17638,0.13947,0.22997,0.46636,0.19414,0.3,0.32558,0.24194,0.315789141
0.39423,0.17647,0.1988,0.14877,0.089021,0.24739,0.471,0.18874,0.19091,0.31395,0.24194,0.368421717
0.36538,0.27451,0.29518,0.16411,0.10979,0.29617,0.49188,0.21766,0.26364,0.24419,0.19355,0.315789141
0.39423,0.17647,0.1988,0.14877,0.089021,0.24739,0.471,0.18874,0.19091,0.31395,0.24194,0.368421717
0.36538,0.27451,0.29518,0.16411,0.10979,0.29617,0.49188,0.21766,0.26364,0.24419,0.19355,0.315789141
0.36538,0.27451,0.29518,0.16411,0.10979,0.29617,0.49188,0.21766,0.26364,0.24419,0.19355,0.315789141
0.30769,0.35294,0.14458,0.17638,0.13947,0.22997,0.46636,0.19414,0.3,0.32558,0.24194,0.315789141
0.30769,0.35294,0.14458,0.17638,0.13947,0.22997,0.46636,0.19414,0.3,0.32558,0.24194,0.315789141
0.36538,0.27451,0.29518,0.16411,0.10979,0.29617,0.49188,0.21766,0.26364,0.24419,0.19355,0.315789141
0.39423,0.17647,0.1988,0.14877,0.089021,0.24739,0.471,0.18874,0.19091,0.31395,0.24194,0.368421717
0.39423,0.17647,0.1988,0.14877,0.089021,0.24739,0.471,0.18874,0.19091,0.31395,0.24194,0.368421717
0.375,0.16667,0.18072,0.11043,0.086053,0.22648,0.43387,0.16271,0.34545,0.32558,0.33871,0.315789141
0.36538,0.27451,0.29518,0.16411,0.10979,0.29617,0.49188,0.21766,0.26364,0.24419,0.19355,0.315789141
0.39423,0.17647,0.1988,0.14877,0.089021,0.24739,0.471,0.18874,0.19091,0.31395,0.24194,0.368421717
0.36538,0.27451,0.29518,0.16411,0.10979,0.29617,0.49188,0.21766,0.26364,0.24419,0.19355,0.315789141
0.39423,0.17647,0.1988,0.14877,0.089021,0.24739,0.471,0.18874,0.19091,0.31395,0.24194,0.368421717
0.39423,0.17647,0.1988,0.14877,0.089021,0.24739,0.471,0.18874,0.19091,0.31395,0.24194,0.368421717
0.30769,0.35294,0.14458,0.17638,0.13947,0.22997,0.46636,0.19414,0.3,0.32558,0.24194,0.315789141
0.30769,0.35294,0.14458,0.17638,0.13947,0.22997,0.46636,0.19414,0.3,0.32558,0.24194,0.315789141
0.30769,0.35294,0.14458,0.17638,0.13947,0.22997,0.46636,0.19414,0.3,0.32558,0.24194,0.315789141
0.39423,0.17647,0.1988,0.14877,0.089021,0.24739,0.471,0.18874,0.19091,0.31395,0.24194,0.368421717
0.36538,0.27451,0.29518,0.16411,0.10979,0.29617,0.49188,0.21766,0.26364,0.24419,0.19355,0.315789141
0.39423,0.17647,0.1988,0.14877,0.089021,0.24739,0.471,0.18874,0.19091,0.31395,0.24194,0.368421717
0.36538,0.27451,0.29518,0.16411,0.10979,0.29617,0.49188,0.21766,0.26364,0.24419,0.19355,0.315789141
0.30769,0.35294,0.14458,0.17638,0.13947,0.22997,0.46636,0.19414,0.3,0.32558,0.24194,0.315789141
0.30769,0.35294,0.14458,0.17638,0.13947,0.22997,0.46636,0.19414,0.3,0.32558,0.24194,0.315789141
0.30769,0.35294,0.14458,0.17638,0.13947,0.22997,0.46636,0.19414,0.3,0.32558,0.24194,0.315789141
0.36538,0.27451,0.29518,0.16411,0.10979,0.29617,0.49188,0.21766,0.26364,0.24419,0.19355,0.315789141
0.30769,0.35294,0.14458,0.17638,0.13947,0.22997,0.46636,0.19414,0.3,0.32558,0.24194,0.315789141
0.30769,0.35294,0.14458,0.17638,0.13947,0.22997,0.46636,0.19414,0.3,0.32558,0.24194,0.315789141
0.39423,0.17647,0.1988,0.14877,0.089021,0.24739,0.471,0.18874,0.19091,0.31395,0.24194,0.368421717
0.30769,0.35294,0.14458,0.17638,0.13947,0.22997,0.46636,0.19414,0.3,0.32558,0.24194,0.315789141
0.30769,0.35294,0.14458,0.17638,0.13947,0.22997,0.46636,0.19414,0.3,0.32558,0.24194,0.315789141
0.39423,0.17647,0.1988,0.14877,0.089021,0.24739,0.471,0.18874,0.19091,0.31395,0.24194,0.368421717
0.39423,0.17647,0.1988,0.14877,0.089021,0.24739,0.471,0.18874,0.19091,0.31395,0.24194,0.368421717
0.39423,0.17647,0.1988,0.14877,0.089021,0.24739,0.471,0.18874,0.19091,0.31395,0.24194,0.368421717
0.36538,0.27451,0.29518,0.16411,0.10979,0.29617,0.49188,0.21766,0.26364,0.24419,0.19355,0.315789141
0.39423,0.17647,0.1988,0.14877,0.089021,0.24739,0.471,0.18874,0.19091,0.31395,0.24194,0.368421717
0.30769,0.35294,0.14458,0.17638,0.13947,0.22997,0.46636,0.19414,0.3,0.32558,0.24194,0.315789141
0.30769,0.35294,0.14458,0.17638,0.13947,0.22997,0.46636,0.19414,0.3,0.32558,0.24194,0.315789141
0.30769,0.35294,0.14458,0.17638,0.13947,0.22997,0.46636,0.19414,0.3,0.32558,0.24194,0.315789141
0.39423,0.17647,0.1988,0.14877,0.089021,0.24739,0.471,0.18874,0.19091,0.31395,0.24194,0.368421717
0.30769,0.35294,0.14458,0.17638,0.13947,0.22997,0.46636,0.19414,0.3,0.32558,0.24194,0.315789141
0.39423,0.17647,0.1988,0.14877,0.089021,0.24739,0.471,0.18874,0.19091,0.31395,0.24194,0.368421717
0.36538,0.27451,0.29518,0.16411,0.10979,0.29617,0.49188,0.21766,0.26364,0.24419,0.19355,0.315789141
0.39423,0.17647,0.1988,0.14877,0.089021,0.24739,0.471,0.18874,0.19091,0.31395,0.24194,0.368421717
0.36538,0.30392,0.27711,0.17025,0.22255,0.18467,0.37355,0.20474,0.17273,0.33721,0.16129,0.315789141
0.36538,0.27451,0.29518,0.16411,0.10979,0.29617,0.49188,0.21766,0.26364,0.24419,0.19355,0.315789141
0.39423,0.17647,0.1988,0.14877,0.089021,0.24739,0.471,0.18874,0.19091,0.31395,0.24194,0.368421717
0.30769,0.35294,0.14458,0.17638,0.13947,0.22997,0.46636,0.19414,0.3,0.32558,0.24194,0.315789141
0.39423,0.17647,0.1988,0.14877,0.089021,0.24739,0.471,0.18874,0.19091,0.31395,0.24194,0.368421717
0.39423,0.17647,0.1988,0.14877,0.089021,0.24739,0.471,0.18874,0.19091,0.31395,0.24194,0.368421717
0.39423,0.17647,0.1988,0.14877,0.089021,0.24739,0.471,0.18874,0.19091,0.31395,0.24194,0.368421717
0.39423,0.17647,0.1988,0.14877,0.089021,0.24739,0.471,0.18874,0.19091,0.31395,0.24194,0.368421717
0.39423,0.17647,0.1988,0.14877,0.089021,0.24739,0.471,0.18874,0.19091,0.31395,0.24194,0.368421717
0.39423,0.17647,0.1988,0.14877,0.089021,0.24739,0.471,0.18874,0.19091,0.31395,0.24194,0.368421717
0.39423,0.17647,0.1988,0.14877,0.089021,0.24739,0.471,0.18874,0.19091,0.31395,0.24194,0.368421717
0.39423,0.17647,0.1988,0.14877,0.089021,0.24739,0.471,0.18874,0.19091,0.31395,0.24194,0.368421717
0.39423,0.17647,0.1988,0.14877,0.089021,0.24739,0.471,0.18874,0.19091,0.31395,0.24194,0.368421717
0.30769,0.35294,0.14458,0.17638,0.13947,0.22997,0.46636,0.19414,0.3,0.32558,0.24194,0.315789141
0.39423,0.17647,0.1988,0.14877,0.089021,0.24739,0.471,0.18874,0.19091,0.31395,0.24194,0.368421717
0.36538,0.27451,0.29518,0.16411,0.10979,0.29617,0.49188,0.21766,0.26364,0.24419,0.19355,0.315789141
0.39423,0.17647,0.1988,0.14877,0.089021,0.24739,0.471,0.18874,0.19091,0.31395,0.24194,0.368421717
0.30769,0.35294,0.14458,0.17638,0.13947,0.22997,0.46636,0.19414,0.3,0.32558,0.24194,0.315789141
0.39423,0.17647,0.1988,0.14877,0.089021,0.24739,0.471,0.18874,0.19091,0.31395,0.24194,0.368421717
0.39423,0.17647,0.1988,0.14877,0.089021,0.24739,0.471,0.18874,0.19091,0.31395,0.24194,0.368421717
0.30769,0.35294,0.14458,0.17638,0.13947,0.22997,0.46636,0.19414,0.3,0.32558,0.24194,0.315789141
0.39423,0.17647,0.1988,0.14877,0.089021,0.24739,0.471,0.18874,0.19091,0.31395,0.24194,0.368421717
0.30769,0.35294,0.14458,0.17638,0.13947,0.22997,0.46636,0.19414,0.3,0.32558,0.24194,0.315789141
0.36538,0.27451,0.29518,0.16411,0.10979,0.29617,0.49188,0.21766,0.26364,0.24419,0.19355,0.315789141
0.25,0.18627,0.1747,0.050613,0.074184,0.20906,0.30394,0.10141,0.34545,0.43023,0.5,0.368421717
0.39423,0.17647,0.1988,0.14877,0.089021,0.24739,0.471,0.18874,0.19091,0.31395,0.24194,0.368421717
0.39423,0.17647,0.1988,0.14877,0.089021,0.24739,0.471,0.18874,0.19091,0.31395,0.24194,0.368421717
0.36538,0.27451,0.29518,0.16411,0.10979,0.29617,0.49188,0.21766,0.26364,0.24419,0.19355,0.315789141
0.36538,0.27451,0.29518,0.16411,0.10979,0.29617,0.49188,0.21766,0.26364,0.24419,0.19355,0.315789141
0.36538,0.27451,0.29518,0.16411,0.10979,0.29617,0.49188,0.21766,0.26364,0.24419,0.19355,0.315789141
0.36538,0.27451,0.29518,0.16411,0.10979,0.29617,0.49188,0.21766,0.26364,0.24419,0.19355,0.315789141
0.39423,0.17647,0.1988,0.14877,0.089021,0.24739,0.471,0.18874,0.19091,0.31395,0.24194,0.368421717
0.39423,0.17647,0.1988,0.14877,0.089021,0.24739,0.471,0.18874,0.19091,0.31395,0.24194,0.368421717
0.39423,0.17647,0.1988,0.14877,0.089021,0.24739,0.471,0.18874,0.19091,0.31395,0.24194,0.368421717
0.39423,0.17647,0.1988,0.14877,0.089021,0.24739,0.471,0.18874,0.19091,0.31395,0.24194,0.368421717
0.39423,0.17647,0.1988,0.14877,0.089021,0.24739,0.471,0.18874,0.19091,0.31395,0.24194,0.368421717
0.30769,0.35294,0.14458,0.17638,0.13947,0.22997,0.46636,0.19414,0.3,0.32558,0.24194,0.315789141
0.36538,0.27451,0.29518,0.16411,0.10979,0.29617,0.49188,0.21766,0.26364,0.24419,0.19355,0.315789141
0.39423,0.17647,0.1988,0.14877,0.089021,0.24739,0.471,0.18874,0.19091,0.31395,0.24194,0.368421717
0.39423,0.17647,0.1988,0.14877,0.089021,0.24739,0.471,0.18874,0.19091,0.31395,0.24194,0.368421717
0.39423,0.17647,0.1988,0.14877,0.089021,0.24739,0.471,0.18874,0.19091,0.31395,0.24194,0.368421717
0.39423,0.17647,0.1988,0.14877,0.089021,0.24739,0.471,0.18874,0.19091,0.31395,0.24194,0.368421717
0.39423,0.17647,0.1988,0.14877,0.089021,0.24739,0.471,0.18874,0.19091,0.31395,0.24194,0.368421717
0.30769,0.35294,0.14458,0.17638,0.13947,0.22997,0.46636,0.19414,0.3,0.32558,0.24194,0.315789141
0.39423,0.17647,0.1988,0.14877,0.089021,0.24739,0.471,0.18874,0.19091,0.31395,0.24194,0.368421717
0.30769,0.35294,0.14458,0.17638,0.13947,0.22997,0.46636,0.19414,0.3,0.32558,0.24194,0.315789141
0.36538,0.27451,0.29518,0.16411,0.10979,0.29617,0.49188,0.21766,0.26364,0.24419,0.19355,0.315789141
0.39423,0.17647,0.1988,0.14877,0.089021,0.24739,0.471,0.18874,0.19091,0.31395,0.24194,0.368421717
0.39423,0.17647,0.1988,0.14877,0.089021,0.24739,0.471,0.18874,0.19091,0.31395,0.24194,0.368421717
0.30769,0.35294,0.14458,0.17638,0.13947,0.22997,0.46636,0.19414,0.3,0.32558,0.24194,0.315789141
0.39423,0.17647,0.1988,0.14877,0.089021,0.24739,0.471,0.18874,0.19091,0.31395,0.24194,0.368421717
0.30769,0.35294,0.14458,0.17638,0.13947,0.22997,0.46636,0.19414,0.3,0.32558,0.24194,0.315789141
0.39423,0.17647,0.1988,0.14877,0.089021,0.24739,0.471,0.18874,0.19091,0.31395,0.24194,0.368421717
0.39423,0.17647,0.1988,0.14877,0.089021,0.24739,0.471,0.18874,0.19091,0.31395,0.24194,0.368421717
0.39423,0.17647,0.1988,0.14877,0.089021,0.24739,0.471,0.18874,0.19091,0.31395,0.24194,0.368421717
0.39423,0.17647,0.1988,0.14877,0.089021,0.24739,0.471,0.18874,0.19091,0.31395,0.24194,0.368421717
0.36538,0.27451,0.29518,0.16411,0.10979,0.29617,0.49188,0.21766,0.26364,0.24419,0.19355,0.315789141
0.30769,0.35294,0.14458,0.17638,0.13947,0.22997,0.46636,0.19414,0.3,0.32558,0.24194,0.315789141
0.30769,0.35294,0.14458,0.17638,0.13947,0.22997,0.46636,0.19414,0.3,0.32558,0.24194,0.315789141
0.39423,0.17647,0.1988,0.14877,0.089021,0.24739,0.471,0.18874,0.19091,0.31395,0.24194,0.368421717
0.39423,0.17647,0.1988,0.14877,0.089021,0.24739,0.471,0.18874,0.19091,0.31395,0.24194,0.368421717
0.39423,0.17647,0.1988,0.14877,0.089021,0.24739,0.471,0.18874,0.19091,0.31395,0.24194,0.368421717
0.36538,0.27451,0.29518,0.16411,0.10979,0.29617,0.49188,0.21766,0.26364,0.24419,0.19355,0.315789141
0.36538,0.27451,0.29518,0.16411,0.10979,0.29617,0.49188,0.21766,0.26364,0.24419,0.19355,0.315789141
0.30769,0.35294,0.14458,0.17638,0.13947,0.22997,0.46636,0.19414,0.3,0.32558,0.24194,0.315789141
0.36538,0.27451,0.29518,0.16411,0.10979,0.29617,0.49188,0.21766,0.26364,0.24419,0.19355,0.315789141
0.26923,0.20588,0.26506,0.12883,0.13056,0.20906,0.39211,0.18778,0.27273,0.26744,0.14516,0.315789141
0.39423,0.17647,0.1988,0.14877,0.089021,0.24739,0.471,0.18874,0.19091,0.31395,0.24194,0.368421717
0.35577,0.26471,0.28916,0.18098,0.13947,0.20557,0.38863,0.21053,0.22727,0.34884,0.12903,0.315789141
0.39423,0.17647,0.1988,0.14877,0.089021,0.24739,0.471,0.18874,0.19091,0.31395,0.24194,0.368421717
0.39423,0.17647,0.1988,0.14877,0.089021,0.24739,0.471,0.18874,0.19091,0.31395,0.24194,0.368421717
0.30769,0.35294,0.14458,0.17638,0.13947,0.22997,0.46636,0.19414,0.3,0.32558,0.24194,0.315789141
0.39423,0.17647,0.1988,0.14877,0.089021,0.24739,0.471,0.18874,0.19091,0.31395,0.24194,0.368421717
0.39423,0.17647,0.1988,0.14877,0.089021,0.24739,0.471,0.18874,0.19091,0.31395,0.24194,0.368421717
0.39423,0.17647,0.1988,0.14877,0.089021,0.24739,0.471,0.18874,0.19091,0.31395,0.24194,0.368421717
0.36538,0.27451,0.29518,0.16411,0.10979,0.29617,0.49188,0.21766,0.26364,0.24419,0.19355,0.315789141
0.36538,0.27451,0.29518,0.16411,0.10979,0.29617,0.49188,0.21766,0.26364,0.24419,0.19355,0.315789141
0.39423,0.17647,0.1988,0.14877,0.089021,0.24739,0.471,0.18874,0.19091,0.31395,0.24194,0.368421717
0.30769,0.35294,0.14458,0.17638,0.13947,0.22997,0.46636,0.19414,0.3,0.32558,0.24194,0.315789141
0.30769,0.35294,0.14458,0.17638,0.13947,0.22997,0.46636,0.19414,0.3,0.32558,0.24194,0.315789141
0.30769,0.35294,0.14458,0.17638,0.13947,0.22997,0.46636,0.19414,0.3,0.32558,0.24194,0.315789141
0.39423,0.17647,0.1988,0.14877,0.089021,0.24739,0.471,0.18874,0.19091,0.31395,0.24194,0.368421717
0.26923,0.20588,0.26506,0.12883,0.13056,0.20906,0.39211,0.18778,0.27273,0.26744,0.14516,0.315789141
0.39423,0.17647,0.1988,0.14877,0.089021,0.24739,0.471,0.18874,0.19091,0.31395,0.24194,0.368421717
0.39423,0.17647,0.1988,0.14877,0.089021,0.24739,0.471,0.18874,0.19091,0.31395,0.24194,0.368421717
0.30769,0.35294,0.14458,0.17638,0.13947,0.22997,0.46636,0.19414,0.3,0.32558,0.24194,0.315789141
0.30769,0.35294,0.14458,0.17638,0.13947,0.22997,0.46636,0.19414,0.3,0.32558,0.24194,0.315789141
0.39423,0.17647,0.1988,0.14877,0.089021,0.24739,0.471,0.18874,0.19091,0.31395,0.24194,0.684210859
0.39423,0.17647,0.1988,0.14877,0.089021,0.24739,0.471,0.18874,0.19091,0.31395,0.24194,0.684210859
0.39423,0.17647,0.1988,0.14877,0.089021,0.24739,0.471,0.18874,0.19091,0.31395,0.24194,0.684210859
0.36538,0.27451,0.29518,0.16411,0.10979,0.29617,0.49188,0.21766,0.26364,0.24419,0.19355,0.631578283
0.30769,0.35294,0.14458,0.17638,0.13947,0.22997,0.46636,0.19414,0.3,0.32558,0.24194,0.631578283
0.30769,0.35294,0.14458,0.17638,0.13947,0.22997,0.46636,0.19414,0.3,0.32558,0.24194,0.631578283
0.30769,0.35294,0.14458,0.17638,0.13947,0.22997,0.46636,0.19414,0.3,0.32558,0.24194,0.631578283
0.39423,0.17647,0.1988,0.14877,0.089021,0.24739,0.471,0.18874,0.19091,0.31395,0.24194,0.684210859
0.39423,0.17647,0.1988,0.14877,0.089021,0.24739,0.471,0.18874,0.19091,0.31395,0.24194,0.684210859
0.30769,0.35294,0.14458,0.17638,0.13947,0.22997,0.46636,0.19414,0.3,0.32558,0.24194,0.631578283
0.39423,0.17647,0.1988,0.14877,0.089021,0.24739,0.471,0.18874,0.19091,0.31395,0.24194,0.684210859
0.39423,0.17647,0.1988,0.14877,0.089021,0.24739,0.471,0.18874,0.19091,0.31395,0.24194,0.684210859
0.30769,0.35294,0.14458,0.17638,0.13947,0.22997,0.46636,0.19414,0.3,0.32558,0.24194,0.631578283
0.30769,0.35294,0.14458,0.17638,0.13947,0.22997,0.46636,0.19414,0.3,0.32558,0.24194,0.631578283
0.39423,0.17647,0.1988,0.14877,0.089021,0.24739,0.471,0.18874,0.19091,0.31395,0.24194,0.684210859
0.39423,0.17647,0.1988,0.14877,0.089021,0.24739,0.471,0.18874,0.19091,0.31395,0.24194,0.684210859
0.39423,0.17647,0.1988,0.14877,0.089021,0.24739,0.471,0.18874,0.19091,0.31395,0.24194,0.684210859
0.30769,0.35294,0.14458,0.17638,0.13947,0.22997,0.46636,0.19414,0.3,0.32558,0.24194,0.631578283
0.36538,0.27451,0.29518,0.16411,0.10979,0.29617,0.49188,0.21766,0.26364,0.24419,0.19355,0.631578283
0.36538,0.27451,0.29518,0.16411,0.10979,0.29617,0.49188,0.21766,0.26364,0.24419,0.19355,0.631578283
0.30769,0.35294,0.14458,0.17638,0.13947,0.22997,0.46636,0.19414,0.3,0.32558,0.24194,0.631578283
0.39423,0.17647,0.1988,0.14877,0.089021,0.24739,0.471,0.18874,0.19091,0.31395,0.24194,0.684210859
0.39423,0.17647,0.1988,0.14877,0.089021,0.24739,0.471,0.18874,0.19091,0.31395,0.24194,0.684210859
0.30769,0.35294,0.14458,0.17638,0.13947,0.22997,0.46636,0.19414,0.3,0.32558,0.24194,0.631578283
0.39423,0.17647,0.1988,0.14877,0.089021,0.24739,0.471,0.18874,0.19091,0.31395,0.24194,0.684210859
0.36538,0.28431,0.30723,0.17025,0.25223,0.19512,0.39907,0.20532,0.17273,0.33721,0.16129,0.631578283
0.39423,0.17647,0.1988,0.14877,0.089021,0.24739,0.471,0.18874,0.19091,0.31395,0.24194,0.684210859
0.30769,0.35294,0.14458,0.17638,0.13947,0.22997,0.46636,0.19414,0.3,0.32558,0.24194,0.631578283
0.30769,0.35294,0.14458,0.17638,0.13947,0.22997,0.46636,0.19414,0.3,0.32558,0.24194,0.631578283
0.39423,0.17647,0.1988,0.14877,0.089021,0.24739,0.471,0.18874,0.19091,0.31395,0.24194,0.684210859
0.36538,0.27451,0.29518,0.16411,0.10979,0.29617,0.49188,0.21766,0.26364,0.24419,0.19355,0.631578283
0.39423,0.17647,0.1988,0.14877,0.089021,0.24739,0.471,0.18874,0.19091,0.31395,0.24194,0.684210859
0.30769,0.35294,0.14458,0.17638,0.13947,0.22997,0.46636,0.19414,0.3,0.32558,0.24194,0.631578283
0.39423,0.17647,0.1988,0.14877,0.089021,0.24739,0.471,0.18874,0.19091,0.31395,0.24194,0.684210859
0.39423,0.17647,0.1988,0.14877,0.089021,0.24739,0.471,0.18874,0.19091,0.31395,0.24194,0.684210859
0.30769,0.35294,0.14458,0.17638,0.13947,0.22997,0.46636,0.19414,0.3,0.32558,0.24194,0.631578283
0.30769,0.35294,0.14458,0.17638,0.13947,0.22997,0.46636,0.19414,0.3,0.32558,0.24194,0.631578283
0.39423,0.17647,0.1988,0.14877,0.089021,0.24739,0.471,0.18874,0.19091,0.31395,0.24194,0.684210859
0.36538,0.27451,0.29518,0.16411,0.10979,0.29617,0.49188,0.21766,0.26364,0.24419,0.19355,0.631578283
0.39423,0.17647,0.1988,0.14877,0.089021,0.24739,0.471,0.18874,0.19091,0.31395,0.24194,0.684210859
0.36538,0.27451,0.29518,0.16411,0.10979,0.29617,0.49188,0.21766,0.26364,0.24419,0.19355,0.631578283
0.39423,0.17647,0.1988,0.14877,0.089021,0.24739,0.471,0.18874,0.19091,0.31395,0.24194,0.684210859
0.375,0.16667,0.18072,0.11043,0.086053,0.22648,0.43387,0.16271,0.34545,0.32558,0.33871,0.631578283
0.36538,0.27451,0.29518,0.16411,0.10979,0.29617,0.49188,0.21766,0.26364,0.24419,0.19355,0.631578283
0.39423,0.17647,0.1988,0.14877,0.089021,0.24739,0.471,0.18874,0.19091,0.31395,0.24194,0.684210859
0.39423,0.17647,0.1988,0.14877,0.089021,0.24739,0.471,0.18874,0.19091,0.31395,0.24194,0.684210859
0.39423,0.17647,0.1988,0.14877,0.089021,0.24739,0.471,0.18874,0.19091,0.31395,0.24194,0.684210859
0.39423,0.17647,0.1988,0.14877,0.089021,0.24739,0.471,0.18874,0.19091,0.31395,0.24194,0.684210859
0.39423,0.17647,0.1988,0.14877,0.089021,0.24739,0.471,0.18874,0.19091,0.31395,0.24194,0.684210859
0.39423,0.17647,0.1988,0.14877,0.089021,0.24739,0.471,0.18874,0.19091,0.31395,0.24194,0.684210859
0.39423,0.17647,0.1988,0.14877,0.089021,0.24739,0.471,0.18874,0.19091,0.31395,0.24194,0.684210859
0.30769,0.35294,0.14458,0.17638,0.13947,0.22997,0.46636,0.19414,0.3,0.32558,0.24194,0.631578283
0.39423,0.17647,0.1988,0.14877,0.089021,0.24739,0.471,0.18874,0.19091,0.31395,0.24194,0.684210859
0.39423,0.17647,0.1988,0.14877,0.089021,0.24739,0.471,0.18874,0.19091,0.31395,0.24194,0.684210859
0.39423,0.17647,0.1988,0.14877,0.089021,0.24739,0.471,0.18874,0.19091,0.31395,0.24194,0.684210859
0.39423,0.17647,0.1988,0.14877,0.089021,0.24739,0.471,0.18874,0.19091,0.31395,0.24194,0.684210859
0.39423,0.17647,0.1988,0.14877,0.089021,0.24739,0.471,0.18874,0.19091,0.31395,0.24194,0.684210859
0.30769,0.35294,0.14458,0.17638,0.13947,0.22997,0.46636,0.19414,0.3,0.32558,0.24194,0.631578283
0.39423,0.17647,0.1988,0.14877,0.089021,0.24739,0.471,0.18874,0.19091,0.31395,0.24194,0.684210859
0.39423,0.17647,0.1988,0.14877,0.089021,0.24739,0.471,0.18874,0.19091,0.31395,0.24194,0.684210859
0.39423,0.17647,0.1988,0.14877,0.089021,0.24739,0.471,0.18874,0.19091,0.31395,0.24194,0.684210859
0.30769,0.35294,0.14458,0.17638,0.13947,0.22997,0.46636,0.19414,0.3,0.32558,0.24194,0.631578283
0.30769,0.35294,0.14458,0.17638,0.13947,0.22997,0.46636,0.19414,0.3,0.32558,0.24194,0.631578283
0.39423,0.17647,0.1988,0.14877,0.089021,0.24739,0.471,0.18874,0.19091,0.31395,0.24194,0.684210859
0.36538,0.27451,0.29518,0.16411,0.10979,0.29617,0.49188,0.21766,0.26364,0.24419,0.19355,0.631578283
0.30769,0.35294,0.14458,0.17638,0.13947,0.22997,0.46636,0.19414,0.3,0.32558,0.24194,0.631578283
0.39423,0.17647,0.1988,0.14877,0.089021,0.24739,0.471,0.18874,0.19091,0.31395,0.24194,0.684210859
0.39423,0.17647,0.1988,0.14877,0.089021,0.24739,0.471,0.18874,0.19091,0.31395,0.24194,0.684210859
0.39423,0.17647,0.1988,0.14877,0.089021,0.24739,0.471,0.18874,0.19091,0.31395,0.24194,0.684210859
0.30769,0.35294,0.14458,0.17638,0.13947,0.22997,0.46636,0.19414,0.3,0.32558,0.24194,0.631578283
0.30769,0.35294,0.14458,0.17638,0.13947,0.22997,0.46636,0.19414,0.3,0.32558,0.24194,0.631578283
0.39423,0.17647,0.1988,0.14877,0.089021,0.24739,0.471,0.18874,0.19091,0.31395,0.24194,0.684210859
0.39423,0.17647,0.1988,0.14877,0.089021,0.24739,0.471,0.18874,0.19091,0.31395,0.24194,0.684210859
0.39423,0.17647,0.1988,0.14877,0.089021,0.24739,0.471,0.18874,0.19091,0.31395,0.24194,0.684210859
0.36538,0.27451,0.29518,0.16411,0.10979,0.29617,0.49188,0.21766,0.26364,0.24419,0.19355,0.631578283
0.30769,0.35294,0.14458,0.17638,0.13947,0.22997,0.46636,0.19414,0.3,0.32558,0.24194,0.631578283
0.39423,0.17647,0.1988,0.14877,0.089021,0.24739,0.471,0.18874,0.19091,0.31395,0.24194,0.684210859
0.39423,0.17647,0.1988,0.14877,0.089021,0.24739,0.471,0.18874,0.19091,0.31395,0.24194,0.684210859
0.30769,0.35294,0.14458,0.17638,0.13947,0.22997,0.46636,0.19414,0.3,0.32558,0.24194,0.631578283
0.39423,0.17647,0.1988,0.14877,0.089021,0.24739,0.471,0.18874,0.19091,0.31395,0.24194,0.684210859
0.30769,0.35294,0.14458,0.17638,0.13947,0.22997,0.46636,0.19414,0.3,0.32558,0.24194,0.631578283
0.30769,0.35294,0.14458,0.17638,0.13947,0.22997,0.46636,0.19414,0.3,0.32558,0.24194,0.631578283
0.36538,0.27451,0.29518,0.16411,0.10979,0.29617,0.49188,0.21766,0.26364,0.24419,0.19355,0.631578283
0.39423,0.17647,0.1988,0.14877,0.089021,0.24739,0.471,0.18874,0.19091,0.31395,0.24194,0.684210859
0.39423,0.17647,0.1988,0.14877,0.089021,0.24739,0.471,0.18874,0.19091,0.31395,0.24194,0.684210859
0.30769,0.35294,0.14458,0.17638,0.13947,0.22997,0.46636,0.19414,0.3,0.32558,0.24194,0.631578283
0.39423,0.17647,0.1988,0.14877,0.089021,0.24739,0.471,0.18874,0.19091,0.31395,0.24194,0.684210859
0.36538,0.27451,0.29518,0.16411,0.10979,0.29617,0.49188,0.21766,0.26364,0.24419,0.19355,0.631578283
0.36538,0.27451,0.29518,0.16411,0.10979,0.29617,0.49188,0.21766,0.26364,0.24419,0.19355,0.631578283
0.30769,0.35294,0.14458,0.17638,0.13947,0.22997,0.46636,0.19414,0.3,0.32558,0.24194,0.631578283
0.39423,0.17647,0.1988,0.14877,0.089021,0.24739,0.471,0.18874,0.19091,0.31395,0.24194,0.684210859
0.36538,0.27451,0.29518,0.16411,0.10979,0.29617,0.49188,0.21766,0.26364,0.24419,0.19355,0.631578283
0.30769,0.35294,0.14458,0.17638,0.13947,0.22997,0.46636,0.19414,0.3,0.32558,0.24194,0.631578283
0.39423,0.17647,0.1988,0.14877,0.089021,0.24739,0.471,0.18874,0.19091,0.31395,0.24194,0.684210859
0.39423,0.17647,0.1988,0.14877,0.089021,0.24739,0.471,0.18874,0.19091,0.31395,0.24194,0.684210859
0.30769,0.35294,0.14458,0.17638,0.13947,0.22997,0.46636,0.19414,0.3,0.32558,0.24194,0.631578283
0.30769,0.35294,0.14458,0.17638,0.13947,0.22997,0.46636,0.19414,0.3,0.32558,0.24194,0.631578283
0.30769,0.35294,0.14458,0.17638,0.13947,0.22997,0.46636,0.19414,0.3,0.32558,0.24194,0.631578283
0.39423,0.17647,0.1988,0.14877,0.089021,0.24739,0.471,0.18874,0.19091,0.31395,0.24194,0.684210859
0.39423,0.17647,0.1988,0.14877,0.089021,0.24739,0.471,0.18874,0.19091,0.31395,0.24194,0.684210859
0.26923,0.20588,0.26506,0.12883,0.13056,0.20906,0.39211,0.18778,0.27273,0.26744,0.14516,0.631578283
0.39423,0.17647,0.1988,0.14877,0.089021,0.24739,0.471,0.18874,0.19091,0.31395,0.24194,0.684210859
0.39423,0.17647,0.1988,0.14877,0.089021,0.24739,0.471,0.18874,0.19091,0.31395,0.24194,0.684210859
0.39423,0.17647,0.1988,0.14877,0.089021,0.24739,0.471,0.18874,0.19091,0.31395,0.24194,0.684210859
0.30769,0.35294,0.14458,0.17638,0.13947,0.22997,0.46636,0.19414,0.3,0.32558,0.24194,0.631578283
0.36538,0.27451,0.29518,0.16411,0.10979,0.29617,0.49188,0.21766,0.26364,0.24419,0.19355,0.631578283
0.30769,0.35294,0.14458,0.17638,0.13947,0.22997,0.46636,0.19414,0.3,0.32558,0.24194,0.631578283
0.39423,0.17647,0.1988,0.14877,0.089021,0.24739,0.471,0.18874,0.19091,0.31395,0.24194,0.684210859
0.39423,0.17647,0.1988,0.14877,0.089021,0.24739,0.471,0.18874,0.19091,0.31395,0.24194,0.684210859
0.39423,0.17647,0.1988,0.14877,0.089021,0.24739,0.471,0.18874,0.19091,0.31395,0.24194,0.684210859
0.30769,0.35294,0.14458,0.17638,0.13947,0.22997,0.46636,0.19414,0.3,0.32558,0.24194,0.631578283
0.30769,0.35294,0.14458,0.17638,0.13947,0.22997,0.46636,0.19414,0.3,0.32558,0.24194,0.631578283
0.39423,0.17647,0.1988,0.14877,0.089021,0.24739,0.471,0.18874,0.19091,0.31395,0.24194,0.684210859
0.36538,0.27451,0.29518,0.16411,0.10979,0.29617,0.49188,0.21766,0.26364,0.24419,0.19355,0.631578283
0.39423,0.17647,0.1988,0.14877,0.089021,0.24739,0.471,0.18874,0.19091,0.31395,0.24194,0.684210859
0.36538,0.27451,0.29518,0.16411,0.10979,0.29617,0.49188,0.21766,0.26364,0.24419,0.19355,0.631578283
0.36538,0.27451,0.29518,0.16411,0.10979,0.29617,0.49188,0.21766,0.26364,0.24419,0.19355,0.631578283
0.30769,0.35294,0.14458,0.17638,0.13947,0.22997,0.46636,0.19414,0.3,0.32558,0.24194,0.631578283
0.30769,0.35294,0.14458,0.17638,0.13947,0.22997,0.46636,0.19414,0.3,0.32558,0.24194,0.631578283
0.36538,0.27451,0.29518,0.16411,0.10979,0.29617,0.49188,0.21766,0.26364,0.24419,0.19355,0.631578283
0.39423,0.17647,0.1988,0.14877,0.089021,0.24739,0.471,0.18874,0.19091,0.31395,0.24194,0.684210859
0.39423,0.17647,0.1988,0.14877,0.089021,0.24739,0.471,0.18874,0.19091,0.31395,0.24194,0.684210859
0.375,0.16667,0.18072,0.11043,0.086053,0.22648,0.43387,0.16271,0.34545,0.32558,0.33871,0.631578283
0.36538,0.27451,0.29518,0.16411,0.10979,0.29617,0.49188,0.21766,0.26364,0.24419,0.19355,0.631578283
0.39423,0.17647,0.1988,0.14877,0.089021,0.24739,0.471,0.18874,0.19091,0.31395,0.24194,0.684210859
0.36538,0.27451,0.29518,0.16411,0.10979,0.29617,0.49188,0.21766,0.26364,0.24419,0.19355,0.631578283
0.39423,0.17647,0.1988,0.14877,0.089021,0.24739,0.471,0.18874,0.19091,0.31395,0.24194,0.684210859
0.39423,0.17647,0.1988,0.14877,0.089021,0.24739,0.471,0.18874,0.19091,0.31395,0.24194,0.684210859
0.30769,0.35294,0.14458,0.17638,0.13947,0.22997,0.46636,0.19414,0.3,0.32558,0.24194,0.631578283
0.30769,0.35294,0.14458,0.17638,0.13947,0.22997,0.46636,0.19414,0.3,0.32558,0.24194,0.631578283
0.30769,0.35294,0.14458,0.17638,0.13947,0.22997,0.46636,0.19414,0.3,0.32558,0.24194,0.631578283
0.39423,0.17647,0.1988,0.14877,0.089021,0.24739,0.471,0.18874,0.19091,0.31395,0.24194,0.684210859
0.36538,0.27451,0.29518,0.16411,0.10979,0.29617,0.49188,0.21766,0.26364,0.24419,0.19355,0.631578283
0.39423,0.17647,0.1988,0.14877,0.089021,0.24739,0.471,0.18874,0.19091,0.31395,0.24194,0.684210859
0.36538,0.27451,0.29518,0.16411,0.10979,0.29617,0.49188,0.21766,0.26364,0.24419,0.19355,0.631578283
0.30769,0.35294,0.14458,0.17638,0.13947,0.22997,0.46636,0.19414,0.3,0.32558,0.24194,0.631578283
0.30769,0.35294,0.14458,0.17638,0.13947,0.22997,0.46636,0.19414,0.3,0.32558,0.24194,0.631578283
0.30769,0.35294,0.14458,0.17638,0.13947,0.22997,0.46636,0.19414,0.3,0.32558,0.24194,0.631578283
0.36538,0.27451,0.29518,0.16411,0.10979,0.29617,0.49188,0.21766,0.26364,0.24419,0.19355,0.631578283
0.30769,0.35294,0.14458,0.17638,0.13947,0.22997,0.46636,0.19414,0.3,0.32558,0.24194,0.631578283
0.30769,0.35294,0.14458,0.17638,0.13947,0.22997,0.46636,0.19414,0.3,0.32558,0.24194,0.631578283
0.39423,0.17647,0.1988,0.14877,0.089021,0.24739,0.471,0.18874,0.19091,0.31395,0.24194,0.684210859
0.30769,0.35294,0.14458,0.17638,0.13947,0.22997,0.46636,0.19414,0.3,0.32558,0.24194,0.631578283
0.30769,0.35294,0.14458,0.17638,0.13947,0.22997,0.46636,0.19414,0.3,0.32558,0.24194,0.631578283
0.39423,0.17647,0.1988,0.14877,0.089021,0.24739,0.471,0.18874,0.19091,0.31395,0.24194,0.684210859
0.39423,0.17647,0.1988,0.14877,0.089021,0.24739,0.471,0.18874,0.19091,0.31395,0.24194,0.684210859
0.39423,0.17647,0.1988,0.14877,0.089021,0.24739,0.471,0.18874,0.19091,0.31395,0.24194,0.684210859
0.36538,0.27451,0.29518,0.16411,0.10979,0.29617,0.49188,0.21766,0.26364,0.24419,0.19355,0.631578283
0.39423,0.17647,0.1988,0.14877,0.089021,0.24739,0.471,0.18874,0.19091,0.31395,0.24194,0.684210859
0.30769,0.35294,0.14458,0.17638,0.13947,0.22997,0.46636,0.19414,0.3,0.32558,0.24194,0.631578283
0.30769,0.35294,0.14458,0.17638,0.13947,0.22997,0.46636,0.19414,0.3,0.32558,0.24194,0.631578283
0.30769,0.35294,0.14458,0.17638,0.13947,0.22997,0.46636,0.19414,0.3,0.32558,0.24194,0.631578283
0.39423,0.17647,0.1988,0.14877,0.089021,0.24739,0.471,0.18874,0.19091,0.31395,0.24194,0.684210859
0.30769,0.35294,0.14458,0.17638,0.13947,0.22997,0.46636,0.19414,0.3,0.32558,0.24194,0.631578283
0.39423,0.17647,0.1988,0.14877,0.089021,0.24739,0.471,0.18874,0.19091,0.31395,0.24194,0.684210859
0.36538,0.27451,0.29518,0.16411,0.10979,0.29617,0.49188,0.21766,0.26364,0.24419,0.19355,0.631578283
0.39423,0.17647,0.1988,0.14877,0.089021,0.24739,0.471,0.18874,0.19091,0.31395,0.24194,0.684210859
0.36538,0.30392,0.27711,0.17025,0.22255,0.18467,0.37355,0.20474,0.17273,0.33721,0.16129,0.631578283
0.36538,0.27451,0.29518,0.16411,0.10979,0.29617,0.49188,0.21766,0.26364,0.24419,0.19355,0.631578283
0.39423,0.17647,0.1988,0.14877,0.089021,0.24739,0.471,0.18874,0.19091,0.31395,0.24194,0.684210859
0.30769,0.35294,0.14458,0.17638,0.13947,0.22997,0.46636,0.19414,0.3,0.32558,0.24194,0.631578283
0.39423,0.17647,0.1988,0.14877,0.089021,0.24739,0.471,0.18874,0.19091,0.31395,0.24194,0.684210859
0.39423,0.17647,0.1988,0.14877,0.089021,0.24739,0.471,0.18874,0.19091,0.31395,0.24194,0.684210859
0.39423,0.17647,0.1988,0.14877,0.089021,0.24739,0.471,0.18874,0.19091,0.31395,0.24194,0.684210859
0.39423,0.17647,0.1988,0.14877,0.089021,0.24739,0.471,0.18874,0.19091,0.31395,0.24194,0.684210859
0.39423,0.17647,0.1988,0.14877,0.089021,0.24739,0.471,0.18874,0.19091,0.31395,0.24194,0.684210859
0.39423,0.17647,0.1988,0.14877,0.089021,0.24739,0.471,0.18874,0.19091,0.31395,0.24194,0.684210859
0.39423,0.17647,0.1988,0.14877,0.089021,0.24739,0.471,0.18874,0.19091,0.31395,0.24194,0.684210859
0.39423,0.17647,0.1988,0.14877,0.089021,0.24739,0.471,0.18874,0.19091,0.31395,0.24194,0.684210859
0.39423,0.17647,0.1988,0.14877,0.089021,0.24739,0.471,0.18874,0.19091,0.31395,0.24194,0.684210859
0.30769,0.35294,0.14458,0.17638,0.13947,0.22997,0.46636,0.19414,0.3,0.32558,0.24194,0.631578283
0.39423,0.17647,0.1988,0.14877,0.089021,0.24739,0.471,0.18874,0.19091,0.31395,0.24194,0.684210859
0.36538,0.27451,0.29518,0.16411,0.10979,0.29617,0.49188,0.21766,0.26364,0.24419,0.19355,0.631578283
0.39423,0.17647,0.1988,0.14877,0.089021,0.24739,0.471,0.18874,0.19091,0.31395,0.24194,0.684210859
0.30769,0.35294,0.14458,0.17638,0.13947,0.22997,0.46636,0.19414,0.3,0.32558,0.24194,0.631578283
0.39423,0.17647,0.1988,0.14877,0.089021,0.24739,0.471,0.18874,0.19091,0.31395,0.24194,0.684210859
0.39423,0.17647,0.1988,0.14877,0.089021,0.24739,0.471,0.18874,0.19091,0.31395,0.24194,0.684210859
0.30769,0.35294,0.14458,0.17638,0.13947,0.22997,0.46636,0.19414,0.3,0.32558,0.24194,0.631578283
0.39423,0.17647,0.1988,0.14877,0.089021,0.24739,0.471,0.18874,0.19091,0.31395,0.24194,0.684210859
0.30769,0.35294,0.14458,0.17638,0.13947,0.22997,0.46636,0.19414,0.3,0.32558,0.24194,0.631578283
0.36538,0.27451,0.29518,0.16411,0.10979,0.29617,0.49188,0.21766,0.26364,0.24419,0.19355,0.631578283
0.25,0.18627,0.1747,0.050613,0.074184,0.20906,0.30394,0.10141,0.34545,0.43023,0.5,0.684210859
0.39423,0.17647,0.1988,0.14877,0.089021,0.24739,0.471,0.18874,0.19091,0.31395,0.24194,0.684210859
0.39423,0.17647,0.1988,0.14877,0.089021,0.24739,0.471,0.18874,0.19091,0.31395,0.24194,0.684210859
0.36538,0.27451,0.29518,0.16411,0.10979,0.29617,0.49188,0.21766,0.26364,0.24419,0.19355,0.631578283
0.36538,0.27451,0.29518,0.16411,0.10979,0.29617,0.49188,0.21766,0.26364,0.24419,0.19355,0.631578283
0.36538,0.27451,0.29518,0.16411,0.10979,0.29617,0.49188,0.21766,0.26364,0.24419,0.19355,0.631578283
0.36538,0.27451,0.29518,0.16411,0.10979,0.29617,0.49188,0.21766,0.26364,0.24419,0.19355,0.631578283
0.39423,0.17647,0.1988,0.14877,0.089021,0.24739,0.471,0.18874,0.19091,0.31395,0.24194,0.684210859
0.39423,0.17647,0.1988,0.14877,0.089021,0.24739,0.471,0.18874,0.19091,0.31395,0.24194,0.684210859
0.39423,0.17647,0.1988,0.14877,0.089021,0.24739,0.471,0.18874,0.19091,0.31395,0.24194,0.684210859
0.39423,0.17647,0.1988,0.14877,0.089021,0.24739,0.471,0.18874,0.19091,0.31395,0.24194,0.684210859
0.39423,0.17647,0.1988,0.14877,0.089021,0.24739,0.471,0.18874,0.19091,0.31395,0.24194,0.684210859
0.30769,0.35294,0.14458,0.17638,0.13947,0.22997,0.46636,0.19414,0.3,0.32558,0.24194,0.631578283
0.36538,0.27451,0.29518,0.16411,0.10979,0.29617,0.49188,0.21766,0.26364,0.24419,0.19355,0.631578283
0.39423,0.17647,0.1988,0.14877,0.089021,0.24739,0.471,0.18874,0.19091,0.31395,0.24194,0.684210859
0.39423,0.17647,0.1988,0.14877,0.089021,0.24739,0.471,0.18874,0.19091,0.31395,0.24194,0.684210859
0.39423,0.17647,0.1988,0.14877,0.089021,0.24739,0.471,0.18874,0.19091,0.31395,0.24194,0.684210859
0.39423,0.17647,0.1988,0.14877,0.089021,0.24739,0.471,0.18874,0.19091,0.31395,0.24194,0.684210859
0.39423,0.17647,0.1988,0.14877,0.089021,0.24739,0.471,0.18874,0.19091,0.31395,0.24194,0.684210859
0.30769,0.35294,0.14458,0.17638,0.13947,0.22997,0.46636,0.19414,0.3,0.32558,0.24194,0.631578283
0.39423,0.17647,0.1988,0.14877,0.089021,0.24739,0.471,0.18874,0.19091,0.31395,0.24194,0.684210859
0.30769,0.35294,0.14458,0.17638,0.13947,0.22997,0.46636,0.19414,0.3,0.32558,0.24194,0.631578283
0.36538,0.27451,0.29518,0.16411,0.10979,0.29617,0.49188,0.21766,0.26364,0.24419,0.19355,0.631578283
0.39423,0.17647,0.1988,0.14877,0.089021,0.24739,0.471,0.18874,0.19091,0.31395,0.24194,0.684210859
0.39423,0.17647,0.1988,0.14877,0.089021,0.24739,0.471,0.18874,0.19091,0.31395,0.24194,0.684210859
0.30769,0.35294,0.14458,0.17638,0.13947,0.22997,0.46636,0.19414,0.3,0.32558,0.24194,0.631578283
0.39423,0.17647,0.1988,0.14877,0.089021,0.24739,0.471,0.18874,0.19091,0.31395,0.24194,0.684210859
0.30769,0.35294,0.14458,0.17638,0.13947,0.22997,0.46636,0.19414,0.3,0.32558,0.24194,0.631578283
0.39423,0.17647,0.1988,0.14877,0.089021,0.24739,0.471,0.18874,0.19091,0.31395,0.24194,0.684210859
0.39423,0.17647,0.1988,0.14877,0.089021,0.24739,0.471,0.18874,0.19091,0.31395,0.24194,0.684210859
0.39423,0.17647,0.1988,0.14877,0.089021,0.24739,0.471,0.18874,0.19091,0.31395,0.24194,0.684210859
0.39423,0.17647,0.1988,0.14877,0.089021,0.24739,0.471,0.18874,0.19091,0.31395,0.24194,0.684210859
0.36538,0.27451,0.29518,0.16411,0.10979,0.29617,0.49188,0.21766,0.26364,0.24419,0.19355,0.631578283
0.30769,0.35294,0.14458,0.17638,0.13947,0.22997,0.46636,0.19414,0.3,0.32558,0.24194,0.631578283
0.30769,0.35294,0.14458,0.17638,0.13947,0.22997,0.46636,0.19414,0.3,0.32558,0.24194,0.631578283
0.39423,0.17647,0.1988,0.14877,0.089021,0.24739,0.471,0.18874,0.19091,0.31395,0.24194,0.684210859
0.39423,0.17647,0.1988,0.14877,0.089021,0.24739,0.471,0.18874,0.19091,0.31395,0.24194,0.684210859
0.39423,0.17647,0.1988,0.14877,0.089021,0.24739,0.471,0.18874,0.19091,0.31395,0.24194,0.684210859
0.36538,0.27451,0.29518,0.16411,0.10979,0.29617,0.49188,0.21766,0.26364,0.24419,0.19355,0.631578283
0.36538,0.27451,0.29518,0.16411,0.10979,0.29617,0.49188,0.21766,0.26364,0.24419,0.19355,0.631578283
0.30769,0.35294,0.14458,0.17638,0.13947,0.22997,0.46636,0.19414,0.3,0.32558,0.24194,0.631578283
0.36538,0.27451,0.29518,0.16411,0.10979,0.29617,0.49188,0.21766,0.26364,0.24419,0.19355,0.631578283
0.26923,0.20588,0.26506,0.12883,0.13056,0.20906,0.39211,0.18778,0.27273,0.26744,0.14516,0.631578283
0.39423,0.17647,0.1988,0.14877,0.089021,0.24739,0.471,0.18874,0.19091,0.31395,0.24194,0.684210859
0.35577,0.26471,0.28916,0.18098,0.13947,0.20557,0.38863,0.21053,0.22727,0.34884,0.12903,0.631578283
0.39423,0.17647,0.1988,0.14877,0.089021,0.24739,0.471,0.18874,0.19091,0.31395,0.24194,0.684210859
0.39423,0.17647,0.1988,0.14877,0.089021,0.24739,0.471,0.18874,0.19091,0.31395,0.24194,0.684210859
0.30769,0.35294,0.14458,0.17638,0.13947,0.22997,0.46636,0.19414,0.3,0.32558,0.24194,0.631578283
0.39423,0.17647,0.1988,0.14877,0.089021,0.24739,0.471,0.18874,0.19091,0.31395,0.24194,0.684210859
0.39423,0.17647,0.1988,0.14877,0.089021,0.24739,0.471,0.18874,0.19091,0.31395,0.24194,0.684210859
0.39423,0.17647,0.1988,0.14877,0.089021,0.24739,0.471,0.18874,0.19091,0.31395,0.24194,0.684210859
0.36538,0.27451,0.29518,0.16411,0.10979,0.29617,0.49188,0.21766,0.26364,0.24419,0.19355,0.631578283
0.36538,0.27451,0.29518,0.16411,0.10979,0.29617,0.49188,0.21766,0.26364,0.24419,0.19355,0.631578283
0.39423,0.17647,0.1988,0.14877,0.089021,0.24739,0.471,0.18874,0.19091,0.31395,0.24194,0.684210859
0.30769,0.35294,0.14458,0.17638,0.13947,0.22997,0.46636,0.19414,0.3,0.32558,0.24194,0.631578283
0.30769,0.35294,0.14458,0.17638,0.13947,0.22997,0.46636,0.19414,0.3,0.32558,0.24194,0.631578283
0.30769,0.35294,0.14458,0.17638,0.13947,0.22997,0.46636,0.19414,0.3,0.32558,0.24194,0.631578283
0.39423,0.17647,0.1988,0.14877,0.089021,0.24739,0.471,0.18874,0.19091,0.31395,0.24194,0.684210859
0.26923,0.20588,0.26506,0.12883,0.13056,0.20906,0.39211,0.18778,0.27273,0.26744,0.14516,0.631578283
0.39423,0.17647,0.1988,0.14877,0.089021,0.24739,0.471,0.18874,0.19091,0.31395,0.24194,0.684210859
0.39423,0.17647,0.1988,0.14877,0.089021,0.24739,0.471,0.18874,0.19091,0.31395,0.24194,0.684210859
0.30769,0.35294,0.14458,0.17638,0.13947,0.22997,0.46636,0.19414,0.3,0.32558,0.24194,0.631578283
0.30769,0.35294,0.14458,0.17638,0.13947,0.22997,0.46636,0.19414,0.3,0.32558,0.24194,0.631578283
0.39423,0.17647,0.1988,0.14877,0.089021,0.24739,0.471,0.18874,0.19091,0.31395,0.24194,0.052632576
0.39423,0.17647,0.1988,0.14877,0.089021,0.24739,0.471,0.18874,0.19091,0.31395,0.24194,0.052632576
0.39423,0.17647,0.1988,0.14877,0.089021,0.24739,0.471,0.18874,0.19091,0.31395,0.24194,0.052632576
0.36538,0.27451,0.29518,0.16411,0.10979,0.29617,0.49188,0.21766,0.26364,0.24419,0.19355,0
0.30769,0.35294,0.14458,0.17638,0.13947,0.22997,0.46636,0.19414,0.3,0.32558,0.24194,0
0.30769,0.35294,0.14458,0.17638,0.13947,0.22997,0.46636,0.19414,0.3,0.32558,0.24194,0
0.30769,0.35294,0.14458,0.17638,0.13947,0.22997,0.46636,0.19414,0.3,0.32558,0.24194,0
0.39423,0.17647,0.1988,0.14877,0.089021,0.24739,0.471,0.18874,0.19091,0.31395,0.24194,0.052632576
0.39423,0.17647,0.1988,0.14877,0.089021,0.24739,0.471,0.18874,0.19091,0.31395,0.24194,0.052632576
0.30769,0.35294,0.14458,0.17638,0.13947,0.22997,0.46636,0.19414,0.3,0.32558,0.24194,0
0.39423,0.17647,0.1988,0.14877,0.089021,0.24739,0.471,0.18874,0.19091,0.31395,0.24194,0.052632576
0.39423,0.17647,0.1988,0.14877,0.089021,0.24739,0.471,0.18874,0.19091,0.31395,0.24194,0.052632576
0.30769,0.35294,0.14458,0.17638,0.13947,0.22997,0.46636,0.19414,0.3,0.32558,0.24194,0
0.30769,0.35294,0.14458,0.17638,0.13947,0.22997,0.46636,0.19414,0.3,0.32558,0.24194,0
0.39423,0.17647,0.1988,0.14877,0.089021,0.24739,0.471,0.18874,0.19091,0.31395,0.24194,0.052632576
0.39423,0.17647,0.1988,0.14877,0.089021,0.24739,0.471,0.18874,0.19091,0.31395,0.24194,0.052632576
0.39423,0.17647,0.1988,0.14877,0.089021,0.24739,0.471,0.18874,0.19091,0.31395,0.24194,0.052632576
0.30769,0.35294,0.14458,0.17638,0.13947,0.22997,0.46636,0.19414,0.3,0.32558,0.24194,0
0.36538,0.27451,0.29518,0.16411,0.10979,0.29617,0.49188,0.21766,0.26364,0.24419,0.19355,0
0.36538,0.27451,0.29518,0.16411,0.10979,0.29617,0.49188,0.21766,0.26364,0.24419,0.19355,0
0.30769,0.35294,0.14458,0.17638,0.13947,0.22997,0.46636,0.19414,0.3,0.32558,0.24194,0
0.39423,0.17647,0.1988,0.14877,0.089021,0.24739,0.471,0.18874,0.19091,0.31395,0.24194,0.052632576
0.39423,0.17647,0.1988,0.14877,0.089021,0.24739,0.471,0.18874,0.19091,0.31395,0.24194,0.052632576
0.30769,0.35294,0.14458,0.17638,0.13947,0.22997,0.46636,0.19414,0.3,0.32558,0.24194,0
0.39423,0.17647,0.1988,0.14877,0.089021,0.24739,0.471,0.18874,0.19091,0.31395,0.24194,0.052632576
0.36538,0.28431,0.30723,0.17025,0.25223,0.19512,0.39907,0.20532,0.17273,0.33721,0.16129,0
0.39423,0.17647,0.1988,0.14877,0.089021,0.24739,0.471,0.18874,0.19091,0.31395,0.24194,0.052632576
0.30769,0.35294,0.14458,0.17638,0.13947,0.22997,0.46636,0.19414,0.3,0.32558,0.24194,0
0.30769,0.35294,0.14458,0.17638,0.13947,0.22997,0.46636,0.19414,0.3,0.32558,0.24194,0
0.39423,0.17647,0.1988,0.14877,0.089021,0.24739,0.471,0.18874,0.19091,0.31395,0.24194,0.052632576
0.36538,0.27451,0.29518,0.16411,0.10979,0.29617,0.49188,0.21766,0.26364,0.24419,0.19355,0
0.39423,0.17647,0.1988,0.14877,0.089021,0.24739,0.471,0.18874,0.19091,0.31395,0.24194,0.052632576
0.30769,0.35294,0.14458,0.17638,0.13947,0.22997,0.46636,0.19414,0.3,0.32558,0.24194,0
0.39423,0.17647,0.1988,0.14877,0.089021,0.24739,0.471,0.18874,0.19091,0.31395,0.24194,0.052632576
0.39423,0.17647,0.1988,0.14877,0.089021,0.24739,0.471,0.18874,0.19091,0.31395,0.24194,0.052632576
0.30769,0.35294,0.14458,0.17638,0.13947,0.22997,0.46636,0.19414,0.3,0.32558,0.24194,0
0.30769,0.35294,0.14458,0.17638,0.13947,0.22997,0.46636,0.19414,0.3,0.32558,0.24194,0
0.39423,0.17647,0.1988,0.14877,0.089021,0.24739,0.471,0.18874,0.19091,0.31395,0.24194,0.052632576
0.36538,0.27451,0.29518,0.16411,0.10979,0.29617,0.49188,0.21766,0.26364,0.24419,0.19355,0
0.39423,0.17647,0.1988,0.14877,0.089021,0.24739,0.471,0.18874,0.19091,0.31395,0.24194,0.052632576
0.36538,0.27451,0.29518,0.16411,0.10979,0.29617,0.49188,0.21766,0.26364,0.24419,0.19355,0
0.39423,0.17647,0.1988,0.14877,0.089021,0.24739,0.471,0.18874,0.19091,0.31395,0.24194,0.052632576
0.375,0.16667,0.18072,0.11043,0.086053,0.22648,0.43387,0.16271,0.34545,0.32558,0.33871,0
0.36538,0.27451,0.29518,0.16411,0.10979,0.29617,0.49188,0.21766,0.26364,0.24419,0.19355,0
0.39423,0.17647,0.1988,0.14877,0.089021,0.24739,0.471,0.18874,0.19091,0.31395,0.24194,0.052632576
0.39423,0.17647,0.1988,0.14877,0.089021,0.24739,0.471,0.18874,0.19091,0.31395,0.24194,0.052632576
0.39423,0.17647,0.1988,0.14877,0.089021,0.24739,0.471,0.18874,0.19091,0.31395,0.24194,0.052632576
0.39423,0.17647,0.1988,0.14877,0.089021,0.24739,0.471,0.18874,0.19091,0.31395,0.24194,0.052632576
0.39423,0.17647,0.1988,0.14877,0.089021,0.24739,0.471,0.18874,0.19091,0.31395,0.24194,0.052632576
0.39423,0.17647,0.1988,0.14877,0.089021,0.24739,0.471,0.18874,0.19091,0.31395,0.24194,0.052632576
0.39423,0.17647,0.1988,0.14877,0.089021,0.24739,0.471,0.18874,0.19091,0.31395,0.24194,0.052632576
0.30769,0.35294,0.14458,0.17638,0.13947,0.22997,0.46636,0.19414,0.3,0.32558,0.24194,0
0.39423,0.17647,0.1988,0.14877,0.089021,0.24739,0.471,0.18874,0.19091,0.31395,0.24194,0.052632576
0.39423,0.17647,0.1988,0.14877,0.089021,0.24739,0.471,0.18874,0.19091,0.31395,0.24194,0.052632576
0.39423,0.17647,0.1988,0.14877,0.089021,0.24739,0.471,0.18874,0.19091,0.31395,0.24194,0.052632576
0.39423,0.17647,0.1988,0.14877,0.089021,0.24739,0.471,0.18874,0.19091,0.31395,0.24194,0.052632576
0.39423,0.17647,0.1988,0.14877,0.089021,0.24739,0.471,0.18874,0.19091,0.31395,0.24194,0.052632576
0.30769,0.35294,0.14458,0.17638,0.13947,0.22997,0.46636,0.19414,0.3,0.32558,0.24194,0
0.39423,0.17647,0.1988,0.14877,0.089021,0.24739,0.471,0.18874,0.19091,0.31395,0.24194,0.052632576
0.39423,0.17647,0.1988,0.14877,0.089021,0.24739,0.471,0.18874,0.19091,0.31395,0.24194,0.052632576
0.39423,0.17647,0.1988,0.14877,0.089021,0.24739,0.471,0.18874,0.19091,0.31395,0.24194,0.052632576
0.30769,0.35294,0.14458,0.17638,0.13947,0.22997,0.46636,0.19414,0.3,0.32558,0.24194,0
0.30769,0.35294,0.14458,0.17638,0.13947,0.22997,0.46636,0.19414,0.3,0.32558,0.24194,0
0.39423,0.17647,0.1988,0.14877,0.089021,0.24739,0.471,0.18874,0.19091,0.31395,0.24194,0.052632576
0.36538,0.27451,0.29518,0.16411,0.10979,0.29617,0.49188,0.21766,0.26364,0.24419,0.19355,0
0.30769,0.35294,0.14458,0.17638,0.13947,0.22997,0.46636,0.19414,0.3,0.32558,0.24194,0
0.39423,0.17647,0.1988,0.14877,0.089021,0.24739,0.471,0.18874,0.19091,0.31395,0.24194,0.052632576
0.39423,0.17647,0.1988,0.14877,0.089021,0.24739,0.471,0.18874,0.19091,0.31395,0.24194,0.052632576
0.39423,0.17647,0.1988,0.14877,0.089021,0.24739,0.471,0.18874,0.19091,0.31395,0.24194,0.052632576
0.30769,0.35294,0.14458,0.17638,0.13947,0.22997,0.46636,0.19414,0.3,0.32558,0.24194,0
0.30769,0.35294,0.14458,0.17638,0.13947,0.22997,0.46636,0.19414,0.3,0.32558,0.24194,0
0.39423,0.17647,0.1988,0.14877,0.089021,0.24739,0.471,0.18874,0.19091,0.31395,0.24194,0.052632576
0.39423,0.17647,0.1988,0.14877,0.089021,0.24739,0.471,0.18874,0.19091,0.31395,0.24194,0.052632576
0.39423,0.17647,0.1988,0.14877,0.089021,0.24739,0.471,0.18874,0.19091,0.31395,0.24194,0.052632576
0.36538,0.27451,0.29518,0.16411,0.10979,0.29617,0.49188,0.21766,0.26364,0.24419,0.19355,0
0.30769,0.35294,0.14458,0.17638,0.13947,0.22997,0.46636,0.19414,0.3,0.32558,0.24194,0
0.39423,0.17647,0.1988,0.14877,0.089021,0.24739,0.471,0.18874,0.19091,0.31395,0.24194,0.052632576
0.39423,0.17647,0.1988,0.14877,0.089021,0.24739,0.471,0.18874,0.19091,0.31395,0.24194,0.052632576
0.30769,0.35294,0.14458,0.17638,0.13947,0.22997,0.46636,0.19414,0.3,0.32558,0.24194,0
0.39423,0.17647,0.1988,0.14877,0.089021,0.24739,0.471,0.18874,0.19091,0.31395,0.24194,0.052632576
0.30769,0.35294,0.14458,0.17638,0.13947,0.22997,0.46636,0.19414,0.3,0.32558,0.24194,0
0.30769,0.35294,0.14458,0.17638,0.13947,0.22997,0.46636,0.19414,0.3,0.32558,0.24194,0
0.36538,0.27451,0.29518,0.16411,0.10979,0.29617,0.49188,0.21766,0.26364,0.24419,0.19355,0
0.39423,0.17647,0.1988,0.14877,0.089021,0.24739,0.471,0.18874,0.19091,0.31395,0.24194,0.052632576
0.39423,0.17647,0.1988,0.14877,0.089021,0.24739,0.471,0.18874,0.19091,0.31395,0.24194,0.052632576
0.30769,0.35294,0.14458,0.17638,0.13947,0.22997,0.46636,0.19414,0.3,0.32558,0.24194,0
0.39423,0.17647,0.1988,0.14877,0.089021,0.24739,0.471,0.18874,0.19091,0.31395,0.24194,0.052632576
0.36538,0.27451,0.29518,0.16411,0.10979,0.29617,0.49188,0.21766,0.26364,0.24419,0.19355,0
0.36538,0.27451,0.29518,0.16411,0.10979,0.29617,0.49188,0.21766,0.26364,0.24419,0.19355,0
0.30769,0.35294,0.14458,0.17638,0.13947,0.22997,0.46636,0.19414,0.3,0.32558,0.24194,0
0.39423,0.17647,0.1988,0.14877,0.089021,0.24739,0.471,0.18874,0.19091,0.31395,0.24194,0.052632576
0.36538,0.27451,0.29518,0.16411,0.10979,0.29617,0.49188,0.21766,0.26364,0.24419,0.19355,0
0.30769,0.35294,0.14458,0.17638,0.13947,0.22997,0.46636,0.19414,0.3,0.32558,0.24194,0
0.39423,0.17647,0.1988,0.14877,0.089021,0.24739,0.471,0.18874,0.19091,0.31395,0.24194,0.052632576
0.39423,0.17647,0.1988,0.14877,0.089021,0.24739,0.471,0.18874,0.19091,0.31395,0.24194,0.052632576
0.30769,0.35294,0.14458,0.17638,0.13947,0.22997,0.46636,0.19414,0.3,0.32558,0.24194,0
0.30769,0.35294,0.14458,0.17638,0.13947,0.22997,0.46636,0.19414,0.3,0.32558,0.24194,0
0.30769,0.35294,0.14458,0.17638,0.13947,0.22997,0.46636,0.19414,0.3,0.32558,0.24194,0
0.39423,0.17647,0.1988,0.14877,0.089021,0.24739,0.471,0.18874,0.19091,0.31395,0.24194,0.052632576
0.39423,0.17647,0.1988,0.14877,0.089021,0.24739,0.471,0.18874,0.19091,0.31395,0.24194,0.052632576
0.26923,0.20588,0.26506,0.12883,0.13056,0.20906,0.39211,0.18778,0.27273,0.26744,0.14516,0
0.39423,0.17647,0.1988,0.14877,0.089021,0.24739,0.471,0.18874,0.19091,0.31395,0.24194,0.052632576
0.39423,0.17647,0.1988,0.14877,0.089021,0.24739,0.471,0.18874,0.19091,0.31395,0.24194,0.052632576
0.39423,0.17647,0.1988,0.14877,0.089021,0.24739,0.471,0.18874,0.19091,0.31395,0.24194,0.052632576
0.30769,0.35294,0.14458,0.17638,0.13947,0.22997,0.46636,0.19414,0.3,0.32558,0.24194,0
0.36538,0.27451,0.29518,0.16411,0.10979,0.29617,0.49188,0.21766,0.26364,0.24419,0.19355,0
0.30769,0.35294,0.14458,0.17638,0.13947,0.22997,0.46636,0.19414,0.3,0.32558,0.24194,0
0.39423,0.17647,0.1988,0.14877,0.089021,0.24739,0.471,0.18874,0.19091,0.31395,0.24194,0.052632576
0.39423,0.17647,0.1988,0.14877,0.089021,0.24739,0.471,0.18874,0.19091,0.31395,0.24194,0.052632576
0.39423,0.17647,0.1988,0.14877,0.089021,0.24739,0.471,0.18874,0.19091,0.31395,0.24194,0.052632576
0.30769,0.35294,0.14458,0.17638,0.13947,0.22997,0.46636,0.19414,0.3,0.32558,0.24194,0
0.30769,0.35294,0.14458,0.17638,0.13947,0.22997,0.46636,0.19414,0.3,0.32558,0.24194,0
0.39423,0.17647,0.1988,0.14877,0.089021,0.24739,0.471,0.18874,0.19091,0.31395,0.24194,0.052632576
0.36538,0.27451,0.29518,0.16411,0.10979,0.29617,0.49188,0.21766,0.26364,0.24419,0.19355,0
0.39423,0.17647,0.1988,0.14877,0.089021,0.24739,0.471,0.18874,0.19091,0.31395,0.24194,0.052632576
0.36538,0.27451,0.29518,0.16411,0.10979,0.29617,0.49188,0.21766,0.26364,0.24419,0.19355,0
0.36538,0.27451,0.29518,0.16411,0.10979,0.29617,0.49188,0.21766,0.26364,0.24419,0.19355,0
0.30769,0.35294,0.14458,0.17638,0.13947,0.22997,0.46636,0.19414,0.3,0.32558,0.24194,0
0.30769,0.35294,0.14458,0.17638,0.13947,0.22997,0.46636,0.19414,0.3,0.32558,0.24194,0
0.36538,0.27451,0.29518,0.16411,0.10979,0.29617,0.49188,0.21766,0.26364,0.24419,0.19355,0
0.39423,0.17647,0.1988,0.14877,0.089021,0.24739,0.471,0.18874,0.19091,0.31395,0.24194,0.052632576
0.39423,0.17647,0.1988,0.14877,0.089021,0.24739,0.471,0.18874,0.19091,0.31395,0.24194,0.052632576
0.375,0.16667,0.18072,0.11043,0.086053,0.22648,0.43387,0.16271,0.34545,0.32558,0.33871,0
0.36538,0.27451,0.29518,0.16411,0.10979,0.29617,0.49188,0.21766,0.26364,0.24419,0.19355,0
0.39423,0.17647,0.1988,0.14877,0.089021,0.24739,0.471,0.18874,0.19091,0.31395,0.24194,0.052632576
0.36538,0.27451,0.29518,0.16411,0.10979,0.29617,0.49188,0.21766,0.26364,0.24419,0.19355,0
0.39423,0.17647,0.1988,0.14877,0.089021,0.24739,0.471,0.18874,0.19091,0.31395,0.24194,0.052632576
0.39423,0.17647,0.1988,0.14877,0.089021,0.24739,0.471,0.18874,0.19091,0.31395,0.24194,0.052632576
0.30769,0.35294,0.14458,0.17638,0.13947,0.22997,0.46636,0.19414,0.3,0.32558,0.24194,0
0.30769,0.35294,0.14458,0.17638,0.13947,0.22997,0.46636,0.19414,0.3,0.32558,0.24194,0
0.30769,0.35294,0.14458,0.17638,0.13947,0.22997,0.46636,0.19414,0.3,0.32558,0.24194,0
0.39423,0.17647,0.1988,0.14877,0.089021,0.24739,0.471,0.18874,0.19091,0.31395,0.24194,0.052632576
0.36538,0.27451,0.29518,0.16411,0.10979,0.29617,0.49188,0.21766,0.26364,0.24419,0.19355,0
0.39423,0.17647,0.1988,0.14877,0.089021,0.24739,0.471,0.18874,0.19091,0.31395,0.24194,0.052632576
0.36538,0.27451,0.29518,0.16411,0.10979,0.29617,0.49188,0.21766,0.26364,0.24419,0.19355,0
0.30769,0.35294,0.14458,0.17638,0.13947,0.22997,0.46636,0.19414,0.3,0.32558,0.24194,0
0.30769,0.35294,0.14458,0.17638,0.13947,0.22997,0.46636,0.19414,0.3,0.32558,0.24194,0
0.30769,0.35294,0.14458,0.17638,0.13947,0.22997,0.46636,0.19414,0.3,0.32558,0.24194,0
0.36538,0.27451,0.29518,0.16411,0.10979,0.29617,0.49188,0.21766,0.26364,0.24419,0.19355,0
0.30769,0.35294,0.14458,0.17638,0.13947,0.22997,0.46636,0.19414,0.3,0.32558,0.24194,0
0.30769,0.35294,0.14458,0.17638,0.13947,0.22997,0.46636,0.19414,0.3,0.32558,0.24194,0
0.39423,0.17647,0.1988,0.14877,0.089021,0.24739,0.471,0.18874,0.19091,0.31395,0.24194,0.052632576
0.30769,0.35294,0.14458,0.17638,0.13947,0.22997,0.46636,0.19414,0.3,0.32558,0.24194,0
0.30769,0.35294,0.14458,0.17638,0.13947,0.22997,0.46636,0.19414,0.3,0.32558,0.24194,0
0.39423,0.17647,0.1988,0.14877,0.089021,0.24739,0.471,0.18874,0.19091,0.31395,0.24194,0.052632576
0.39423,0.17647,0.1988,0.14877,0.089021,0.24739,0.471,0.18874,0.19091,0.31395,0.24194,0.052632576
0.39423,0.17647,0.1988,0.14877,0.089021,0.24739,0.471,0.18874,0.19091,0.31395,0.24194,0.052632576
0.36538,0.27451,0.29518,0.16411,0.10979,0.29617,0.49188,0.21766,0.26364,0.24419,0.19355,0
0.39423,0.17647,0.1988,0.14877,0.089021,0.24739,0.471,0.18874,0.19091,0.31395,0.24194,0.052632576
0.30769,0.35294,0.14458,0.17638,0.13947,0.22997,0.46636,0.19414,0.3,0.32558,0.24194,0
0.30769,0.35294,0.14458,0.17638,0.13947,0.22997,0.46636,0.19414,0.3,0.32558,0.24194,0
0.30769,0.35294,0.14458,0.17638,0.13947,0.22997,0.46636,0.19414,0.3,0.32558,0.24194,0
0.39423,0.17647,0.1988,0.14877,0.089021,0.24739,0.471,0.18874,0.19091,0.31395,0.24194,0.052632576
0.30769,0.35294,0.14458,0.17638,0.13947,0.22997,0.46636,0.19414,0.3,0.32558,0.24194,0
0.39423,0.17647,0.1988,0.14877,0.089021,0.24739,0.471,0.18874,0.19091,0.31395,0.24194,0.052632576
0.36538,0.27451,0.29518,0.16411,0.10979,0.29617,0.49188,0.21766,0.26364,0.24419,0.19355,0
0.39423,0.17647,0.1988,0.14877,0.089021,0.24739,0.471,0.18874,0.19091,0.31395,0.24194,0.052632576
0.36538,0.30392,0.27711,0.17025,0.22255,0.18467,0.37355,0.20474,0.17273,0.33721,0.16129,0
0.36538,0.27451,0.29518,0.16411,0.10979,0.29617,0.49188,0.21766,0.26364,0.24419,0.19355,0
0.39423,0.17647,0.1988,0.14877,0.089021,0.24739,0.471,0.18874,0.19091,0.31395,0.24194,0.052632576
0.30769,0.35294,0.14458,0.17638,0.13947,0.22997,0.46636,0.19414,0.3,0.32558,0.24194,0
0.39423,0.17647,0.1988,0.14877,0.089021,0.24739,0.471,0.18874,0.19091,0.31395,0.24194,0.052632576
0.39423,0.17647,0.1988,0.14877,0.089021,0.24739,0.471,0.18874,0.19091,0.31395,0.24194,0.052632576
0.39423,0.17647,0.1988,0.14877,0.089021,0.24739,0.471,0.18874,0.19091,0.31395,0.24194,0.052632576
0.39423,0.17647,0.1988,0.14877,0.089021,0.24739,0.471,0.18874,0.19091,0.31395,0.24194,0.052632576
0.39423,0.17647,0.1988,0.14877,0.089021,0.24739,0.471,0.18874,0.19091,0.31395,0.24194,0.052632576
0.39423,0.17647,0.1988,0.14877,0.089021,0.24739,0.471,0.18874,0.19091,0.31395,0.24194,0.052632576
0.39423,0.17647,0.1988,0.14877,0.089021,0.24739,0.471,0.18874,0.19091,0.31395,0.24194,0.052632576
0.39423,0.17647,0.1988,0.14877,0.089021,0.24739,0.471,0.18874,0.19091,0.31395,0.24194,0.052632576
0.39423,0.17647,0.1988,0.14877,0.089021,0.24739,0.471,0.18874,0.19091,0.31395,0.24194,0.052632576
0.30769,0.35294,0.14458,0.17638,0.13947,0.22997,0.46636,0.19414,0.3,0.32558,0.24194,0
0.39423,0.17647,0.1988,0.14877,0.089021,0.24739,0.471,0.18874,0.19091,0.31395,0.24194,0.052632576
0.36538,0.27451,0.29518,0.16411,0.10979,0.29617,0.49188,0.21766,0.26364,0.24419,0.19355,0
0.39423,0.17647,0.1988,0.14877,0.089021,0.24739,0.471,0.18874,0.19091,0.31395,0.24194,0.052632576
0.30769,0.35294,0.14458,0.17638,0.13947,0.22997,0.46636,0.19414,0.3,0.32558,0.24194,0
0.39423,0.17647,0.1988,0.14877,0.089021,0.24739,0.471,0.18874,0.19091,0.31395,0.24194,0.052632576
0.39423,0.17647,0.1988,0.14877,0.089021,0.24739,0.471,0.18874,0.19091,0.31395,0.24194,0.052632576
0.30769,0.35294,0.14458,0.17638,0.13947,0.22997,0.46636,0.19414,0.3,0.32558,0.24194,0
0.39423,0.17647,0.1988,0.14877,0.089021,0.24739,0.471,0.18874,0.19091,0.31395,0.24194,0.052632576
0.30769,0.35294,0.14458,0.17638,0.13947,0.22997,0.46636,0.19414,0.3,0.32558,0.24194,0
0.36538,0.27451,0.29518,0.16411,0.10979,0.29617,0.49188,0.21766,0.26364,0.24419,0.19355,0
0.25,0.18627,0.1747,0.050613,0.074184,0.20906,0.30394,0.10141,0.34545,0.43023,0.5,0.052632576
0.39423,0.17647,0.1988,0.14877,0.089021,0.24739,0.471,0.18874,0.19091,0.31395,0.24194,0.052632576
0.39423,0.17647,0.1988,0.14877,0.089021,0.24739,0.471,0.18874,0.19091,0.31395,0.24194,0.052632576
0.36538,0.27451,0.29518,0.16411,0.10979,0.29617,0.49188,0.21766,0.26364,0.24419,0.19355,0
0.36538,0.27451,0.29518,0.16411,0.10979,0.29617,0.49188,0.21766,0.26364,0.24419,0.19355,0
0.36538,0.27451,0.29518,0.16411,0.10979,0.29617,0.49188,0.21766,0.26364,0.24419,0.19355,0
0.36538,0.27451,0.29518,0.16411,0.10979,0.29617,0.49188,0.21766,0.26364,0.24419,0.19355,0
0.39423,0.17647,0.1988,0.14877,0.089021,0.24739,0.471,0.18874,0.19091,0.31395,0.24194,0.052632576
0.39423,0.17647,0.1988,0.14877,0.089021,0.24739,0.471,0.18874,0.19091,0.31395,0.24194,0.052632576
0.39423,0.17647,0.1988,0.14877,0.089021,0.24739,0.471,0.18874,0.19091,0.31395,0.24194,0.052632576
0.39423,0.17647,0.1988,0.14877,0.089021,0.24739,0.471,0.18874,0.19091,0.31395,0.24194,0.052632576
0.39423,0.17647,0.1988,0.14877,0.089021,0.24739,0.471,0.18874,0.19091,0.31395,0.24194,0.052632576
0.30769,0.35294,0.14458,0.17638,0.13947,0.22997,0.46636,0.19414,0.3,0.32558,0.24194,0
0.36538,0.27451,0.29518,0.16411,0.10979,0.29617,0.49188,0.21766,0.26364,0.24419,0.19355,0
0.39423,0.17647,0.1988,0.14877,0.089021,0.24739,0.471,0.18874,0.19091,0.31395,0.24194,0.052632576
0.39423,0.17647,0.1988,0.14877,0.089021,0.24739,0.471,0.18874,0.19091,0.31395,0.24194,0.052632576
0.39423,0.17647,0.1988,0.14877,0.089021,0.24739,0.471,0.18874,0.19091,0.31395,0.24194,0.052632576
0.39423,0.17647,0.1988,0.14877,0.089021,0.24739,0.471,0.18874,0.19091,0.31395,0.24194,0.052632576
0.39423,0.17647,0.1988,0.14877,0.089021,0.24739,0.471,0.18874,0.19091,0.31395,0.24194,0.052632576
0.30769,0.35294,0.14458,0.17638,0.13947,0.22997,0.46636,0.19414,0.3,0.32558,0.24194,0
0.39423,0.17647,0.1988,0.14877,0.089021,0.24739,0.471,0.18874,0.19091,0.31395,0.24194,0.052632576
0.30769,0.35294,0.14458,0.17638,0.13947,0.22997,0.46636,0.19414,0.3,0.32558,0.24194,0
0.36538,0.27451,0.29518,0.16411,0.10979,0.29617,0.49188,0.21766,0.26364,0.24419,0.19355,0
0.39423,0.17647,0.1988,0.14877,0.089021,0.24739,0.471,0.18874,0.19091,0.31395,0.24194,0.052632576
0.39423,0.17647,0.1988,0.14877,0.089021,0.24739,0.471,0.18874,0.19091,0.31395,0.24194,0.052632576
0.30769,0.35294,0.14458,0.17638,0.13947,0.22997,0.46636,0.19414,0.3,0.32558,0.24194,0
0.39423,0.17647,0.1988,0.14877,0.089021,0.24739,0.471,0.18874,0.19091,0.31395,0.24194,0.052632576
0.30769,0.35294,0.14458,0.17638,0.13947,0.22997,0.46636,0.19414,0.3,0.32558,0.24194,0
0.39423,0.17647,0.1988,0.14877,0.089021,0.24739,0.471,0.18874,0.19091,0.31395,0.24194,0.052632576
0.39423,0.17647,0.1988,0.14877,0.089021,0.24739,0.471,0.18874,0.19091,0.31395,0.24194,0.052632576
0.39423,0.17647,0.1988,0.14877,0.089021,0.24739,0.471,0.18874,0.19091,0.31395,0.24194,0.052632576
0.39423,0.17647,0.1988,0.14877,0.089021,0.24739,0.471,0.18874,0.19091,0.31395,0.24194,0.052632576
0.36538,0.27451,0.29518,0.16411,0.10979,0.29617,0.49188,0.21766,0.26364,0.24419,0.19355,0
0.30769,0.35294,0.14458,0.17638,0.13947,0.22997,0.46636,0.19414,0.3,0.32558,0.24194,0
0.30769,0.35294,0.14458,0.17638,0.13947,0.22997,0.46636,0.19414,0.3,0.32558,0.24194,0
0.39423,0.17647,0.1988,0.14877,0.089021,0.24739,0.471,0.18874,0.19091,0.31395,0.24194,0.052632576
0.39423,0.17647,0.1988,0.14877,0.089021,0.24739,0.471,0.18874,0.19091,0.31395,0.24194,0.052632576
0.39423,0.17647,0.1988,0.14877,0.089021,0.24739,0.471,0.18874,0.19091,0.31395,0.24194,0.052632576
0.36538,0.27451,0.29518,0.16411,0.10979,0.29617,0.49188,0.21766,0.26364,0.24419,0.19355,0
0.36538,0.27451,0.29518,0.16411,0.10979,0.29617,0.49188,0.21766,0.26364,0.24419,0.19355,0
0.30769,0.35294,0.14458,0.17638,0.13947,0.22997,0.46636,0.19414,0.3,0.32558,0.24194,0
0.36538,0.27451,0.29518,0.16411,0.10979,0.29617,0.49188,0.21766,0.26364,0.24419,0.19355,0
0.26923,0.20588,0.26506,0.12883,0.13056,0.20906,0.39211,0.18778,0.27273,0.26744,0.14516,0
0.39423,0.17647,0.1988,0.14877,0.089021,0.24739,0.471,0.18874,0.19091,0.31395,0.24194,0.052632576
0.35577,0.26471,0.28916,0.18098,0.13947,0.20557,0.38863,0.21053,0.22727,0.34884,0.12903,0
0.39423,0.17647,0.1988,0.14877,0.089021,0.24739,0.471,0.18874,0.19091,0.31395,0.24194,0.052632576
0.39423,0.17647,0.1988,0.14877,0.089021,0.24739,0.471,0.18874,0.19091,0.31395,0.24194,0.052632576
0.30769,0.35294,0.14458,0.17638,0.13947,0.22997,0.46636,0.19414,0.3,0.32558,0.24194,0
0.39423,0.17647,0.1988,0.14877,0.089021,0.24739,0.471,0.18874,0.19091,0.31395,0.24194,0.052632576
0.39423,0.17647,0.1988,0.14877,0.089021,0.24739,0.471,0.18874,0.19091,0.31395,0.24194,0.052632576
0.39423,0.17647,0.1988,0.14877,0.089021,0.24739,0.471,0.18874,0.19091,0.31395,0.24194,0.052632576
0.36538,0.27451,0.29518,0.16411,0.10979,0.29617,0.49188,0.21766,0.26364,0.24419,0.19355,0
0.36538,0.27451,0.29518,0.16411,0.10979,0.29617,0.49188,0.21766,0.26364,0.24419,0.19355,0
0.39423,0.17647,0.1988,0.14877,0.089021,0.24739,0.471,0.18874,0.19091,0.31395,0.24194,0.052632576
0.30769,0.35294,0.14458,0.17638,0.13947,0.22997,0.46636,0.19414,0.3,0.32558,0.24194,0
0.30769,0.35294,0.14458,0.17638,0.13947,0.22997,0.46636,0.19414,0.3,0.32558,0.24194,0
0.30769,0.35294,0.14458,0.17638,0.13947,0.22997,0.46636,0.19414,0.3,0.32558,0.24194,0
0.39423,0.17647,0.1988,0.14877,0.089021,0.24739,0.471,0.18874,0.19091,0.31395,0.24194,0.052632576
0.26923,0.20588,0.26506,0.12883,0.13056,0.20906,0.39211,0.18778,0.27273,0.26744,0.14516,0
0.39423,0.17647,0.1988,0.14877,0.089021,0.24739,0.471,0.18874,0.19091,0.31395,0.24194,0.052632576
0.39423,0.17647,0.1988,0.14877,0.089021,0.24739,0.471,0.18874,0.19091,0.31395,0.24194,0.052632576
0.30769,0.35294,0.14458,0.17638,0.13947,0.22997,0.46636,0.19414,0.3,0.32558,0.24194,0
0.30769,0.35294,0.14458,0.17638,0.13947,0.22997,0.46636,0.19414,0.3,0.32558,0.24194,0
0.39423,0.17647,0.1988,0.14877,0.089021,0.24739,0.471,0.18874,0.19091,0.31395,0.24194,1
0.39423,0.17647,0.1988,0.14877,0.089021,0.24739,0.471,0.18874,0.19091,0.31395,0.24194,1
0.39423,0.17647,0.1988,0.14877,0.089021,0.24739,0.471,0.18874,0.19091,0.31395,0.24194,1
0.36538,0.27451,0.29518,0.16411,0.10979,0.29617,0.49188,0.21766,0.26364,0.24419,0.19355,0.947367424
0.30769,0.35294,0.14458,0.17638,0.13947,0.22997,0.46636,0.19414,0.3,0.32558,0.24194,0.947367424
0.30769,0.35294,0.14458,0.17638,0.13947,0.22997,0.46636,0.19414,0.3,0.32558,0.24194,0.947367424
0.30769,0.35294,0.14458,0.17638,0.13947,0.22997,0.46636,0.19414,0.3,0.32558,0.24194,0.947367424
0.39423,0.17647,0.1988,0.14877,0.089021,0.24739,0.471,0.18874,0.19091,0.31395,0.24194,1
0.39423,0.17647,0.1988,0.14877,0.089021,0.24739,0.471,0.18874,0.19091,0.31395,0.24194,1
0.30769,0.35294,0.14458,0.17638,0.13947,0.22997,0.46636,0.19414,0.3,0.32558,0.24194,0.947367424
0.39423,0.17647,0.1988,0.14877,0.089021,0.24739,0.471,0.18874,0.19091,0.31395,0.24194,1
0.39423,0.17647,0.1988,0.14877,0.089021,0.24739,0.471,0.18874,0.19091,0.31395,0.24194,1
0.30769,0.35294,0.14458,0.17638,0.13947,0.22997,0.46636,0.19414,0.3,0.32558,0.24194,0.947367424
0.30769,0.35294,0.14458,0.17638,0.13947,0.22997,0.46636,0.19414,0.3,0.32558,0.24194,0.947367424
0.39423,0.17647,0.1988,0.14877,0.089021,0.24739,0.471,0.18874,0.19091,0.31395,0.24194,1
0.39423,0.17647,0.1988,0.14877,0.089021,0.24739,0.471,0.18874,0.19091,0.31395,0.24194,1
0.39423,0.17647,0.1988,0.14877,0.089021,0.24739,0.471,0.18874,0.19091,0.31395,0.24194,1
0.30769,0.35294,0.14458,0.17638,0.13947,0.22997,0.46636,0.19414,0.3,0.32558,0.24194,0.947367424
0.36538,0.27451,0.29518,0.16411,0.10979,0.29617,0.49188,0.21766,0.26364,0.24419,0.19355,0.947367424
0.36538,0.27451,0.29518,0.16411,0.10979,0.29617,0.49188,0.21766,0.26364,0.24419,0.19355,0.947367424
0.30769,0.35294,0.14458,0.17638,0.13947,0.22997,0.46636,0.19414,0.3,0.32558,0.24194,0.947367424
0.39423,0.17647,0.1988,0.14877,0.089021,0.24739,0.471,0.18874,0.19091,0.31395,0.24194,1
0.39423,0.17647,0.1988,0.14877,0.089021,0.24739,0.471,0.18874,0.19091,0.31395,0.24194,1
0.30769,0.35294,0.14458,0.17638,0.13947,0.22997,0.46636,0.19414,0.3,0.32558,0.24194,0.947367424
0.39423,0.17647,0.1988,0.14877,0.089021,0.24739,0.471,0.18874,0.19091,0.31395,0.24194,1
0.36538,0.28431,0.30723,0.17025,0.25223,0.19512,0.39907,0.20532,0.17273,0.33721,0.16129,0.947367424
0.39423,0.17647,0.1988,0.14877,0.089021,0.24739,0.471,0.18874,0.19091,0.31395,0.24194,1
0.30769,0.35294,0.14458,0.17638,0.13947,0.22997,0.46636,0.19414,0.3,0.32558,0.24194,0.947367424
0.30769,0.35294,0.14458,0.17638,0.13947,0.22997,0.46636,0.19414,0.3,0.32558,0.24194,0.947367424
0.39423,0.17647,0.1988,0.14877,0.089021,0.24739,0.471,0.18874,0.19091,0.31395,0.24194,1
0.36538,0.27451,0.29518,0.16411,0.10979,0.29617,0.49188,0.21766,0.26364,0.24419,0.19355,0.947367424
0.39423,0.17647,0.1988,0.14877,0.089021,0.24739,0.471,0.18874,0.19091,0.31395,0.24194,1
0.30769,0.35294,0.14458,0.17638,0.13947,0.22997,0.46636,0.19414,0.3,0.32558,0.24194,0.947367424
0.39423,0.17647,0.1988,0.14877,0.089021,0.24739,0.471,0.18874,0.19091,0.31395,0.24194,1
0.39423,0.17647,0.1988,0.14877,0.089021,0.24739,0.471,0.18874,0.19091,0.31395,0.24194,1
0.30769,0.35294,0.14458,0.17638,0.13947,0.22997,0.46636,0.19414,0.3,0.32558,0.24194,0.947367424
0.30769,0.35294,0.14458,0.17638,0.13947,0.22997,0.46636,0.19414,0.3,0.32558,0.24194,0.947367424
0.39423,0.17647,0.1988,0.14877,0.089021,0.24739,0.471,0.18874,0.19091,0.31395,0.24194,1
0.36538,0.27451,0.29518,0.16411,0.10979,0.29617,0.49188,0.21766,0.26364,0.24419,0.19355,0.947367424
0.39423,0.17647,0.1988,0.14877,0.089021,0.24739,0.471,0.18874,0.19091,0.31395,0.24194,1
0.36538,0.27451,0.29518,0.16411,0.10979,0.29617,0.49188,0.21766,0.26364,0.24419,0.19355,0.947367424
0.39423,0.17647,0.1988,0.14877,0.089021,0.24739,0.471,0.18874,0.19091,0.31395,0.24194,1
0.375,0.16667,0.18072,0.11043,0.086053,0.22648,0.43387,0.16271,0.34545,0.32558,0.33871,0.947367424
0.36538,0.27451,0.29518,0.16411,0.10979,0.29617,0.49188,0.21766,0.26364,0.24419,0.19355,0.947367424
0.39423,0.17647,0.1988,0.14877,0.089021,0.24739,0.471,0.18874,0.19091,0.31395,0.24194,1
0.39423,0.17647,0.1988,0.14877,0.089021,0.24739,0.471,0.18874,0.19091,0.31395,0.24194,1
0.39423,0.17647,0.1988,0.14877,0.089021,0.24739,0.471,0.18874,0.19091,0.31395,0.24194,1
0.39423,0.17647,0.1988,0.14877,0.089021,0.24739,0.471,0.18874,0.19091,0.31395,0.24194,1
0.39423,0.17647,0.1988,0.14877,0.089021,0.24739,0.471,0.18874,0.19091,0.31395,0.24194,1
0.39423,0.17647,0.1988,0.14877,0.089021,0.24739,0.471,0.18874,0.19091,0.31395,0.24194,1
0.39423,0.17647,0.1988,0.14877,0.089021,0.24739,0.471,0.18874,0.19091,0.31395,0.24194,1
0.30769,0.35294,0.14458,0.17638,0.13947,0.22997,0.46636,0.19414,0.3,0.32558,0.24194,0.947367424
0.39423,0.17647,0.1988,0.14877,0.089021,0.24739,0.471,0.18874,0.19091,0.31395,0.24194,1
0.39423,0.17647,0.1988,0.14877,0.089021,0.24739,0.471,0.18874,0.19091,0.31395,0.24194,1
0.39423,0.17647,0.1988,0.14877,0.089021,0.24739,0.471,0.18874,0.19091,0.31395,0.24194,1
0.39423,0.17647,0.1988,0.14877,0.089021,0.24739,0.471,0.18874,0.19091,0.31395,0.24194,1
0.39423,0.17647,0.1988,0.14877,0.089021,0.24739,0.471,0.18874,0.19091,0.31395,0.24194,1
0.30769,0.35294,0.14458,0.17638,0.13947,0.22997,0.46636,0.19414,0.3,0.32558,0.24194,0.947367424
0.39423,0.17647,0.1988,0.14877,0.089021,0.24739,0.471,0.18874,0.19091,0.31395,0.24194,1
0.39423,0.17647,0.1988,0.14877,0.089021,0.24739,0.471,0.18874,0.19091,0.31395,0.24194,1
0.39423,0.17647,0.1988,0.14877,0.089021,0.24739,0.471,0.18874,0.19091,0.31395,0.24194,1
0.30769,0.35294,0.14458,0.17638,0.13947,0.22997,0.46636,0.19414,0.3,0.32558,0.24194,0.947367424
0.30769,0.35294,0.14458,0.17638,0.13947,0.22997,0.46636,0.19414,0.3,0.32558,0.24194,0.947367424
0.39423,0.17647,0.1988,0.14877,0.089021,0.24739,0.471,0.18874,0.19091,0.31395,0.24194,1
0.36538,0.27451,0.29518,0.16411,0.10979,0.29617,0.49188,0.21766,0.26364,0.24419,0.19355,0.947367424
0.30769,0.35294,0.14458,0.17638,0.13947,0.22997,0.46636,0.19414,0.3,0.32558,0.24194,0.947367424
0.39423,0.17647,0.1988,0.14877,0.089021,0.24739,0.471,0.18874,0.19091,0.31395,0.24194,1
0.39423,0.17647,0.1988,0.14877,0.089021,0.24739,0.471,0.18874,0.19091,0.31395,0.24194,1
0.39423,0.17647,0.1988,0.14877,0.089021,0.24739,0.471,0.18874,0.19091,0.31395,0.24194,1
0.30769,0.35294,0.14458,0.17638,0.13947,0.22997,0.46636,0.19414,0.3,0.32558,0.24194,0.947367424
0.30769,0.35294,0.14458,0.17638,0.13947,0.22997,0.46636,0.19414,0.3,0.32558,0.24194,0.947367424
0.39423,0.17647,0.1988,0.14877,0.089021,0.24739,0.471,0.18874,0.19091,0.31395,0.24194,1
0.39423,0.17647,0.1988,0.14877,0.089021,0.24739,0.471,0.18874,0.19091,0.31395,0.24194,1
0.39423,0.17647,0.1988,0.14877,0.089021,0.24739,0.471,0.18874,0.19091,0.31395,0.24194,1
0.36538,0.27451,0.29518,0.16411,0.10979,0.29617,0.49188,0.21766,0.26364,0.24419,0.19355,0.947367424
0.30769,0.35294,0.14458,0.17638,0.13947,0.22997,0.46636,0.19414,0.3,0.32558,0.24194,0.947367424
0.39423,0.17647,0.1988,0.14877,0.089021,0.24739,0.471,0.18874,0.19091,0.31395,0.24194,1
0.39423,0.17647,0.1988,0.14877,0.089021,0.24739,0.471,0.18874,0.19091,0.31395,0.24194,1
0.30769,0.35294,0.14458,0.17638,0.13947,0.22997,0.46636,0.19414,0.3,0.32558,0.24194,0.947367424
0.39423,0.17647,0.1988,0.14877,0.089021,0.24739,0.471,0.18874,0.19091,0.31395,0.24194,1
0.30769,0.35294,0.14458,0.17638,0.13947,0.22997,0.46636,0.19414,0.3,0.32558,0.24194,0.947367424
0.30769,0.35294,0.14458,0.17638,0.13947,0.22997,0.46636,0.19414,0.3,0.32558,0.24194,0.947367424
0.36538,0.27451,0.29518,0.16411,0.10979,0.29617,0.49188,0.21766,0.26364,0.24419,0.19355,0.947367424
0.39423,0.17647,0.1988,0.14877,0.089021,0.24739,0.471,0.18874,0.19091,0.31395,0.24194,1
0.39423,0.17647,0.1988,0.14877,0.089021,0.24739,0.471,0.18874,0.19091,0.31395,0.24194,1
0.30769,0.35294,0.14458,0.17638,0.13947,0.22997,0.46636,0.19414,0.3,0.32558,0.24194,0.947367424
0.39423,0.17647,0.1988,0.14877,0.089021,0.24739,0.471,0.18874,0.19091,0.31395,0.24194,1
0.36538,0.27451,0.29518,0.16411,0.10979,0.29617,0.49188,0.21766,0.26364,0.24419,0.19355,0.947367424
0.36538,0.27451,0.29518,0.16411,0.10979,0.29617,0.49188,0.21766,0.26364,0.24419,0.19355,0.947367424
0.30769,0.35294,0.14458,0.17638,0.13947,0.22997,0.46636,0.19414,0.3,0.32558,0.24194,0.947367424
0.39423,0.17647,0.1988,0.14877,0.089021,0.24739,0.471,0.18874,0.19091,0.31395,0.24194,1
0.36538,0.27451,0.29518,0.16411,0.10979,0.29617,0.49188,0.21766,0.26364,0.24419,0.19355,0.947367424
0.30769,0.35294,0.14458,0.17638,0.13947,0.22997,0.46636,0.19414,0.3,0.32558,0.24194,0.947367424
0.39423,0.17647,0.1988,0.14877,0.089021,0.24739,0.471,0.18874,0.19091,0.31395,0.24194,1
0.39423,0.17647,0.1988,0.14877,0.089021,0.24739,0.471,0.18874,0.19091,0.31395,0.24194,1
0.30769,0.35294,0.14458,0.17638,0.13947,0.22997,0.46636,0.19414,0.3,0.32558,0.24194,0.947367424
0.30769,0.35294,0.14458,0.17638,0.13947,0.22997,0.46636,0.19414,0.3,0.32558,0.24194,0.947367424
0.30769,0.35294,0.14458,0.17638,0.13947,0.22997,0.46636,0.19414,0.3,0.32558,0.24194,0.947367424
0.39423,0.17647,0.1988,0.14877,0.089021,0.24739,0.471,0.18874,0.19091,0.31395,0.24194,1
0.39423,0.17647,0.1988,0.14877,0.089021,0.24739,0.471,0.18874,0.19091,0.31395,0.24194,1
0.26923,0.20588,0.26506,0.12883,0.13056,0.20906,0.39211,0.18778,0.27273,0.26744,0.14516,0.947367424
0.39423,0.17647,0.1988,0.14877,0.089021,0.24739,0.471,0.18874,0.19091,0.31395,0.24194,1
0.39423,0.17647,0.1988,0.14877,0.089021,0.24739,0.471,0.18874,0.19091,0.31395,0.24194,1
0.39423,0.17647,0.1988,0.14877,0.089021,0.24739,0.471,0.18874,0.19091,0.31395,0.24194,1
0.30769,0.35294,0.14458,0.17638,0.13947,0.22997,0.46636,0.19414,0.3,0.32558,0.24194,0.947367424
0.36538,0.27451,0.29518,0.16411,0.10979,0.29617,0.49188,0.21766,0.26364,0.24419,0.19355,0.947367424
0.30769,0.35294,0.14458,0.17638,0.13947,0.22997,0.46636,0.19414,0.3,0.32558,0.24194,0.947367424
0.39423,0.17647,0.1988,0.14877,0.089021,0.24739,0.471,0.18874,0.19091,0.31395,0.24194,1
0.39423,0.17647,0.1988,0.14877,0.089021,0.24739,0.471,0.18874,0.19091,0.31395,0.24194,1
0.39423,0.17647,0.1988,0.14877,0.089021,0.24739,0.471,0.18874,0.19091,0.31395,0.24194,1
0.30769,0.35294,0.14458,0.17638,0.13947,0.22997,0.46636,0.19414,0.3,0.32558,0.24194,0.947367424
0.30769,0.35294,0.14458,0.17638,0.13947,0.22997,0.46636,0.19414,0.3,0.32558,0.24194,0.947367424
0.39423,0.17647,0.1988,0.14877,0.089021,0.24739,0.471,0.18874,0.19091,0.31395,0.24194,1
0.36538,0.27451,0.29518,0.16411,0.10979,0.29617,0.49188,0.21766,0.26364,0.24419,0.19355,0.947367424
0.39423,0.17647,0.1988,0.14877,0.089021,0.24739,0.471,0.18874,0.19091,0.31395,0.24194,1
0.36538,0.27451,0.29518,0.16411,0.10979,0.29617,0.49188,0.21766,0.26364,0.24419,0.19355,0.947367424
0.36538,0.27451,0.29518,0.16411,0.10979,0.29617,0.49188,0.21766,0.26364,0.24419,0.19355,0.947367424
0.30769,0.35294,0.14458,0.17638,0.13947,0.22997,0.46636,0.19414,0.3,0.32558,0.24194,0.947367424
0.30769,0.35294,0.14458,0.17638,0.13947,0.22997,0.46636,0.19414,0.3,0.32558,0.24194,0.947367424
0.36538,0.27451,0.29518,0.16411,0.10979,0.29617,0.49188,0.21766,0.26364,0.24419,0.19355,0.947367424
0.39423,0.17647,0.1988,0.14877,0.089021,0.24739,0.471,0.18874,0.19091,0.31395,0.24194,1
0.39423,0.17647,0.1988,0.14877,0.089021,0.24739,0.471,0.18874,0.19091,0.31395,0.24194,1
0.375,0.16667,0.18072,0.11043,0.086053,0.22648,0.43387,0.16271,0.34545,0.32558,0.33871,0.947367424
0.36538,0.27451,0.29518,0.16411,0.10979,0.29617,0.49188,0.21766,0.26364,0.24419,0.19355,0.947367424
0.39423,0.17647,0.1988,0.14877,0.089021,0.24739,0.471,0.18874,0.19091,0.31395,0.24194,1
0.36538,0.27451,0.29518,0.16411,0.10979,0.29617,0.49188,0.21766,0.26364,0.24419,0.19355,0.947367424
0.39423,0.17647,0.1988,0.14877,0.089021,0.24739,0.471,0.18874,0.19091,0.31395,0.24194,1
0.39423,0.17647,0.1988,0.14877,0.089021,0.24739,0.471,0.18874,0.19091,0.31395,0.24194,1
0.30769,0.35294,0.14458,0.17638,0.13947,0.22997,0.46636,0.19414,0.3,0.32558,0.24194,0.947367424
0.30769,0.35294,0.14458,0.17638,0.13947,0.22997,0.46636,0.19414,0.3,0.32558,0.24194,0.947367424
0.30769,0.35294,0.14458,0.17638,0.13947,0.22997,0.46636,0.19414,0.3,0.32558,0.24194,0.947367424
0.39423,0.17647,0.1988,0.14877,0.089021,0.24739,0.471,0.18874,0.19091,0.31395,0.24194,1
0.36538,0.27451,0.29518,0.16411,0.10979,0.29617,0.49188,0.21766,0.26364,0.24419,0.19355,0.947367424
0.39423,0.17647,0.1988,0.14877,0.089021,0.24739,0.471,0.18874,0.19091,0.31395,0.24194,1
0.36538,0.27451,0.29518,0.16411,0.10979,0.29617,0.49188,0.21766,0.26364,0.24419,0.19355,0.947367424
0.30769,0.35294,0.14458,0.17638,0.13947,0.22997,0.46636,0.19414,0.3,0.32558,0.24194,0.947367424
0.30769,0.35294,0.14458,0.17638,0.13947,0.22997,0.46636,0.19414,0.3,0.32558,0.24194,0.947367424
0.30769,0.35294,0.14458,0.17638,0.13947,0.22997,0.46636,0.19414,0.3,0.32558,0.24194,0.947367424
0.36538,0.27451,0.29518,0.16411,0.10979,0.29617,0.49188,0.21766,0.26364,0.24419,0.19355,0.947367424
0.30769,0.35294,0.14458,0.17638,0.13947,0.22997,0.46636,0.19414,0.3,0.32558,0.24194,0.947367424
0.30769,0.35294,0.14458,0.17638,0.13947,0.22997,0.46636,0.19414,0.3,0.32558,0.24194,0.947367424
0.39423,0.17647,0.1988,0.14877,0.089021,0.24739,0.471,0.18874,0.19091,0.31395,0.24194,1
0.30769,0.35294,0.14458,0.17638,0.13947,0.22997,0.46636,0.19414,0.3,0.32558,0.24194,0.947367424
0.30769,0.35294,0.14458,0.17638,0.13947,0.22997,0.46636,0.19414,0.3,0.32558,0.24194,0.947367424
0.39423,0.17647,0.1988,0.14877,0.089021,0.24739,0.471,0.18874,0.19091,0.31395,0.24194,1
0.39423,0.17647,0.1988,0.14877,0.089021,0.24739,0.471,0.18874,0.19091,0.31395,0.24194,1
0.39423,0.17647,0.1988,0.14877,0.089021,0.24739,0.471,0.18874,0.19091,0.31395,0.24194,1
0.36538,0.27451,0.29518,0.16411,0.10979,0.29617,0.49188,0.21766,0.26364,0.24419,0.19355,0.947367424
0.39423,0.17647,0.1988,0.14877,0.089021,0.24739,0.471,0.18874,0.19091,0.31395,0.24194,1
0.30769,0.35294,0.14458,0.17638,0.13947,0.22997,0.46636,0.19414,0.3,0.32558,0.24194,0.947367424
0.30769,0.35294,0.14458,0.17638,0.13947,0.22997,0.46636,0.19414,0.3,0.32558,0.24194,0.947367424
0.30769,0.35294,0.14458,0.17638,0.13947,0.22997,0.46636,0.19414,0.3,0.32558,0.24194,0.947367424
0.39423,0.17647,0.1988,0.14877,0.089021,0.24739,0.471,0.18874,0.19091,0.31395,0.24194,1
0.30769,0.35294,0.14458,0.17638,0.13947,0.22997,0.46636,0.19414,0.3,0.32558,0.24194,0.947367424
0.39423,0.17647,0.1988,0.14877,0.089021,0.24739,0.471,0.18874,0.19091,0.31395,0.24194,1
0.36538,0.27451,0.29518,0.16411,0.10979,0.29617,0.49188,0.21766,0.26364,0.24419,0.19355,0.947367424
0.39423,0.17647,0.1988,0.14877,0.089021,0.24739,0.471,0.18874,0.19091,0.31395,0.24194,1
0.36538,0.30392,0.27711,0.17025,0.22255,0.18467,0.37355,0.20474,0.17273,0.33721,0.16129,0.947367424
0.36538,0.27451,0.29518,0.16411,0.10979,0.29617,0.49188,0.21766,0.26364,0.24419,0.19355,0.947367424
0.39423,0.17647,0.1988,0.14877,0.089021,0.24739,0.471,0.18874,0.19091,0.31395,0.24194,1
0.30769,0.35294,0.14458,0.17638,0.13947,0.22997,0.46636,0.19414,0.3,0.32558,0.24194,0.947367424
0.39423,0.17647,0.1988,0.14877,0.089021,0.24739,0.471,0.18874,0.19091,0.31395,0.24194,1
0.39423,0.17647,0.1988,0.14877,0.089021,0.24739,0.471,0.18874,0.19091,0.31395,0.24194,1
0.39423,0.17647,0.1988,0.14877,0.089021,0.24739,0.471,0.18874,0.19091,0.31395,0.24194,1
0.39423,0.17647,0.1988,0.14877,0.089021,0.24739,0.471,0.18874,0.19091,0.31395,0.24194,1
0.39423,0.17647,0.1988,0.14877,0.089021,0.24739,0.471,0.18874,0.19091,0.31395,0.24194,1
0.39423,0.17647,0.1988,0.14877,0.089021,0.24739,0.471,0.18874,0.19091,0.31395,0.24194,1
0.39423,0.17647,0.1988,0.14877,0.089021,0.24739,0.471,0.18874,0.19091,0.31395,0.24194,1
0.39423,0.17647,0.1988,0.14877,0.089021,0.24739,0.471,0.18874,0.19091,0.31395,0.24194,1
0.39423,0.17647,0.1988,0.14877,0.089021,0.24739,0.471,0.18874,0.19091,0.31395,0.24194,1
0.30769,0.35294,0.14458,0.17638,0.13947,0.22997,0.46636,0.19414,0.3,0.32558,0.24194,0.947367424
0.39423,0.17647,0.1988,0.14877,0.089021,0.24739,0.471,0.18874,0.19091,0.31395,0.24194,1
0.36538,0.27451,0.29518,0.16411,0.10979,0.29617,0.49188,0.21766,0.26364,0.24419,0.19355,0.947367424
0.39423,0.17647,0.1988,0.14877,0.089021,0.24739,0.471,0.18874,0.19091,0.31395,0.24194,1
0.30769,0.35294,0.14458,0.17638,0.13947,0.22997,0.46636,0.19414,0.3,0.32558,0.24194,0.947367424
0.39423,0.17647,0.1988,0.14877,0.089021,0.24739,0.471,0.18874,0.19091,0.31395,0.24194,1
0.39423,0.17647,0.1988,0.14877,0.089021,0.24739,0.471,0.18874,0.19091,0.31395,0.24194,1
0.30769,0.35294,0.14458,0.17638,0.13947,0.22997,0.46636,0.19414,0.3,0.32558,0.24194,0.947367424
0.39423,0.17647,0.1988,0.14877,0.089021,0.24739,0.471,0.18874,0.19091,0.31395,0.24194,1
0.30769,0.35294,0.14458,0.17638,0.13947,0.22997,0.46636,0.19414,0.3,0.32558,0.24194,0.947367424
0.36538,0.27451,0.29518,0.16411,0.10979,0.29617,0.49188,0.21766,0.26364,0.24419,0.19355,0.947367424
0.25,0.18627,0.1747,0.050613,0.074184,0.20906,0.30394,0.10141,0.34545,0.43023,0.5,1
0.39423,0.17647,0.1988,0.14877,0.089021,0.24739,0.471,0.18874,0.19091,0.31395,0.24194,1
0.39423,0.17647,0.1988,0.14877,0.089021,0.24739,0.471,0.18874,0.19091,0.31395,0.24194,1
0.36538,0.27451,0.29518,0.16411,0.10979,0.29617,0.49188,0.21766,0.26364,0.24419,0.19355,0.947367424
0.36538,0.27451,0.29518,0.16411,0.10979,0.29617,0.49188,0.21766,0.26364,0.24419,0.19355,0.947367424
0.36538,0.27451,0.29518,0.16411,0.10979,0.29617,0.49188,0.21766,0.26364,0.24419,0.19355,0.947367424
0.36538,0.27451,0.29518,0.16411,0.10979,0.29617,0.49188,0.21766,0.26364,0.24419,0.19355,0.947367424
0.39423,0.17647,0.1988,0.14877,0.089021,0.24739,0.471,0.18874,0.19091,0.31395,0.24194,1
0.39423,0.17647,0.1988,0.14877,0.089021,0.24739,0.471,0.18874,0.19091,0.31395,0.24194,1
0.39423,0.17647,0.1988,0.14877,0.089021,0.24739,0.471,0.18874,0.19091,0.31395,0.24194,1
0.39423,0.17647,0.1988,0.14877,0.089021,0.24739,0.471,0.18874,0.19091,0.31395,0.24194,1
0.39423,0.17647,0.1988,0.14877,0.089021,0.24739,0.471,0.18874,0.19091,0.31395,0.24194,1
0.30769,0.35294,0.14458,0.17638,0.13947,0.22997,0.46636,0.19414,0.3,0.32558,0.24194,0.947367424
0.36538,0.27451,0.29518,0.16411,0.10979,0.29617,0.49188,0.21766,0.26364,0.24419,0.19355,0.947367424
0.39423,0.17647,0.1988,0.14877,0.089021,0.24739,0.471,0.18874,0.19091,0.31395,0.24194,1
0.39423,0.17647,0.1988,0.14877,0.089021,0.24739,0.471,0.18874,0.19091,0.31395,0.24194,1
0.39423,0.17647,0.1988,0.14877,0.089021,0.24739,0.471,0.18874,0.19091,0.31395,0.24194,1
0.39423,0.17647,0.1988,0.14877,0.089021,0.24739,0.471,0.18874,0.19091,0.31395,0.24194,1
0.39423,0.17647,0.1988,0.14877,0.089021,0.24739,0.471,0.18874,0.19091,0.31395,0.24194,1
0.30769,0.35294,0.14458,0.17638,0.13947,0.22997,0.46636,0.19414,0.3,0.32558,0.24194,0.947367424
0.39423,0.17647,0.1988,0.14877,0.089021,0.24739,0.471,0.18874,0.19091,0.31395,0.24194,1
0.30769,0.35294,0.14458,0.17638,0.13947,0.22997,0.46636,0.19414,0.3,0.32558,0.24194,0.947367424
0.36538,0.27451,0.29518,0.16411,0.10979,0.29617,0.49188,0.21766,0.26364,0.24419,0.19355,0.947367424
0.39423,0.17647,0.1988,0.14877,0.089021,0.24739,0.471,0.18874,0.19091,0.31395,0.24194,1
0.39423,0.17647,0.1988,0.14877,0.089021,0.24739,0.471,0.18874,0.19091,0.31395,0.24194,1
0.30769,0.35294,0.14458,0.17638,0.13947,0.22997,0.46636,0.19414,0.3,0.32558,0.24194,0.947367424
0.39423,0.17647,0.1988,0.14877,0.089021,0.24739,0.471,0.18874,0.19091,0.31395,0.24194,1
0.30769,0.35294,0.14458,0.17638,0.13947,0.22997,0.46636,0.19414,0.3,0.32558,0.24194,0.947367424
0.39423,0.17647,0.1988,0.14877,0.089021,0.24739,0.471,0.18874,0.19091,0.31395,0.24194,1
0.39423,0.17647,0.1988,0.14877,0.089021,0.24739,0.471,0.18874,0.19091,0.31395,0.24194,1
0.39423,0.17647,0.1988,0.14877,0.089021,0.24739,0.471,0.18874,0.19091,0.31395,0.24194,1
0.39423,0.17647,0.1988,0.14877,0.089021,0.24739,0.471,0.18874,0.19091,0.31395,0.24194,1
0.36538,0.27451,0.29518,0.16411,0.10979,0.29617,0.49188,0.21766,0.26364,0.24419,0.19355,0.947367424
0.30769,0.35294,0.14458,0.17638,0.13947,0.22997,0.46636,0.19414,0.3,0.32558,0.24194,0.947367424
0.30769,0.35294,0.14458,0.17638,0.13947,0.22997,0.46636,0.19414,0.3,0.32558,0.24194,0.947367424
0.39423,0.17647,0.1988,0.14877,0.089021,0.24739,0.471,0.18874,0.19091,0.31395,0.24194,1
0.39423,0.17647,0.1988,0.14877,0.089021,0.24739,0.471,0.18874,0.19091,0.31395,0.24194,1
0.39423,0.17647,0.1988,0.14877,0.089021,0.24739,0.471,0.18874,0.19091,0.31395,0.24194,1
0.36538,0.27451,0.29518,0.16411,0.10979,0.29617,0.49188,0.21766,0.26364,0.24419,0.19355,0.947367424
0.36538,0.27451,0.29518,0.16411,0.10979,0.29617,0.49188,0.21766,0.26364,0.24419,0.19355,0.947367424
0.30769,0.35294,0.14458,0.17638,0.13947,0.22997,0.46636,0.19414,0.3,0.32558,0.24194,0.947367424
0.36538,0.27451,0.29518,0.16411,0.10979,0.29617,0.49188,0.21766,0.26364,0.24419,0.19355,0.947367424
0.26923,0.20588,0.26506,0.12883,0.13056,0.20906,0.39211,0.18778,0.27273,0.26744,0.14516,0.947367424
0.39423,0.17647,0.1988,0.14877,0.089021,0.24739,0.471,0.18874,0.19091,0.31395,0.24194,1
0.35577,0.26471,0.28916,0.18098,0.13947,0.20557,0.38863,0.21053,0.22727,0.34884,0.12903,0.947367424
0.39423,0.17647,0.1988,0.14877,0.089021,0.24739,0.471,0.18874,0.19091,0.31395,0.24194,1
0.39423,0.17647,0.1988,0.14877,0.089021,0.24739,0.471,0.18874,0.19091,0.31395,0.24194,1
0.30769,0.35294,0.14458,0.17638,0.13947,0.22997,0.46636,0.19414,0.3,0.32558,0.24194,0.947367424
0.39423,0.17647,0.1988,0.14877,0.089021,0.24739,0.471,0.18874,0.19091,0.31395,0.24194,1
0.39423,0.17647,0.1988,0.14877,0.089021,0.24739,0.471,0.18874,0.19091,0.31395,0.24194,1
0.39423,0.17647,0.1988,0.14877,0.089021,0.24739,0.471,0.18874,0.19091,0.31395,0.24194,1
0.36538,0.27451,0.29518,0.16411,0.10979,0.29617,0.49188,0.21766,0.26364,0.24419,0.19355,0.947367424
0.36538,0.27451,0.29518,0.16411,0.10979,0.29617,0.49188,0.21766,0.26364,0.24419,0.19355,0.947367424
0.39423,0.17647,0.1988,0.14877,0.089021,0.24739,0.471,0.18874,0.19091,0.31395,0.24194,1
0.30769,0.35294,0.14458,0.17638,0.13947,0.22997,0.46636,0.19414,0.3,0.32558,0.24194,0.947367424
0.30769,0.35294,0.14458,0.17638,0.13947,0.22997,0.46636,0.19414,0.3,0.32558,0.24194,0.947367424
0.30769,0.35294,0.14458,0.17638,0.13947,0.22997,0.46636,0.19414,0.3,0.32558,0.24194,0.947367424
0.39423,0.17647,0.1988,0.14877,0.089021,0.24739,0.471,0.18874,0.19091,0.31395,0.24194,1
0.26923,0.20588,0.26506,0.12883,0.13056,0.20906,0.39211,0.18778,0.27273,0.26744,0.14516,0.947367424
0.39423,0.17647,0.1988,0.14877,0.089021,0.24739,0.471,0.18874,0.19091,0.31395,0.24194,1
0.39423,0.17647,0.1988,0.14877,0.089021,0.24739,0.471,0.18874,0.19091,0.31395,0.24194,1
0.30769,0.35294,0.14458,0.17638,0.13947,0.22997,0.46636,0.19414,0.3,0.32558,0.24194,0.947367424
0.30769,0.35294,0.14458,0.17638,0.13947,0.22997,0.46636,0.19414,0.3,0.32558,0.24194,0.947367424
