0.362385049034,0.297300386118,-0.927263081769,-0.672025919642,-0.401920991024,-0.856900814932
-0.66400719926,1.84295180204,-1.20082206078,1.396354843,0.398521502443,-0.0758835858238
-0.407409137187,2.66729922386,-1.20082206078,-0.672025919642,0.919705142343,-0.378250714552
0.683132626626,0.486213336953,-1.20082206078,-1.18748989519,-0.482298626799,-0.0538665618872
-0.718534287451,1.49947370961,-0.927263081769,-0.672025919642,1.33032468802,0.388969179556
-0.760231472538,1.03577828484,-1.20082206078,-0.672025919642,0.162513961089,0.34258664913
-0.760231472538,0.486213336953,-1.20082206078,-0.672025919642,-0.491157246177,-0.131953606782
-0.718534287451,-1.14530760208,0.987649771284,-0.672025919642,-0.641644920985,0.574205740942
1.1001044775,-1.14530760208,-1.20082206078,-0.672025919642,-0.803136571021,1.76620741686
-0.407409137187,-1.14530760208,0.166972834261,1.396354843,-0.713420742288,0.715408254455
4.21135598014,-0.320960180251,-1.20082206078,0.365426891903,-0.769042538459,-0.0585635269937
-0.819569774392,0.108387435283,0.987649771284,-0.672025919642,0.110601041023,1.07971661052
-0.407409137187,-0.681612177299,0.166972834261,-0.672025919642,-0.609990458371,0.771478275413
0.683132626626,0.967082666351,-0.380145123754,-1.18748989519,2.3741254758,-2.59008093921
-0.27911010615,-0.235090657144,0.987649771284,-0.672025919642,-0.365048406039,-1.01013930153
-0.27911010615,0.383169909225,-0.380145123754,1.396354843,-0.0457279871653,-0.0821951326856
1.1001044775,-0.458351417221,0.987649771284,1.396354843,-0.528886869623,-0.906365728709
1.1001044775,-1.14530760208,-0.380145123754,-1.18748989519,-0.720924045029,-0.079259529494
-0.599857683742,-0.578568749571,-0.380145123754,0.365426891903,-0.666490603977,0.930000847756
-0.718534287451,0.967082666351,-0.380145123754,0.365426891903,1.98682534874,-0.0805805509302
-0.819569774392,0.778169715516,-0.927263081769,1.396354843,0.242752078975,0.526648969239
-0.27911010615,-0.320960180251,-1.20082206078,-1.18748989519,-0.76462925033,0.786009511211
-0.66400719926,0.297300386118,-0.927263081769,-1.18748989519,-0.390769525457,0.506833647696
2.28687051459,-1.14530760208,0.166972834261,0.365426891903,-0.703617694122,-0.813160327378
-0.519670789344,-0.681612177299,0.166972834261,-0.672025919642,-0.609990458371,0.885966799883
1.6453753594,1.84295180204,-1.20082206078,1.396354843,0.398521502443,-1.3690167917
-0.407409137187,-1.14530760208,1.80832670831,-0.672025919642,-0.59823569292,-0.109202682048
-0.840418366936,1.84295180204,-1.20082206078,-0.672025919642,0.48411802717,-1.4793954717
-0.519670789344,1.84295180204,-1.20082206078,1.396354843,0.398521502443,0.229419146096
1.6453753594,-1.14530760208,-0.927263081769,0.365426891903,-0.777573674088,0.787183752488
0.089749608081,-0.458351417221,0.987649771284,-1.18748989519,-0.445739573774,-0.669902891631
-0.118736317354,1.84295180204,-1.20082206078,1.396354843,0.398521502443,0.286663408331
-0.819569774392,1.49947370961,-0.927263081769,0.365426891903,1.2485457407,0.0876295119448
1.1001044775,0.0912135306618,0.166972834261,-0.672025919642,-0.139024826158,-1.776772075
-0.718534287451,0.00534400755505,-0.380145123754,-1.18748989519,-0.381454789903,1.07487286526
-0.118736317354,-0.235090657144,0.987649771284,-0.672025919642,-0.365048406039,-1.26847238239
-0.840418366936,1.49947370961,-0.927263081769,1.396354843,1.18985623744,0.00616652337966
2.28687051459,0.0912135306618,0.166972834261,1.396354843,-0.259482425203,-2.12537495399
-0.27911010615,-1.14530760208,1.80832670831,-0.672025919642,-0.59823569292,-0.162043539495
0.089749608081,2.66729922386,-1.20082206078,-0.672025919642,0.919705142343,-0.577871731576
0.362385049034,0.486213336953,-1.20082206078,1.396354843,-0.513516137782,1.38604680356
-0.407409137187,-0.217916752523,0.166972834261,-1.18748989519,-0.433163032625,-0.151475368006
-0.407409137187,-0.424003607979,-0.927263081769,-0.672025919642,-0.718933232072,0.79320173903
0.089749608081,0.967082666351,-0.380145123754,0.365426891903,1.98682534874,-1.15647912063
-0.718534287451,-0.681612177299,0.166972834261,-0.672025919642,-0.609990458371,0.149130398807
3.08873945857,-0.681612177299,0.166972834261,1.396354843,-0.649050101254,-1.72598613979
-0.819569774392,0.554908955438,0.166972834261,-1.18748989519,1.10182198257,0.589470877538
2.28687051459,-0.887699032755,1.80832670831,-0.672025919642,-0.535399748667,-2.31941832495
-0.819569774392,0.383169909225,-0.380145123754,1.396354843,-0.0457279871653,1.73053983809
-0.66400719926,0.00534400755505,-0.380145123754,0.365426891903,-0.436293752731,1.63806833755
-0.27911010615,1.53382151886,-0.380145123754,-0.672025919642,3.21530335998,-2.04009568128
-0.856455745815,0.554908955438,0.166972834261,-0.672025919642,0.952668160104,0.37018131913
2.28687051459,-0.578568749571,-0.380145123754,1.396354843,-0.680502186271,-1.18877075573
-0.599857683742,-0.458351417221,0.987649771284,-1.18748989519,-0.445739573774,0.745057846689
3.08873945857,-1.14530760208,-0.927263081769,0.365426891903,-0.777573674088,0.0855745897107
-0.718534287451,-0.578568749571,-0.380145123754,-0.672025919642,-0.648063510467,0.360787388917
2.28687051459,-0.578568749571,-0.380145123754,-0.672025919642,-0.648063510467,-1.39029991483
-0.27911010615,-0.458351417221,1.80832670831,-0.672025919642,-0.391643428718,-0.562166254502
-0.407409137187,-0.801829509648,0.987649771284,-0.672025919642,-0.570304518149,0.153240243276
-0.66400719926,-0.458351417221,0.987649771284,1.396354843,-0.528886869623,0.865270797383
0.089749608081,-1.14530760208,0.166972834261,-1.18748989519,-0.675455778227,-0.0860114168346
-0.519670789344,-0.458351417221,1.80832670831,1.396354843,-0.4543981153,0.67548405105
-0.66400719926,-0.801829509648,0.987649771284,1.396354843,-0.611349607917,0.502430242909
-0.792306230297,1.53382151886,-0.380145123754,1.396354843,2.51596610781,1.35991993516
-0.519670789344,0.297300386118,-0.927263081769,0.365426891903,-0.418306677178,1.09483496696
-0.792306230297,0.0912135306618,0.166972834261,1.396354843,-0.259482425203,0.782340007222
-0.407409137187,1.01860438021,0.166972834261,1.396354843,2.86782715787,-0.62513494296
-0.118736317354,-1.14530760208,-0.380145123754,-1.18748989519,-0.720924045029,1.05828670723
-0.840418366936,0.554908955438,0.166972834261,0.365426891903,0.761865947992,1.23911986382
-0.519670789344,1.01860438021,0.166972834261,-0.672025919642,3.64172215673,-1.85427199926
-0.27911010615,2.23795160833,-0.927263081769,-0.672025919642,1.96081522798,-1.03758719137
-0.856455745815,1.49947370961,-0.927263081769,1.396354843,1.18985623744,-0.175840874496
-0.760231472538,-0.630090463435,1.80832670831,-0.672025919642,-0.455955809535,0.416710629716
-0.718534287451,-0.801829509648,0.987649771284,1.396354843,-0.611349607917,0.376199305673
0.683132626626,0.297300386118,-0.927263081769,0.365426891903,-0.418306677178,-1.31823085648
-0.27911010615,0.297300386118,-0.927263081769,-0.672025919642,-0.401920991024,0.759148742009
-0.519670789344,0.778169715516,-0.927263081769,1.396354843,0.242752078975,1.67300201553
-0.27911010615,-0.320960180251,-1.20082206078,1.396354843,-0.770927179835,0.529144231952
0.683132626626,1.03577828484,-1.20082206078,1.396354843,0.0977761273686,0.614276724506
-0.66400719926,0.967082666351,-0.380145123754,-0.672025919642,2.29372637573,-0.363719478754
-0.519670789344,-0.887699032755,1.80832670831,1.396354843,-0.577851516053,0.158377548861
-0.118736317354,-0.578568749571,-0.380145123754,-0.672025919642,-0.648063510467,0.880389153819
0.362385049034,-0.458351417221,0.987649771284,1.396354843,-0.528886869623,-0.449879432425
-0.599857683742,0.967082666351,-0.380145123754,0.365426891903,1.98682534874,0.101426846945
-0.27911010615,-1.14530760208,0.166972834261,-0.672025919642,-0.687811543815,0.710417729029
1.1001044775,2.66729922386,-1.20082206078,1.396354843,0.805867743794,-0.244533989177
0.362385049034,2.23795160833,-0.927263081769,1.396354843,1.77946496956,-1.72437155803
1.1001044775,-1.14530760208,-1.20082206078,1.396354843,-0.805266288601,1.4962787034
0.362385049034,-1.14530760208,0.166972834261,1.396354843,-0.713420742288,0.596516325197
-0.792306230297,1.01860438021,0.166972834261,1.396354843,2.86782715787,0.337742903864
-0.819569774392,2.66729922386,-1.20082206078,-0.672025919642,0.919705142343,-0.598420953917
0.362385049034,-0.320960180251,-1.20082206078,1.396354843,-0.770927179835,1.48761867399
-0.66400719926,-0.458351417221,1.80832670831,-0.672025919642,-0.391643428718,0.870408102968
-0.599857683742,-0.681612177299,0.166972834261,1.396354843,-0.649050101254,0.584333571953
0.089749608081,0.383169909225,-0.380145123754,1.396354843,-0.0457279871653,-0.224571887475
-0.118736317354,-1.14530760208,-1.20082206078,-1.18748989519,-0.802292717766,1.18950816989
1.6453753594,-1.14530760208,-1.20082206078,-0.672025919642,-0.803136571021,1.62529846367
1.1001044775,-0.887699032755,1.80832670831,1.396354843,-0.577851516053,-0.979168687859
-0.819569774392,2.66729922386,-1.20082206078,1.396354843,0.805867743794,-1.3116257493
-0.718534287451,-0.801829509648,0.987649771284,-1.18748989519,-0.550529007238,0.625872357113
0.362385049034,1.84295180204,-1.20082206078,-1.18748989519,0.518039272192,-0.410542349659
0.362385049034,-0.458351417221,1.80832670831,-0.672025919642,-0.391643428718,-1.31074506834
-0.407409137187,-0.217916752523,0.166972834261,0.365426891903,-0.503831143215,0.847510398074
-0.819569774392,1.84295180204,-1.20082206078,-1.18748989519,0.518039272192,-0.936015320944
1.6453753594,-1.14530760208,0.166972834261,1.396354843,-0.713420742288,-0.332602084924
1.1001044775,1.53382151886,-0.380145123754,-0.672025919642,3.21530335998,-3.02205494885
-0.66400719926,-1.14530760208,-0.380145123754,1.396354843,-0.743170249109,0.295323437746
0.089749608081,1.03577828484,-1.20082206078,1.396354843,0.0977761273686,1.31588588728
0.089749608081,0.108387435283,0.987649771284,-0.672025919642,0.110601041023,-1.53884143633
-0.66400719926,-1.14530760208,0.987649771284,-0.672025919642,-0.641644920985,0.794375980307
-0.519670789344,-0.424003607979,-0.927263081769,-0.672025919642,-0.718933232072,0.533400856579
-0.819569774392,0.00534400755505,-0.380145123754,-1.18748989519,-0.381454789903,0.216208931734
0.089749608081,-0.801829509648,0.987649771284,0.365426891903,-0.595639280335,-0.154264191038
-0.519670789344,-1.14530760208,0.987649771284,-0.672025919642,-0.641644920985,0.67548405105
-0.519670789344,-0.235090657144,0.987649771284,-0.672025919642,-0.365048406039,0.136213744765
-0.760231472538,0.00534400755505,-0.380145123754,0.365426891903,-0.436293752731,0.667851482752
-0.519670789344,-1.14530760208,0.166972834261,1.396354843,-0.713420742288,0.606790936368
2.28687051459,-1.14530760208,0.166972834261,1.396354843,-0.713420742288,-0.667260848759
-0.27911010615,0.00534400755505,-0.380145123754,1.396354843,-0.469334961837,1.43477781654
-0.856455745815,2.66729922386,-1.20082206078,-0.672025919642,0.919705142343,-1.28094869595
-0.840418366936,-0.458351417221,1.80832670831,1.396354843,-0.4543981153,0.235143572319
-0.27911010615,1.49947370961,-0.927263081769,-0.672025919642,1.33032468802,-0.198151458751
-0.118736317354,2.66729922386,-1.20082206078,1.396354843,0.805867743794,0.191403084766
1.6453753594,-1.14530760208,-1.20082206078,1.396354843,-0.805266288601,0.74476428637
-0.519670789344,-1.14530760208,1.80832670831,-1.18748989519,-0.582039352472,-0.0642879532172
-0.407409137187,0.00534400755505,-0.380145123754,-1.18748989519,-0.381454789903,-0.0656089746534
-0.407409137187,-0.801829509648,0.987649771284,-1.18748989519,-0.550529007238,0.147369036893
2.28687051459,-1.14530760208,-1.20082206078,-0.672025919642,-0.803136571021,1.25981586632
-0.718534287451,-1.14530760208,1.80832670831,0.365426891903,-0.61897709691,0.426104559929
-0.718534287451,-0.458351417221,0.987649771284,-1.18748989519,-0.445739573774,0.815512323286
-0.27911010615,0.554908955438,0.166972834261,-0.672025919642,0.952668160104,-1.0080843793
-0.118736317354,0.108387435283,0.987649771284,1.396354843,-0.0356397705667,-0.397038574978
-0.856455745815,1.49947370961,-0.927263081769,-1.18748989519,1.38597852731,-0.707185052163
-0.840418366936,-0.235090657144,0.987649771284,-0.672025919642,-0.365048406039,0.325560150619
0.089749608081,0.967082666351,-0.380145123754,-0.672025919642,2.29372637573,-1.72290375643
1.6453753594,-1.14530760208,-0.380145123754,-1.18748989519,-0.720924045029,-0.675186977376
-0.407409137187,0.486213336953,-1.20082206078,-0.672025919642,-0.491157246177,0.938073756533
0.683132626626,1.01860438021,0.166972834261,-0.672025919642,3.64172215673,-3.03291668066
0.683132626626,-0.424003607979,-0.927263081769,-0.672025919642,-0.718933232072,0.731554072008
-0.792306230297,0.554908955438,0.166972834261,-0.672025919642,0.952668160104,0.521364883494
-0.66400719926,2.23795160833,-0.927263081769,1.396354843,1.77946496956,-0.0349319213018
0.089749608081,1.49947370961,-0.927263081769,-1.18748989519,1.38597852731,-0.990470760147
-0.66400719926,-0.887699032755,1.80832670831,1.396354843,-0.577851516053,0.341852748332
-0.407409137187,0.967082666351,-0.380145123754,1.396354843,1.75347018044,-0.00660335050352
0.362385049034,1.53382151886,-0.380145123754,-0.672025919642,3.21530335998,-2.66978256586
-0.407409137187,-1.14530760208,-0.927263081769,-1.18748989519,-0.773722827032,0.912534008766
-0.519670789344,-0.217916752523,0.166972834261,-1.18748989519,-0.433163032625,-0.117715931303
-0.519670789344,-1.14530760208,-0.380145123754,1.396354843,-0.743170249109,0.813457401052
1.6453753594,-1.14530760208,1.80832670831,0.365426891903,-0.61897709691,-1.22076883052
-0.792306230297,0.297300386118,-0.927263081769,-1.18748989519,-0.390769525457,-0.692360256046
-0.407409137187,1.49947370961,-0.927263081769,-0.672025919642,1.33032468802,0.00734076465628
-0.407409137187,-0.630090463435,1.80832670831,1.396354843,-0.509627268268,0.252610411309
-0.66400719926,0.0912135306618,0.166972834261,-0.672025919642,-0.139024826158,1.11039366388
-0.519670789344,-0.458351417221,0.987649771284,-1.18748989519,-0.445739573774,0.48819256743
-0.718534287451,1.84295180204,-1.20082206078,-0.672025919642,0.48411802717,-0.0409499078445
-0.599857683742,0.0912135306618,0.166972834261,1.396354843,-0.259482425203,1.39147766947
-0.27911010615,-0.630090463435,1.80832670831,0.365426891903,-0.489109706166,-0.253047238433
-0.27911010615,-1.14530760208,1.80832670831,0.365426891903,-0.61897709691,0.267581987586
1.6453753594,-0.887699032755,1.80832670831,-0.672025919642,-0.535399748667,-1.84091500473
-0.819569774392,-1.14530760208,0.987649771284,0.365426891903,-0.660177036203,-0.771034421579
-0.599857683742,1.03577828484,-1.20082206078,-0.672025919642,0.162513961089,0.903286858713
-0.792306230297,0.108387435283,0.987649771284,-0.672025919642,0.110601041023,1.06357079297
0.683132626626,-0.458351417221,0.987649771284,-0.672025919642,-0.472774614411,-1.04859570334
-0.599857683742,-1.14530760208,-0.380145123754,-1.18748989519,-0.720924045029,0.957008397118
-0.856455745815,0.486213336953,-1.20082206078,-1.18748989519,-0.482298626799,-0.828865804453
-0.819569774392,-0.630090463435,1.80832670831,-1.18748989519,-0.430066042119,-0.245855010614
-0.819569774392,0.778169715516,-0.927263081769,-0.672025919642,0.317555131839,0.616038086421
-0.118736317354,-0.578568749571,-0.380145123754,-1.18748989519,-0.643236344819,0.821823870148
-0.27911010615,2.23795160833,-0.927263081769,1.396354843,1.77946496956,-0.695442639397
-0.599857683742,-1.14530760208,0.166972834261,0.365426891903,-0.703617694122,0.556298561473
-0.519670789344,0.486213336953,-1.20082206078,1.396354843,-0.513516137782,1.00735399185
0.362385049034,-1.14530760208,0.987649771284,1.396354843,-0.671668864093,0.151332101201
-0.118736317354,-1.14530760208,-0.927263081769,-0.672025919642,-0.775282207747,1.48908647558
-0.407409137187,0.486213336953,-1.20082206078,-1.18748989519,-0.482298626799,0.916350292915
-0.407409137187,-0.424003607979,-0.927263081769,1.396354843,-0.726523158557,-0.0697188191215
0.362385049034,-1.14530760208,-1.20082206078,-0.672025919642,-0.803136571021,1.54897278069
0.683132626626,0.383169909225,-0.380145123754,1.396354843,-0.0457279871653,-1.18451413111
-0.519670789344,0.108387435283,0.987649771284,-0.672025919642,0.110601041023,-0.235433619284
0.362385049034,-1.14530760208,-0.927263081769,-1.18748989519,-0.773722827032,1.36755250345
0.089749608081,-0.235090657144,0.987649771284,1.396354843,-0.437803918893,-0.245561450295
-0.27911010615,-1.14530760208,-0.927263081769,-0.672025919642,-0.775282207747,1.19259055324
-0.118736317354,1.03577828484,-1.20082206078,-0.672025919642,0.162513961089,0.621468952326
-0.599857683742,-0.458351417221,0.987649771284,0.365426891903,-0.507409547097,1.07751490813
-0.66400719926,0.00534400755505,-0.380145123754,-1.18748989519,-0.381454789903,1.18789358813
1.6453753594,-1.14530760208,-0.927263081769,-0.672025919642,-0.775282207747,0.546757851101
3.08873945857,-1.14530760208,-1.20082206078,0.365426891903,-0.804376440437,0.977557619459
-0.66400719926,-0.578568749571,-0.380145123754,1.396354843,-0.680502186271,0.921927938979
-0.407409137187,1.84295180204,-1.20082206078,-1.18748989519,0.518039272192,0.301341424289
1.1001044775,-0.578568749571,-0.380145123754,0.365426891903,-0.666490603977,-0.140026515559
-0.118736317354,0.486213336953,-1.20082206078,1.396354843,-0.513516137782,1.63850867803
-0.519670789344,0.00534400755505,-0.380145123754,-0.672025919642,-0.392839296339,1.11582452978
3.08873945857,-0.458351417221,1.80832670831,1.396354843,-0.4543981153,-2.55221165804
-0.66400719926,2.66729922386,-1.20082206078,1.396354843,0.805867743794,-0.22985597322
-0.718534287451,-0.320960180251,-1.20082206078,-1.18748989519,-0.76462925033,-0.692066695727
-0.760231472538,-0.630090463435,1.80832670831,-1.18748989519,-0.430066042119,0.404381096311
-0.840418366936,1.84295180204,-1.20082206078,-1.18748989519,0.518039272192,-1.15031435393
-0.118736317354,0.554908955438,0.166972834261,-1.18748989519,1.10182198257,-1.4771937693
-0.407409137187,-0.630090463435,1.80832670831,-0.672025919642,-0.455955809535,-0.295173144231
1.1001044775,0.383169909225,-0.380145123754,-0.672025919642,0.119148428187,-1.71483084766
0.089749608081,-0.801829509648,0.987649771284,-0.672025919642,-0.570304518149,-0.464704228543
-0.27911010615,0.297300386118,-0.927263081769,0.365426891903,-0.418306677178,1.21079129303
1.6453753594,-1.14530760208,0.166972834261,-0.672025919642,-0.687811543815,-0.622346119928
1.1001044775,-0.458351417221,0.987649771284,-0.672025919642,-0.472774614411,-1.5476482459
-0.27911010615,0.108387435283,0.987649771284,1.396354843,-0.0356397705667,-0.30603487604
-0.718534287451,-0.235090657144,0.987649771284,1.396354843,-0.437803918893,1.02849033483
-0.66400719926,-1.14530760208,-0.927263081769,1.396354843,-0.779218145384,0.905195000787
-0.599857683742,-0.801829509648,0.987649771284,-0.672025919642,-0.570304518149,0.639082571475
-0.27911010615,-1.14530760208,0.987649771284,0.365426891903,-0.660177036203,0.256426695458
-0.718534287451,-1.14530760208,1.80832670831,-1.18748989519,-0.582039352472,0.631450003177
-0.599857683742,1.84295180204,-1.20082206078,-0.672025919642,0.48411802717,1.97874508793
-0.599857683742,-1.14530760208,1.80832670831,-0.672025919642,-0.59823569292,0.455900932323
-0.792306230297,1.03577828484,-1.20082206078,-0.672025919642,0.162513961089,0.107738393807
0.683132626626,-0.320960180251,-1.20082206078,-0.672025919642,-0.766416459158,1.56071519346
-0.27911010615,-0.801829509648,0.987649771284,-1.18748989519,-0.550529007238,-0.257744203539
-0.519670789344,-0.630090463435,1.80832670831,-0.672025919642,-0.455955809535,0.14810293769
3.08873945857,-0.887699032755,1.80832670831,-0.672025919642,-0.535399748667,-2.74214518454
-0.792306230297,-0.217916752523,0.166972834261,-1.18748989519,-0.433163032625,0.438580873493
-0.118736317354,1.01860438021,0.166972834261,1.396354843,2.86782715787,-1.40306978872
0.362385049034,-0.217916752523,0.166972834261,1.396354843,-0.528429986865,-0.49347313982
0.683132626626,-1.14530760208,-0.380145123754,0.365426891903,-0.734806074997,0.523566585888
-0.118736317354,-1.14530760208,-1.20082206078,0.365426891903,-0.804376440437,0.775000999243
1.6453753594,-0.630090463435,1.80832670831,1.396354843,-0.509627268268,-1.49113788446
0.362385049034,-1.14530760208,1.80832670831,1.396354843,-0.63181274271,-0.25422147971
-0.27911010615,0.967082666351,-0.380145123754,0.365426891903,1.98682534874,-0.914291857326
-0.760231472538,2.66729922386,-1.20082206078,-0.672025919642,0.919705142343,0.731407291849
-0.718534287451,-0.235090657144,0.987649771284,-0.672025919642,-0.365048406039,1.0594609485
-0.407409137187,1.53382151886,-0.380145123754,1.396354843,2.51596610781,-0.479235464341
0.089749608081,0.554908955438,0.166972834261,0.365426891903,0.761865947992,-1.42494003249
-0.718534287451,-0.578568749571,-0.380145123754,-1.18748989519,-0.643236344819,0.610460440357
-0.819569774392,-0.235090657144,0.987649771284,-0.672025919642,-0.365048406039,0.718930978285
-0.599857683742,0.383169909225,-0.380145123754,1.396354843,-0.0457279871653,1.56174265457
-0.27911010615,0.108387435283,0.987649771284,0.365426891903,0.0203360330833,-0.651555371684
0.362385049034,2.66729922386,-1.20082206078,1.396354843,0.805867743794,-0.128577663112
-0.856455745815,0.383169909225,-0.380145123754,-0.672025919642,0.119148428187,1.26627419335
-0.599857683742,0.00534400755505,-0.380145123754,1.396354843,-0.469334961837,1.75622636601
-0.840418366936,0.967082666351,-0.380145123754,0.365426891903,1.98682534874,1.24777989324
-0.519670789344,-0.217916752523,0.166972834261,0.365426891903,-0.503831143215,0.878334231585
-0.599857683742,-0.217916752523,0.166972834261,1.396354843,-0.528429986865,1.2341293384
-0.407409137187,-0.320960180251,-1.20082206078,-0.672025919642,-0.766416459158,0.172174883861
-0.118736317354,-1.14530760208,-1.20082206078,1.396354843,-0.805266288601,1.30840009914
-0.118736317354,0.108387435283,0.987649771284,-1.18748989519,0.181057575034,-1.48012937249
-0.66400719926,0.554908955438,0.166972834261,0.365426891903,0.761865947992,0.260096199447
-0.718534287451,-0.578568749571,-0.380145123754,0.365426891903,-0.666490603977,0.265086724873
0.089749608081,-1.14530760208,-0.927263081769,-0.672025919642,-0.775282207747,1.63586663516
-0.118736317354,-0.320960180251,-1.20082206078,0.365426891903,-0.769042538459,0.638642230996
-0.718534287451,1.49947370961,-0.927263081769,-1.18748989519,1.38597852731,-0.0158505005569
-0.118736317354,0.297300386118,-0.927263081769,-0.672025919642,-0.401920991024,0.392198343067
3.08873945857,-1.14530760208,-1.20082206078,-1.18748989519,-0.802292717766,0.614129944347
-0.66400719926,-0.235090657144,0.987649771284,-0.672025919642,-0.365048406039,0.689574946369
-0.66400719926,-0.320960180251,-1.20082206078,-1.18748989519,-0.76462925033,-0.314841685615
0.683132626626,-0.801829509648,0.987649771284,0.365426891903,-0.595639280335,-0.634235312854
-0.840418366936,-1.14530760208,1.80832670831,-1.18748989519,-0.582039352472,-0.909741672379
0.089749608081,-0.578568749571,-0.380145123754,0.365426891903,-0.666490603977,0.856610767968
-0.519670789344,0.967082666351,-0.380145123754,-1.18748989519,2.3741254758,-0.884495484932
-0.760231472538,-0.458351417221,0.987649771284,0.365426891903,-0.507409547097,0.370034538971
-0.718534287451,0.778169715516,-0.927263081769,1.396354843,0.242752078975,1.29430920383
0.089749608081,-1.14530760208,0.987649771284,-0.672025919642,-0.641644920985,-0.0246573101315
2.28687051459,-0.578568749571,-0.380145123754,0.365426891903,-0.666490603977,-1.3406882209
-0.599857683742,-1.14530760208,0.166972834261,1.396354843,-0.713420742288,0.369007077853
0.683132626626,-1.14530760208,-1.20082206078,0.365426891903,-0.804376440437,1.61605131362
1.1001044775,0.383169909225,-0.380145123754,1.396354843,-0.0457279871653,-1.10672064653
-0.760231472538,0.0912135306618,0.166972834261,-0.672025919642,-0.139024826158,1.15442771175
-0.819569774392,0.0912135306618,0.166972834261,1.396354843,-0.259482425203,0.575379982218
1.1001044775,-0.217916752523,0.166972834261,0.365426891903,-0.503831143215,-1.10173012111
-0.118736317354,0.486213336953,-1.20082206078,-0.672025919642,-0.491157246177,0.945412764511
-0.760231472538,-0.217916752523,0.166972834261,-1.18748989519,-0.433163032625,0.717463176689
0.683132626626,-1.14530760208,-1.20082206078,-1.18748989519,-0.802292717766,2.02762288107
1.1001044775,1.49947370961,-0.927263081769,-0.672025919642,1.33032468802,-2.22078205772
-0.519670789344,0.554908955438,0.166972834261,1.396354843,0.643528714228,-0.310291500668
-0.519670789344,1.03577828484,-1.20082206078,1.396354843,0.0977761273686,1.21167197398
1.6453753594,-1.14530760208,0.987649771284,1.396354843,-0.671668864093,-0.993553143498
0.683132626626,-0.217916752523,0.166972834261,1.396354843,-0.528429986865,-0.69456195844
0.683132626626,-0.320960180251,-1.20082206078,-1.18748989519,-0.76462925033,1.53458832505
1.6453753594,-0.217916752523,0.166972834261,0.365426891903,-0.503831143215,-1.44813129771
-0.519670789344,-1.14530760208,1.80832670831,0.365426891903,-0.61897709691,0.18978850301
-0.718534287451,0.108387435283,0.987649771284,1.396354843,-0.0356397705667,1.31735368888
0.089749608081,1.49947370961,-0.927263081769,-0.672025919642,1.33032468802,-0.628217326311
-0.599857683742,-0.578568749571,-0.380145123754,1.396354843,-0.680502186271,0.974768796427
-0.118736317354,-1.14530760208,1.80832670831,1.396354843,-0.63181274271,0.114196720828
0.089749608081,0.383169909225,-0.380145123754,-0.672025919642,0.119148428187,-0.798922651899
-0.27911010615,1.01860438021,0.166972834261,-0.672025919642,3.64172215673,-2.24177162054
-0.792306230297,-0.801829509648,0.987649771284,-1.18748989519,-0.550529007238,-0.2019677429
-0.840418366936,0.967082666351,-0.380145123754,1.396354843,1.75347018044,0.99443733781
-0.760231472538,-0.458351417221,0.987649771284,1.396354843,-0.528886869623,0.288424770246
-0.66400719926,0.554908955438,0.166972834261,1.396354843,0.643528714228,0.599745488708
-0.792306230297,-0.630090463435,1.80832670831,0.365426891903,-0.489109706166,0.200503454659
-0.66400719926,-1.14530760208,0.166972834261,1.396354843,-0.713420742288,0.150304640084
-0.27911010615,-0.801829509648,0.987649771284,-0.672025919642,-0.570304518149,-0.292971441838
-0.407409137187,1.49947370961,-0.927263081769,1.396354843,1.18985623744,0.773826757966
-0.792306230297,0.554908955438,0.166972834261,1.396354843,0.643528714228,1.50978247808
-0.760231472538,-1.14530760208,1.80832670831,-1.18748989519,-0.582039352472,0.37018131913
-0.792306230297,0.778169715516,-0.927263081769,-0.672025919642,0.317555131839,0.86262875451
-0.792306230297,-0.235090657144,0.987649771284,-0.672025919642,-0.365048406039,0.943504622437
-0.66400719926,-1.14530760208,1.80832670831,-1.18748989519,-0.582039352472,0.651999225518
-0.819569774392,0.967082666351,-0.380145123754,-1.18748989519,2.3741254758,-0.0111535354504
-0.407409137187,-1.14530760208,0.166972834261,-0.672025919642,-0.687811543815,0.912974349245
0.362385049034,-0.424003607979,-0.927263081769,-0.672025919642,-0.718933232072,1.02951779595
-0.599857683742,-0.681612177299,0.166972834261,-0.672025919642,-0.609990458371,0.850739561584
0.362385049034,0.554908955438,0.166972834261,0.365426891903,0.761865947992,-1.73904957399
1.6453753594,-0.424003607979,-0.927263081769,-0.672025919642,-0.718933232072,-0.645243824822
0.683132626626,-1.14530760208,0.166972834261,-1.18748989519,-0.675455778227,-0.351683505669
-0.599857683742,-1.14530760208,-1.20082206078,-1.18748989519,-0.802292717766,0.0490263299761
-0.407409137187,0.00534400755505,-0.380145123754,1.396354843,-0.469334961837,1.74448395325
-0.819569774392,-0.801829509648,0.987649771284,-0.672025919642,-0.570304518149,-0.683406666312
2.28687051459,-1.14530760208,1.80832670831,-1.18748989519,-0.582039352472,-2.42598072081
1.1001044775,0.108387435283,0.987649771284,1.396354843,-0.0356397705667,-1.31735017552
-0.840418366936,2.23795160833,-0.927263081769,1.396354843,1.77946496956,-0.8334159894
-0.792306230297,2.66729922386,-1.20082206078,-0.672025919642,0.919705142343,-0.20211452306
0.683132626626,-0.217916752523,0.166972834261,-0.672025919642,-0.464167433866,-1.138425161
0.089749608081,0.0912135306618,0.166972834261,-0.672025919642,-0.139024826158,-1.90447081383
-0.66400719926,0.486213336953,-1.20082206078,-0.672025919642,-0.491157246177,0.619560810251
-0.840418366936,-0.458351417221,0.987649771284,-1.18748989519,-0.445739573774,-0.675774098014
0.683132626626,-1.14530760208,0.166972834261,0.365426891903,-0.703617694122,0.0601816221039
-0.718534287451,0.486213336953,-1.20082206078,0.365426891903,-0.504174571865,0.0967298818385
0.362385049034,-1.14530760208,0.987649771284,0.365426891903,-0.660177036203,-0.202995204017
-0.819569774392,0.554908955438,0.166972834261,0.365426891903,0.761865947992,1.1099533234
-0.760231472538,0.778169715516,-0.927263081769,-0.672025919642,0.317555131839,1.05197516036
0.362385049034,-1.14530760208,-1.20082206078,0.365426891903,-0.804376440437,1.23735850191
1.6453753594,-0.578568749571,-0.380145123754,0.365426891903,-0.666490603977,-0.619997637375
0.089749608081,2.23795160833,-0.927263081769,-0.672025919642,1.96081522798,-1.73038954457
0.362385049034,0.967082666351,-0.380145123754,-1.18748989519,2.3741254758,-2.40513793815
-0.118736317354,-1.14530760208,-0.927263081769,-1.18748989519,-0.773722827032,1.47910542473
1.1001044775,-1.14530760208,0.987649771284,0.365426891903,-0.660177036203,-0.936896001901
-0.599857683742,0.486213336953,-1.20082206078,-0.672025919642,-0.491157246177,0.819181827275
-0.66400719926,-1.14530760208,0.166972834261,-1.18748989519,-0.675455778227,0.634679166687
-0.407409137187,-1.14530760208,-0.927263081769,-0.672025919642,-0.775282207747,0.897562432489
0.362385049034,0.383169909225,-0.380145123754,1.396354843,-0.0457279871653,-0.667847969397
-0.407409137187,1.03577828484,-1.20082206078,-0.672025919642,0.162513961089,0.760910103923
0.362385049034,0.967082666351,-0.380145123754,1.396354843,1.75347018044,-0.994433824455
-0.519670789344,-0.801829509648,0.987649771284,-1.18748989519,-0.550529007238,0.570095896474
0.089749608081,-1.14530760208,-0.927263081769,0.365426891903,-0.777573674088,1.47264709771
-0.819569774392,1.01860438021,0.166972834261,-0.672025919642,3.64172215673,-1.28770058329
0.362385049034,0.108387435283,0.987649771284,-0.672025919642,0.110601041023,-1.57260087303
-0.718534287451,-0.458351417221,0.987649771284,-0.672025919642,-0.472774614411,0.702491600412
-0.599857683742,-1.14530760208,0.987649771284,0.365426891903,-0.660177036203,0.513291974717
0.089749608081,-0.681612177299,0.166972834261,-0.672025919642,-0.609990458371,-0.275064262369
-0.519670789344,-0.630090463435,1.80832670831,-1.18748989519,-0.430066042119,0.00660686385839
-0.840418366936,0.486213336953,-1.20082206078,-0.672025919642,-0.491157246177,-1.15501131903
0.683132626626,-0.801829509648,0.987649771284,1.396354843,-0.611349607917,-0.290182618806
-0.27911010615,0.778169715516,-0.927263081769,1.396354843,0.242752078975,1.25027515595
1.1001044775,-0.320960180251,-1.20082206078,-1.18748989519,-0.76462925033,1.18965495005
3.08873945857,-1.14530760208,-0.927263081769,-0.672025919642,-0.775282207747,-0.118156271782
-0.407409137187,-1.14530760208,-0.927263081769,1.396354843,-0.779218145384,0.717316396529
-0.118736317354,1.01860438021,0.166972834261,-0.672025919642,3.64172215673,-2.62927124182
-0.27911010615,2.66729922386,-1.20082206078,1.396354843,0.805867743794,0.3528612603
0.089749608081,-1.14530760208,-0.380145123754,1.396354843,-0.743170249109,1.05124125957
0.683132626626,1.53382151886,-0.380145123754,-0.672025919642,3.21530335998,-2.7255590265
-0.27911010615,-1.14530760208,0.987649771284,-1.18748989519,-0.627180288842,-0.196390096836
-0.760231472538,-0.458351417221,0.987649771284,-1.18748989519,-0.445739573774,0.608552298283
0.362385049034,-0.458351417221,0.987649771284,-0.672025919642,-0.472774614411,-0.826957662378
-0.760231472538,-1.14530760208,1.80832670831,-0.672025919642,-0.59823569292,0.317927582321
-0.27911010615,-1.14530760208,1.80832670831,1.396354843,-0.63181274271,0.391611222428
-0.27911010615,-0.630090463435,1.80832670831,1.396354843,-0.509627268268,0.107298053328
-0.760231472538,-0.801829509648,0.987649771284,0.365426891903,-0.595639280335,-0.0148230394398
-0.66400719926,-0.458351417221,0.987649771284,-0.672025919642,-0.472774614411,0.833125942435
2.28687051459,-1.14530760208,-1.20082206078,-1.18748989519,-0.802292717766,1.38472578212
-0.27911010615,-0.458351417221,0.987649771284,1.396354843,-0.528886869623,0.209163484074
-0.599857683742,-1.14530760208,1.80832670831,0.365426891903,-0.61897709691,0.318955043438
0.362385049034,1.53382151886,-0.380145123754,1.396354843,2.51596610781,-1.68723617766
-0.519670789344,0.554908955438,0.166972834261,-1.18748989519,1.10182198257,-0.90621894855
0.683132626626,1.01860438021,0.166972834261,1.396354843,2.86782715787,-2.45988693767
-0.519670789344,2.23795160833,-0.927263081769,-0.672025919642,1.96081522798,-0.904017246156
1.1001044775,-0.458351417221,0.987649771284,0.365426891903,-0.507409547097,-1.12125188233
-0.27911010615,0.554908955438,0.166972834261,0.365426891903,0.761865947992,-0.776171727165
0.089749608081,0.554908955438,0.166972834261,-0.672025919642,0.952668160104,-1.65391708143
-0.760231472538,1.49947370961,-0.927263081769,-1.18748989519,1.38597852731,-0.161162858538
1.6453753594,2.66729922386,-1.20082206078,1.396354843,0.805867743794,-0.460300823755
-0.407409137187,0.967082666351,-0.380145123754,-1.18748989519,2.3741254758,-1.51418236952
-0.66400719926,-0.887699032755,1.80832670831,-0.672025919642,-0.535399748667,0.592700041048
0.683132626626,-1.14530760208,0.987649771284,1.396354843,-0.671668864093,-0.0717737413556
-0.760231472538,0.967082666351,-0.380145123754,-1.18748989519,2.3741254758,-0.89917350089
-0.718534287451,0.00534400755505,-0.380145123754,1.396354843,-0.469334961837,0.976823718661
-0.66400719926,0.486213336953,-1.20082206078,0.365426891903,-0.504174571865,0.482761701525
1.6453753594,-0.320960180251,-1.20082206078,-1.18748989519,-0.76462925033,0.32511981014
1.1001044775,0.967082666351,-0.380145123754,-1.18748989519,2.3741254758,-2.57246732007
5.49434629051,-1.14530760208,-1.20082206078,1.396354843,-0.805266288601,-0.231323774816
1.1001044775,-0.801829509648,0.987649771284,-1.18748989519,-0.550529007238,-1.4173074642
-0.599857683742,-0.458351417221,1.80832670831,1.396354843,-0.4543981153,0.913267909564
-0.819569774392,-1.14530760208,0.987649771284,-1.18748989519,-0.627180288842,-0.616181353226
0.683132626626,0.554908955438,0.166972834261,-0.672025919642,0.952668160104,-2.00472166282
-0.407409137187,-0.458351417221,0.987649771284,1.396354843,-0.528886869623,0.686199002699
0.089749608081,-0.801829509648,0.987649771284,-1.18748989519,-0.550529007238,-0.4793822445
-0.66400719926,0.108387435283,0.987649771284,-0.672025919642,0.110601041023,0.221052677
-0.519670789344,-1.14530760208,-0.927263081769,-1.18748989519,-0.773722827032,0.657136531103
-0.118736317354,-1.14530760208,1.80832670831,0.365426891903,-0.61897709691,-0.100836212952
-0.27911010615,1.84295180204,-1.20082206078,-1.18748989519,0.518039272192,-0.0641411730576
-0.792306230297,0.00534400755505,-0.380145123754,-1.18748989519,-0.381454789903,0.514172655675
-0.407409137187,0.108387435283,0.987649771284,0.365426891903,0.0203360330833,-0.211214892954
-0.718534287451,1.53382151886,-0.380145123754,1.396354843,2.51596610781,-0.367682543062
2.28687051459,-1.14530760208,-1.20082206078,0.365426891903,-0.804376440437,1.43404391574
-0.66400719926,-0.217916752523,0.166972834261,-1.18748989519,-0.433163032625,0.983135265523
-0.407409137187,-0.217916752523,0.166972834261,-0.672025919642,-0.464167433866,0.216355711894
1.6453753594,-1.14530760208,1.80832670831,-1.18748989519,-0.582039352472,-2.09572536176
4.21135598014,-1.14530760208,-1.20082206078,1.396354843,-0.805266288601,0.834300183712
-0.840418366936,1.53382151886,-0.380145123754,-0.672025919642,3.21530335998,-0.0218684870995
-0.407409137187,0.297300386118,-0.927263081769,-0.672025919642,-0.401920991024,0.905928901585
5.49434629051,-1.14530760208,0.987649771284,1.396354843,-0.671668864093,-1.51462271
-0.118736317354,0.967082666351,-0.380145123754,0.365426891903,1.98682534874,-1.13592989829
-0.819569774392,-0.458351417221,0.987649771284,-0.672025919642,-0.472774614411,-0.376342572477
-0.407409137187,1.49947370961,-0.927263081769,-1.18748989519,1.38597852731,-0.485547011203
0.362385049034,-1.14530760208,-0.380145123754,-0.672025919642,-0.723806392628,0.441516476684
-0.599857683742,-0.630090463435,1.80832670831,-0.672025919642,-0.455955809535,0.516521138228
-0.599857683742,1.01860438021,0.166972834261,-0.672025919642,3.64172215673,-1.48585379872
3.08873945857,-1.14530760208,-0.927263081769,1.396354843,-0.779218145384,0.0626768848167
1.6453753594,-1.14530760208,-0.927263081769,1.396354843,-0.779218145384,0.894920389617
0.683132626626,-1.14530760208,1.80832670831,-0.672025919642,-0.59823569292,-1.028046481
-0.118736317354,-0.458351417221,0.987649771284,0.365426891903,-0.507409547097,-0.353591647743
-0.819569774392,1.84295180204,-1.20082206078,-0.672025919642,0.48411802717,-1.41628000308
0.683132626626,-1.14530760208,0.987649771284,-1.18748989519,-0.627180288842,-0.629391567588
2.28687051459,-0.320960180251,-1.20082206078,1.396354843,-0.770927179835,0.382364072375
0.683132626626,-0.217916752523,0.166972834261,-1.18748989519,-0.433163032625,-1.33599125579
-0.760231472538,0.297300386118,-0.927263081769,-1.18748989519,-0.390769525457,-0.268165594869
1.6453753594,-0.578568749571,-0.380145123754,-0.672025919642,-0.648063510467,-0.983718872806
1.6453753594,-0.887699032755,1.80832670831,1.396354843,-0.577851516053,-1.3828141267
-0.519670789344,1.84295180204,-1.20082206078,-1.18748989519,0.518039272192,0.515640457271
-0.66400719926,0.383169909225,-0.380145123754,-0.672025919642,0.119148428187,0.902259397596
-0.760231472538,-0.458351417221,1.80832670831,-0.672025919642,-0.391643428718,0.789679015201
-0.856455745815,-1.14530760208,1.80832670831,-1.18748989519,-0.582039352472,-1.11523389579
0.362385049034,-0.217916752523,0.166972834261,-0.672025919642,-0.464167433866,-1.12374714504
-0.819569774392,-1.14530760208,1.80832670831,-0.672025919642,-0.59823569292,-0.29561348471
-0.792306230297,-0.235090657144,0.987649771284,1.396354843,-0.437803918893,0.426691680567
-0.599857683742,2.66729922386,-1.20082206078,-0.672025919642,0.919705142343,0.531786274824
-0.718534287451,-0.887699032755,1.80832670831,-0.672025919642,-0.535399748667,0.516374358069
-0.407409137187,0.554908955438,0.166972834261,1.396354843,0.643528714228,-0.440925842691
0.683132626626,-0.217916752523,0.166972834261,0.365426891903,-0.503831143215,-0.885963286528
-0.856455745815,0.486213336953,-1.20082206078,-0.672025919642,-0.491157246177,-1.27977445467
1.1001044775,-1.14530760208,-1.20082206078,0.365426891903,-0.804376440437,1.66008536149
-0.792306230297,0.108387435283,0.987649771284,1.396354843,-0.0356397705667,2.14959719368
0.362385049034,-0.630090463435,1.80832670831,1.396354843,-0.509627268268,-0.664765586046
-0.792306230297,-0.458351417221,1.80832670831,-0.672025919642,-0.391643428718,0.563637569452
-0.718534287451,1.49947370961,-0.927263081769,0.365426891903,1.2485457407,0.665943340677
-0.840418366936,1.84295180204,-1.20082206078,1.396354843,0.398521502443,-1.61413965819
0.683132626626,-0.801829509648,0.987649771284,-1.18748989519,-0.550529007238,-0.957885564721
-0.118736317354,0.0912135306618,0.166972834261,1.396354843,-0.259482425203,-0.0645815135363
-0.792306230297,-0.630090463435,1.80832670831,-0.672025919642,-0.455955809535,0.0996654850301
1.1001044775,-0.320960180251,-1.20082206078,0.365426891903,-0.769042538459,1.52225879165
0.362385049034,0.297300386118,-0.927263081769,-1.18748989519,-0.390769525457,-0.981517170413
1.6453753594,-0.458351417221,0.987649771284,0.365426891903,-0.507409547097,-1.80084402117
-0.792306230297,-1.14530760208,0.987649771284,-0.672025919642,-0.641644920985,-0.180244279283
1.6453753594,1.03577828484,-1.20082206078,1.396354843,0.0977761273686,-0.624547822322
-0.27911010615,-1.14530760208,-1.20082206078,0.365426891903,-0.804376440437,0.41538960828
1.6453753594,-0.630090463435,1.80832670831,0.365426891903,-0.489109706166,-1.61369931771
-0.519670789344,1.49947370961,-0.927263081769,0.365426891903,1.2485457407,0.764286047594
1.6453753594,1.03577828484,-1.20082206078,-0.672025919642,0.162513961089,-0.614419991311
-0.760231472538,0.554908955438,0.166972834261,-0.672025919642,0.952668160104,0.299726842533
2.28687051459,-0.681612177299,0.166972834261,1.396354843,-0.649050101254,-1.18436735095
0.089749608081,-0.217916752523,0.166972834261,-0.672025919642,-0.464167433866,-0.830186825889
-0.856455745815,0.554908955438,0.166972834261,0.365426891903,0.761865947992,1.05124125957
-0.819569774392,0.967082666351,-0.380145123754,0.365426891903,1.98682534874,1.59711667303
-0.118736317354,0.778169715516,-0.927263081769,1.396354843,0.242752078975,0.843694113925
-0.118736317354,0.297300386118,-0.927263081769,1.396354843,-0.430066042119,1.38457900197
-0.760231472538,0.108387435283,0.987649771284,1.396354843,-0.0356397705667,1.7620975724
2.28687051459,-1.14530760208,-0.380145123754,1.396354843,-0.743170249109,-0.218407120773
-0.27911010615,-1.14530760208,-0.380145123754,0.365426891903,-0.734806074997,1.13710765292
-0.718534287451,0.383169909225,-0.380145123754,1.396354843,-0.0457279871653,2.00061533171
-0.840418366936,1.53382151886,-0.380145123754,1.396354843,2.51596610781,1.08103763196
-0.519670789344,0.486213336953,-1.20082206078,0.365426891903,-0.504174571865,1.08749595898
-0.840418366936,0.967082666351,-0.380145123754,-1.18748989519,2.3741254758,0.156175846467
-0.66400719926,1.03577828484,-1.20082206078,-0.672025919642,0.162513961089,0.796137342222
2.28687051459,-1.14530760208,-1.20082206078,1.396354843,-0.805266288601,0.879802033181
-0.792306230297,1.01860438021,0.166972834261,-0.672025919642,3.64172215673,-1.30384640084
-0.819569774392,-0.217916752523,0.166972834261,-0.672025919642,-0.464167433866,0.081317965083
-0.599857683742,-0.320960180251,-1.20082206078,-0.672025919642,-0.766416459158,-0.269633396465
0.362385049034,-0.458351417221,0.987649771284,-1.18748989519,-0.445739573774,-0.870991710251
0.683132626626,1.49947370961,-0.927263081769,1.396354843,1.18985623744,-0.830480386208
-0.66400719926,1.03577828484,-1.20082206078,1.396354843,0.0977761273686,0.815365543126
-0.519670789344,1.03577828484,-1.20082206078,-0.672025919642,0.162513961089,0.878334231585
-0.66400719926,0.108387435283,0.987649771284,0.365426891903,0.0203360330833,0.535896119292
0.362385049034,-0.235090657144,0.987649771284,1.396354843,-0.437803918893,-0.655078095514
1.1001044775,-0.458351417221,0.987649771284,-1.18748989519,-0.445739573774,-1.77515749324
-0.718534287451,0.108387435283,0.987649771284,-0.672025919642,0.110601041023,0.607084496687
-0.840418366936,0.554908955438,0.166972834261,-0.672025919642,0.952668160104,0.519897081898
-0.519670789344,-0.801829509648,0.987649771284,-0.672025919642,-0.570304518149,0.508448229451
1.6453753594,-1.14530760208,-0.380145123754,-0.672025919642,-0.723806392628,-0.359903194605
1.6453753594,-0.320960180251,-1.20082206078,0.365426891903,-0.769042538459,1.08485391611
0.683132626626,0.554908955438,0.166972834261,-1.18748989519,1.10182198257,-2.17880293208
0.089749608081,-0.217916752523,0.166972834261,0.365426891903,-0.503831143215,-0.470575434926
2.28687051459,-1.14530760208,0.166972834261,-0.672025919642,-0.687811543815,-1.37679614015
-0.856455745815,0.967082666351,-0.380145123754,1.396354843,1.75347018044,0.850592781425
2.28687051459,-1.14530760208,1.80832670831,1.396354843,-0.63181274271,-1.38002530366
-0.66400719926,1.01860438021,0.166972834261,-0.672025919642,3.64172215673,-1.20843929712
-0.519670789344,1.49947370961,-0.927263081769,-0.672025919642,1.33032468802,0.286223067852
-0.27911010615,-1.14530760208,0.166972834261,-1.18748989519,-0.675455778227,0.603855333176
-0.66400719926,-0.217916752523,0.166972834261,1.396354843,-0.528429986865,0.952311432012
-0.519670789344,0.108387435283,0.987649771284,1.396354843,-0.0356397705667,0.376492865992
-0.792306230297,0.0912135306618,0.166972834261,-0.672025919642,-0.139024826158,1.07516642558
-0.718534287451,1.84295180204,-1.20082206078,0.365426891903,0.434290209623,-0.349628583434
-0.760231472538,0.00534400755505,-0.380145123754,-0.672025919642,-0.392839296339,0.90446109999
-0.118736317354,0.297300386118,-0.927263081769,-1.18748989519,-0.390769525457,0.114930621626
-0.407409137187,-1.14530760208,0.987649771284,-0.672025919642,-0.641644920985,0.337889684023
-0.118736317354,-0.630090463435,1.80832670831,0.365426891903,-0.489109706166,-0.345518738966
0.362385049034,0.0912135306618,0.166972834261,-0.672025919642,-0.139024826158,-1.54632722446
-0.519670789344,-0.578568749571,-0.380145123754,1.396354843,-0.680502186271,1.10246753526
-0.27911010615,0.778169715516,-0.927263081769,-0.672025919642,0.317555131839,-0.0547472428447
-0.760231472538,0.383169909225,-0.380145123754,1.396354843,-0.0457279871653,2.01529334767
0.362385049034,-1.14530760208,-0.380145123754,-1.18748989519,-0.720924045029,0.314111298172
-0.819569774392,-1.14530760208,0.987649771284,-0.672025919642,-0.641644920985,-0.548662479821
0.089749608081,0.486213336953,-1.20082206078,0.365426891903,-0.504174571865,1.24161512654
-0.519670789344,-0.320960180251,-1.20082206078,-1.18748989519,-0.76462925033,0.383831873971
-0.792306230297,-1.14530760208,1.80832670831,-1.18748989519,-0.582039352472,0.0369903568908
1.6453753594,-0.424003607979,-0.927263081769,1.396354843,-0.726523158557,0.0697223324764
-0.27911010615,1.03577828484,-1.20082206078,-0.672025919642,0.162513961089,0.700730238497
-0.66400719926,0.297300386118,-0.927263081769,0.365426891903,-0.418306677178,0.553216178122
-0.118736317354,0.383169909225,-0.380145123754,-0.672025919642,0.119148428187,-0.822407477431
-0.519670789344,0.297300386118,-0.927263081769,-1.18748989519,-0.390769525457,0.787183752488
-0.718534287451,2.66729922386,-1.20082206078,-0.672025919642,0.919705142343,1.79556344878
-0.599857683742,0.967082666351,-0.380145123754,-1.18748989519,2.3741254758,-0.73624752376
-0.599857683742,-0.458351417221,1.80832670831,-0.672025919642,-0.391643428718,0.576847783814
-0.407409137187,-0.630090463435,1.80832670831,0.365426891903,-0.489109706166,-0.0519584198127
-0.840418366936,0.778169715516,-0.927263081769,-0.672025919642,0.317555131839,0.240280877905
-0.66400719926,0.108387435283,0.987649771284,-1.18748989519,0.181057575034,-0.232498016092
0.362385049034,-0.578568749571,-0.380145123754,-0.672025919642,-0.648063510467,0.0129184107202
0.089749608081,-0.320960180251,-1.20082206078,1.396354843,-0.770927179835,1.26010942664
0.089749608081,-1.14530760208,0.987649771284,0.365426891903,-0.660177036203,0.0538700752421
-0.27911010615,0.967082666351,-0.380145123754,-0.672025919642,2.29372637573,-1.57172019207
-0.66400719926,2.23795160833,-0.927263081769,-0.672025919642,1.96081522798,-0.824755959984
-0.760231472538,-0.681612177299,0.166972834261,-0.672025919642,-0.609990458371,-0.555414367161
0.089749608081,2.66729922386,-1.20082206078,1.396354843,0.805867743794,-0.0977538296007
-0.407409137187,-0.458351417221,0.987649771284,-0.672025919642,-0.472774614411,0.0772081206148
-0.66400719926,-0.578568749571,-0.380145123754,0.365426891903,-0.666490603977,0.634972727007
-0.407409137187,-1.14530760208,-0.927263081769,0.365426891903,-0.777573674088,0.555271100356
-0.27911010615,-0.578568749571,-0.380145123754,0.365426891903,-0.666490603977,1.29988684989
-0.118736317354,-0.458351417221,1.80832670831,-0.672025919642,-0.391643428718,-0.669315770993
-0.819569774392,1.84295180204,-1.20082206078,0.365426891903,0.434290209623,-1.89082025899
-0.599857683742,-0.630090463435,1.80832670831,0.365426891903,-0.489109706166,0.665796560518
-0.519670789344,1.53382151886,-0.380145123754,1.396354843,2.51596610781,-0.237048201039
-0.760231472538,0.297300386118,-0.927263081769,0.365426891903,-0.418306677178,-0.154264191038
0.362385049034,1.84295180204,-1.20082206078,0.365426891903,0.434290209623,-0.443567885564
1.1001044775,-1.14530760208,-0.380145123754,-0.672025919642,-0.723806392628,0.123003530403
1.1001044775,1.49947370961,-0.927263081769,-1.18748989519,1.38597852731,-2.43772313357
0.362385049034,-0.630090463435,1.80832670831,-1.18748989519,-0.430066042119,-1.34817400904
2.28687051459,-1.14530760208,-0.927263081769,-0.672025919642,-0.775282207747,0.176871848967
1.1001044775,-1.14530760208,0.166972834261,-1.18748989519,-0.675455778227,-0.742118730143
-0.27911010615,0.108387435283,0.987649771284,-1.18748989519,0.181057575034,-1.39206127675
5.49434629051,-0.320960180251,-1.20082206078,1.396354843,-0.770927179835,-0.74637535477
0.683132626626,-1.14530760208,-0.380145123754,-1.18748989519,-0.720924045029,-0.0587103071533
0.683132626626,-1.14530760208,-0.927263081769,-0.672025919642,-0.775282207747,1.39661497505
4.21135598014,-1.14530760208,-1.20082206078,0.365426891903,-0.804376440437,0.130636098701
-0.407409137187,0.108387435283,0.987649771284,1.396354843,-0.0356397705667,0.137241205882
0.089749608081,0.967082666351,-0.380145123754,1.396354843,1.75347018044,-0.586384980832
-0.599857683742,0.297300386118,-0.927263081769,-1.18748989519,-0.390769525457,0.693244450359
0.362385049034,0.486213336953,-1.20082206078,0.365426891903,-0.504174571865,0.996492260044
-0.27911010615,0.486213336953,-1.20082206078,-0.672025919642,-0.491157246177,0.951283970895
-0.856455745815,2.23795160833,-0.927263081769,-0.672025919642,1.96081522798,0.173349125138
-0.519670789344,-1.14530760208,-0.927263081769,-0.672025919642,-0.775282207747,0.639229351634
-0.718534287451,-1.14530760208,-0.380145123754,-0.672025919642,-0.723806392628,0.0892440937001
-0.27911010615,-0.458351417221,0.987649771284,0.365426891903,-0.507409547097,-0.0791127493344
-0.792306230297,-1.14530760208,1.80832670831,-0.672025919642,-0.59823569292,0.00235023923067
-0.407409137187,0.778169715516,-0.927263081769,-0.672025919642,0.317555131839,0.256426695458
-0.519670789344,-0.458351417221,1.80832670831,-0.672025919642,-0.391643428718,0.227511004021
-0.407409137187,-1.14530760208,1.80832670831,-1.18748989519,-0.582039352472,-0.356380470775
-0.407409137187,-0.458351417221,1.80832670831,-0.672025919642,-0.391643428718,-0.231910895454
-0.792306230297,-0.458351417221,1.80832670831,1.396354843,-0.4543981153,0.701904479774
-0.760231472538,0.967082666351,-0.380145123754,-0.672025919642,2.29372637573,-0.379865296307
-0.407409137187,-0.320960180251,-1.20082206078,0.365426891903,-0.769042538459,-0.487161592958
-0.27911010615,-1.14530760208,0.987649771284,-0.672025919642,-0.641644920985,0.0751531983808
-0.66400719926,-0.217916752523,0.166972834261,-0.672025919642,-0.464167433866,1.16895894755
1.1001044775,-1.14530760208,0.166972834261,-0.672025919642,-0.687811543815,-0.51079319865
-0.407409137187,0.778169715516,-0.927263081769,1.396354843,0.242752078975,1.52622185596
1.1001044775,0.554908955438,0.166972834261,-0.672025919642,0.952668160104,-2.18819686229
-0.118736317354,0.383169909225,-0.380145123754,1.396354843,-0.0457279871653,-0.171731030027
-0.792306230297,-1.14530760208,0.987649771284,0.365426891903,-0.660177036203,-0.459860483277
0.683132626626,1.84295180204,-1.20082206078,-0.672025919642,0.48411802717,-0.724945451472
-0.27911010615,-0.458351417221,0.987649771284,-1.18748989519,-0.445739573774,-0.396891794818
-0.66400719926,-0.630090463435,1.80832670831,1.396354843,-0.509627268268,0.690015286848
-0.519670789344,0.297300386118,-0.927263081769,-0.672025919642,-0.401920991024,0.941156139884
-0.792306230297,1.84295180204,-1.20082206078,0.365426891903,0.434290209623,-1.36975069249
1.6453753594,-1.14530760208,-0.380145123754,1.396354843,-0.743170249109,0.098638023913
-0.856455745815,1.53382151886,-0.380145123754,-0.672025919642,3.21530335998,-0.187730067421
-0.118736317354,-1.14530760208,0.166972834261,-1.18748989519,-0.675455778227,0.157643648063
-0.27911010615,-0.424003607979,-0.927263081769,1.396354843,-0.726523158557,0.741975463338
1.6453753594,-0.630090463435,1.80832670831,-0.672025919642,-0.455955809535,-2.0756164799
-0.27911010615,-0.217916752523,0.166972834261,-1.18748989519,-0.433163032625,-0.296787725987
-0.792306230297,0.00534400755505,-0.380145123754,-0.672025919642,-0.392839296339,0.514025875515
-0.118736317354,0.108387435283,0.987649771284,0.365426891903,0.0203360330833,-0.851176388708
-0.118736317354,-1.14530760208,-0.927263081769,1.396354843,-0.779218145384,0.956568056639
0.683132626626,1.03577828484,-1.20082206078,-0.672025919642,0.162513961089,0.0460907267846
1.1001044775,-0.887699032755,1.80832670831,-0.672025919642,-0.535399748667,-1.47396460579
0.683132626626,0.108387435283,0.987649771284,0.365426891903,0.0203360330833,-1.70984032223
0.089749608081,-0.235090657144,0.987649771284,-0.672025919642,-0.365048406039,-0.932345816954
-0.118736317354,-0.458351417221,0.987649771284,-1.18748989519,-0.445739573774,-0.672838494823
1.1001044775,0.486213336953,-1.20082206078,-1.18748989519,-0.482298626799,-0.596953152321
0.089749608081,-0.217916752523,0.166972834261,1.396354843,-0.528429986865,-0.217526439815
-0.66400719926,0.554908955438,0.166972834261,-0.672025919642,0.952668160104,0.227804564341
-0.407409137187,0.108387435283,0.987649771284,-0.672025919642,0.110601041023,-0.548075359182
1.1001044775,-0.424003607979,-0.927263081769,1.396354843,-0.726523158557,0.662714177167
-0.407409137187,0.00534400755505,-0.380145123754,-0.672025919642,-0.392839296339,0.378988128705
0.089749608081,1.84295180204,-1.20082206078,-0.672025919642,0.48411802717,-0.180391059442
-0.519670789344,-1.14530760208,1.80832670831,-0.672025919642,-0.59823569292,0.103628549339
-0.792306230297,0.383169909225,-0.380145123754,1.396354843,-0.0457279871653,1.95658128384
-0.856455745815,1.84295180204,-1.20082206078,1.396354843,0.398521502443,-1.80348606404
-0.407409137187,-0.217916752523,0.166972834261,1.396354843,-0.528429986865,1.24000054478
0.089749608081,-1.14530760208,-0.927263081769,-1.18748989519,-0.773722827032,1.57010912367
1.1001044775,-0.801829509648,0.987649771284,0.365426891903,-0.595639280335,-0.892568393709
0.362385049034,-1.14530760208,-0.380145123754,1.396354843,-0.743170249109,0.901525496798
0.683132626626,1.49947370961,-0.927263081769,0.365426891903,1.2485457407,-1.12771020935
-0.519670789344,0.967082666351,-0.380145123754,-0.672025919642,2.29372637573,-0.532516662267
-0.856455745815,0.108387435283,0.987649771284,0.365426891903,0.0203360330833,1.53253340282
1.1001044775,0.486213336953,-1.20082206078,-0.672025919642,-0.491157246177,-0.655958776471
-0.27911010615,-1.14530760208,0.987649771284,1.396354843,-0.671668864093,0.506540087377
-0.760231472538,0.967082666351,-0.380145123754,0.365426891903,1.98682534874,1.31823436984
1.1001044775,0.486213336953,-1.20082206078,1.396354843,-0.513516137782,0.360053488119
2.28687051459,1.03577828484,-1.20082206078,-0.672025919642,0.162513961089,-1.28814092377
-0.519670789344,0.967082666351,-0.380145123754,0.365426891903,1.98682534874,-0.0849839557175
1.1001044775,-0.217916752523,0.166972834261,1.396354843,-0.528429986865,-1.2303095409
-0.792306230297,-0.630090463435,1.80832670831,1.396354843,-0.509627268268,0.406729578865
-0.599857683742,-0.801829509648,0.987649771284,0.365426891903,-0.595639280335,0.617799448336
-0.840418366936,1.01860438021,0.166972834261,-0.672025919642,3.64172215673,-1.30678200403
-0.407409137187,0.554908955438,0.166972834261,-0.672025919642,0.952668160104,-0.917080680358
2.28687051459,-0.424003607979,-0.927263081769,-0.672025919642,-0.718933232072,-1.14869977217
-0.118736317354,1.84295180204,-1.20082206078,-0.672025919642,0.48411802717,-0.0937907652921
-0.760231472538,-0.801829509648,0.987649771284,-0.672025919642,-0.570304518149,0.0534297347634
-0.407409137187,-0.235090657144,0.987649771284,1.396354843,-0.437803918893,0.831804920999
-0.519670789344,0.108387435283,0.987649771284,0.365426891903,0.0203360330833,0.136654085243
-0.118736317354,-0.630090463435,1.80832670831,-0.672025919642,-0.455955809535,-0.679737162323
0.683132626626,-0.801829509648,0.987649771284,-0.672025919642,-0.570304518149,-0.875688675358
-0.760231472538,-1.14530760208,1.80832670831,0.365426891903,-0.61897709691,0.238225955671
0.362385049034,1.84295180204,-1.20082206078,1.396354843,0.398521502443,0.116398423222
0.362385049034,-0.217916752523,0.166972834261,0.365426891903,-0.503831143215,-0.742118730143
0.683132626626,-0.630090463435,1.80832670831,0.365426891903,-0.489109706166,-1.0985009576
3.08873945857,-1.14530760208,0.987649771284,1.396354843,-0.671668864093,-1.05226520733
-0.66400719926,-1.14530760208,0.166972834261,-0.672025919642,-0.687811543815,0.456488052961
-0.66400719926,-0.801829509648,0.987649771284,0.365426891903,-0.595639280335,0.542941566952
-0.840418366936,1.49947370961,-0.927263081769,-1.18748989519,1.38597852731,-0.523709852693
0.362385049034,-0.681612177299,0.166972834261,1.396354843,-0.649050101254,0.255546014501
-0.840418366936,-1.14530760208,1.80832670831,-0.672025919642,-0.59823569292,-0.803472836846
-0.840418366936,0.383169909225,-0.380145123754,1.396354843,-0.0457279871653,1.42964051096
-0.840418366936,1.03577828484,-1.20082206078,1.396354843,0.0977761273686,-0.747843156366
0.362385049034,-1.14530760208,-0.927263081769,-0.672025919642,-0.775282207747,1.54339513463
-0.599857683742,0.297300386118,-0.927263081769,-0.672025919642,-0.401920991024,0.792908178711
-0.792306230297,-0.458351417221,0.987649771284,0.365426891903,-0.507409547097,-0.22295730572
-0.718534287451,0.778169715516,-0.927263081769,-0.672025919642,0.317555131839,1.22370794707
-0.718534287451,-0.458351417221,1.80832670831,1.396354843,-0.4543981153,1.00133600531
-0.66400719926,-1.14530760208,-0.927263081769,-1.18748989519,-0.773722827032,-0.293998902955
2.28687051459,-1.14530760208,-0.927263081769,0.365426891903,-0.777573674088,0.417297750354
0.683132626626,1.49947370961,-0.927263081769,-0.672025919642,1.33032468802,-1.51770509335
0.089749608081,-0.578568749571,-0.380145123754,-0.672025919642,-0.648063510467,0.52958457243
-0.407409137187,-0.681612177299,0.166972834261,1.396354843,-0.649050101254,0.858812470361
-0.718534287451,2.23795160833,-0.927263081769,1.396354843,1.77946496956,0.524300486686
-0.519670789344,-0.578568749571,-0.380145123754,0.365426891903,-0.666490603977,1.17072030946
0.683132626626,-0.458351417221,0.987649771284,1.396354843,-0.528886869623,-0.539415329767
-0.599857683742,0.383169909225,-0.380145123754,-0.672025919642,0.119148428187,0.702638380571
-0.407409137187,-1.14530760208,-1.20082206078,-1.18748989519,-0.802292717766,0.656696190624
-0.599857683742,0.108387435283,0.987649771284,1.396354843,-0.0356397705667,0.300167183012
-0.718534287451,-0.801829509648,0.987649771284,-0.672025919642,-0.570304518149,0.385152895407
-0.599857683742,0.554908955438,0.166972834261,-0.672025919642,0.952668160104,-0.140613636197
-0.66400719926,-1.14530760208,-0.927263081769,0.365426891903,-0.777573674088,-0.0670767762491
0.089749608081,-0.681612177299,0.166972834261,1.396354843,-0.649050101254,0.331871697481
-0.118736317354,-0.681612177299,0.166972834261,1.396354843,-0.649050101254,0.519750301739
0.089749608081,0.108387435283,0.987649771284,0.365426891903,0.0203360330833,-1.12418748552
-0.718534287451,1.84295180204,-1.20082206078,-1.18748989519,0.518039272192,1.77501422644
-0.118736317354,0.297300386118,-0.927263081769,0.365426891903,-0.418306677178,0.990621053661
-0.599857683742,0.554908955438,0.166972834261,1.396354843,0.643528714228,0.228391684979
-0.66400719926,0.778169715516,-0.927263081769,-0.672025919642,0.317555131839,1.32058285239
0.089749608081,1.01860438021,0.166972834261,-0.672025919642,3.64172215673,-2.72027494076
0.362385049034,-0.217916752523,0.166972834261,-1.18748989519,-0.433163032625,-1.2640689776
-0.599857683742,-0.578568749571,-0.380145123754,-1.18748989519,-0.643236344819,1.20638788824
0.089749608081,1.49947370961,-0.927263081769,0.365426891903,1.2485457407,-0.195656196038
-0.407409137187,0.554908955438,0.166972834261,0.365426891903,0.761865947992,-0.721863068121
-0.118736317354,-0.578568749571,-0.380145123754,1.396354843,-0.680502186271,1.33584798899
-0.118736317354,-1.14530760208,0.987649771284,-0.672025919642,-0.641644920985,0.0340547536993
-0.118736317354,-0.217916752523,0.166972834261,-0.672025919642,-0.464167433866,-0.630565808864
-0.599857683742,2.23795160833,-0.927263081769,1.396354843,1.77946496956,-0.426834947372
-0.66400719926,0.297300386118,-0.927263081769,-0.672025919642,-0.401920991024,0.534575097856
-0.118736317354,-0.801829509648,0.987649771284,0.365426891903,-0.595639280335,-0.136650571889
-0.760231472538,1.01860438021,0.166972834261,-0.672025919642,3.64172215673,-1.45209436202
-0.819569774392,0.554908955438,0.166972834261,-0.672025919642,0.952668160104,0.558059923388
-0.27911010615,0.00534400755505,-0.380145123754,-0.672025919642,-0.392839296339,-0.37546189152
0.683132626626,-1.14530760208,0.987649771284,-0.672025919642,-0.641644920985,-0.384268701095
-0.519670789344,1.53382151886,-0.380145123754,-0.672025919642,3.21530335998,-0.965664913178
-0.718534287451,0.486213336953,-1.20082206078,-0.672025919642,-0.491157246177,0.252610411309
-0.718534287451,0.0912135306618,0.166972834261,1.396354843,-0.259482425203,1.47661016202
0.089749608081,-0.320960180251,-1.20082206078,-1.18748989519,-0.76462925033,1.39074376867
0.362385049034,-1.14530760208,1.80832670831,0.365426891903,-0.61897709691,-0.541176691682
-0.27911010615,-0.681612177299,0.166972834261,1.396354843,-0.649050101254,0.781018985785
0.683132626626,-0.578568749571,-0.380145123754,0.365426891903,-0.666490603977,0.00675364401797
-0.519670789344,-0.801829509648,0.987649771284,0.365426891903,-0.595639280335,0.582572210038
-0.599857683742,-1.14530760208,-0.927263081769,-0.672025919642,-0.775282207747,0.417591310673
-0.718534287451,2.23795160833,-0.927263081769,-0.672025919642,1.96081522798,-0.655958776471
-0.856455745815,1.84295180204,-1.20082206078,-1.18748989519,0.518039272192,-1.26920628318
0.683132626626,-1.14530760208,-0.927263081769,1.396354843,-0.779218145384,1.41452215452
-0.27911010615,0.297300386118,-0.927263081769,-1.18748989519,-0.390769525457,0.424636758333
-0.519670789344,0.486213336953,-1.20082206078,-1.18748989519,-0.482298626799,0.976530158342
-0.407409137187,-1.14530760208,-0.380145123754,-0.672025919642,-0.723806392628,1.24293614797
-0.599857683742,-1.14530760208,0.166972834261,-1.18748989519,-0.675455778227,0.909158065096
3.08873945857,-0.887699032755,1.80832670831,1.396354843,-0.577851516053,-2.28551210809
1.6453753594,1.49947370961,-0.927263081769,1.396354843,1.18985623744,-1.77868021707
-0.792306230297,0.108387435283,0.987649771284,-1.18748989519,0.181057575034,0.80376991052
-0.66400719926,-1.14530760208,-0.927263081769,-0.672025919642,-0.775282207747,0.251729730352
-0.718534287451,-0.681612177299,0.166972834261,1.396354843,-0.649050101254,0.383244753332
-0.407409137187,-0.458351417221,0.987649771284,-1.18748989519,-0.445739573774,0.0639979062529
-0.819569774392,1.03577828484,-1.20082206078,1.396354843,0.0977761273686,-0.272275439337
-0.27911010615,-0.320960180251,-1.20082206078,0.365426891903,-0.769042538459,0.038311378327
0.362385049034,1.49947370961,-0.927263081769,-0.672025919642,1.33032468802,-0.980489709295
-0.599857683742,0.778169715516,-0.927263081769,-0.672025919642,0.317555131839,1.12096183537
-0.760231472538,-0.458351417221,0.987649771284,-0.672025919642,-0.472774614411,0.329669995087
0.362385049034,-1.14530760208,0.987649771284,-1.18748989519,-0.627180288842,-0.404817923435
0.362385049034,0.108387435283,0.987649771284,1.396354843,-0.0356397705667,-0.819765434559
-0.760231472538,0.554908955438,0.166972834261,1.396354843,0.643528714228,0.952017871692
-0.118736317354,-0.578568749571,-0.380145123754,0.365426891903,-0.666490603977,1.18833392861
-0.66400719926,0.297300386118,-0.927263081769,1.396354843,-0.430066042119,0.405555337588
-0.66400719926,-0.458351417221,0.987649771284,-1.18748989519,-0.445739573774,0.891838006266
-0.599857683742,0.00534400755505,-0.380145123754,0.365426891903,-0.436293752731,1.82594694181
-0.66400719926,-1.14530760208,1.80832670831,-0.672025919642,-0.59823569292,0.632037123815
0.089749608081,1.84295180204,-1.20082206078,-1.18748989519,0.518039272192,-0.194775515081
-0.718534287451,0.383169909225,-0.380145123754,-0.672025919642,0.119148428187,1.04610395398
-0.792306230297,-0.458351417221,0.987649771284,-0.672025919642,-0.472774614411,-0.134155309176
-0.819569774392,-0.458351417221,0.987649771284,-1.18748989519,-0.445739573774,-0.173785952261
-0.599857683742,0.108387435283,0.987649771284,0.365426891903,0.0203360330833,0.0588606006677
-0.519670789344,-0.801829509648,0.987649771284,1.396354843,-0.611349607917,0.590498338655
-0.118736317354,-1.14530760208,1.80832670831,-0.672025919642,-0.59823569292,-0.498170104926
1.6453753594,-1.14530760208,0.166972834261,-1.18748989519,-0.675455778227,-1.00338741419
0.683132626626,0.108387435283,0.987649771284,1.396354843,-0.0356397705667,-1.3936758585
-0.819569774392,1.49947370961,-0.927263081769,1.396354843,1.18985623744,0.205787540404
3.08873945857,-1.14530760208,-1.20082206078,-0.672025919642,-0.803136571021,0.634532386528
1.1001044775,0.554908955438,0.166972834261,0.365426891903,0.761865947992,-2.08985415538
-0.407409137187,0.0912135306618,0.166972834261,1.396354843,-0.259482425203,0.895360730096
-0.760231472538,0.108387435283,0.987649771284,-1.18748989519,0.181057575034,0.495531575409
-0.519670789344,0.967082666351,-0.380145123754,1.396354843,1.75347018044,0.272278952692
1.6453753594,-1.14530760208,1.80832670831,-0.672025919642,-0.59823569292,-1.46985476132
0.089749608081,-1.14530760208,0.987649771284,-1.18748989519,-0.627180288842,-0.197857898432
1.1001044775,1.84295180204,-1.20082206078,0.365426891903,0.434290209623,-1.45781878824
-0.66400719926,-0.235090657144,0.987649771284,1.396354843,-0.437803918893,1.27508100292
5.49434629051,-0.458351417221,0.987649771284,1.396354843,-0.528886869623,-2.22445156171
2.28687051459,-1.14530760208,-0.380145123754,0.365426891903,-0.734806074997,-0.420229840191
-0.760231472538,1.49947370961,-0.927263081769,1.396354843,1.18985623744,0.365777914343
-0.792306230297,0.486213336953,-1.20082206078,-0.672025919642,-0.491157246177,-0.534131244022
1.1001044775,-1.14530760208,-1.20082206078,-1.18748989519,-0.802292717766,2.0173482699
1.1001044775,-0.630090463435,1.80832670831,0.365426891903,-0.489109706166,-1.33775261771
0.089749608081,-0.458351417221,0.987649771284,-0.672025919642,-0.472774614411,-0.642014661311
-0.519670789344,-0.217916752523,0.166972834261,1.396354843,-0.528429986865,1.36769928361
-0.66400719926,0.967082666351,-0.380145123754,-1.18748989519,2.3741254758,-0.69808468227
-0.856455745815,0.554908955438,0.166972834261,-1.18748989519,1.10182198257,0.367832836577
0.362385049034,1.01860438021,0.166972834261,1.396354843,2.86782715787,-2.45988693767
1.1001044775,1.03577828484,-1.20082206078,1.396354843,0.0977761273686,0.0888037532214
-0.792306230297,-0.887699032755,1.80832670831,-0.672025919642,-0.535399748667,-0.116248129707
-0.519670789344,-0.630090463435,1.80832670831,0.365426891903,-0.489109706166,0.372236241364
0.683132626626,0.297300386118,-0.927263081769,1.396354843,-0.430066042119,-0.535305485299
-0.599857683742,-0.217916752523,0.166972834261,-1.18748989519,-0.433163032625,0.506099746898
0.683132626626,-1.14530760208,-0.380145123754,-0.672025919642,-0.723806392628,0.180247792638
0.362385049034,-1.14530760208,0.166972834261,-1.18748989519,-0.675455778227,-0.144723480665
0.089749608081,0.108387435283,0.987649771284,-1.18748989519,0.181057575034,-1.69736400867
-0.118736317354,1.03577828484,-1.20082206078,1.396354843,0.0977761273686,1.35991993516
1.6453753594,-0.801829509648,0.987649771284,1.396354843,-0.611349607917,-1.29122330712
-0.27911010615,-0.458351417221,0.987649771284,-0.672025919642,-0.472774614411,-0.460007263436
-0.760231472538,1.84295180204,-1.20082206078,-1.18748989519,0.518039272192,0.423168956737
2.28687051459,0.0912135306618,0.166972834261,-0.672025919642,-0.139024826158,-2.04391196543
1.1001044775,1.01860438021,0.166972834261,1.396354843,2.86782715787,-2.56997205735
-0.407409137187,0.967082666351,-0.380145123754,0.365426891903,1.98682534874,-0.435788537106
0.683132626626,-1.14530760208,-0.927263081769,0.365426891903,-0.777573674088,1.43301645463
-0.760231472538,-0.235090657144,0.987649771284,1.396354843,-0.437803918893,0.746672428445
1.1001044775,-1.14530760208,-0.927263081769,1.396354843,-0.779218145384,1.21049773271
