0.491265688638,0.0563947541094,0.224192638883,0.718589870716,0.25819346192,16.0288274014
0.452338439192,0.171031200729,0.187310774063,0.894519305605,0.108329314763,10.9555339107
0.62426340599,0.11696354938,0.158790055791,0.907008681604,0.148881353239,15.0438922625
0.185353125826,0.222871816743,0.0677516568446,0.785168819296,0.187939324517,9.06686962901
0.194769851232,0.0325023450723,0.102494764131,0.886838618236,0.109786008907,10.6602056096
0.487468511583,0.121695487717,0.0382959698308,0.807296871376,0.229803840678,14.0389237816
0.320287853828,0.286422495968,0.154598842008,0.911898704157,0.108773744358,8.30661129552
0.544231837147,0.118892577884,0.186576661115,0.87584665526,0.191554706711,15.0339741891
0.471429052613,0.167383502171,0.177188918234,0.96214486166,0.00524990767593,8.24341958948
0.704774608785,0.256943252078,0.0505958623751,0.77799075362,0.070607303977,10.9816334966
0.766903221933,0.278961734153,0.0459722642332,0.903897266596,0.143119746301,13.0963503674
0.460672689881,0.146912065241,0.0612190390899,0.89634477328,0.0214539309576,8.44661106374
0.659381262229,0.188107198623,0.224862951207,0.926890693091,0.170546578127,14.7194750531
0.594113650238,0.0986763243604,0.167222099322,0.976731853036,0.233775895757,16.6102779492
0.534061313129,0.192790003762,0.154724311577,0.74393011266,0.105649160462,10.7540146534
0.574404532468,0.227494553802,0.167321287858,0.972067218594,0.0110353178425,8.93178469262
0.479973128795,0.0519563813491,0.173287182618,0.747827266349,0.283353698073,16.0710454887
0.414223116639,0.162209633352,0.0665534163586,0.760287520177,0.129090657793,10.4335980262
0.561847906904,0.138734927881,0.174525058554,0.820469954522,0.155554562405,13.1701980389
0.48145297237,0.0928283426558,0.158660754376,0.932739105114,0.245408031002,16.4093589007
0.382905032608,0.131465805801,0.221813355155,0.77491876564,0.0322608231081,9.29548862064
0.643676823635,0.0918348433764,0.177939743075,0.803070283991,0.236491837127,17.0011818912
0.485085233448,0.124875657024,0.201637546305,0.805261103356,0.15864680963,12.8425991283
0.572234895863,0.221494760863,0.236333824579,0.805815779823,0.0791756337065,10.5839012371
0.492525501737,0.193562175342,0.192730192808,0.710716457318,0.287838687584,14.3038942708
0.634059613958,0.115845183461,0.216087933322,0.870507472804,0.0215602341823,11.2633587713
0.449290977607,0.197033709883,0.267176879864,0.837663004393,0.151256303173,12.1131264294
0.545523842712,0.118958360946,0.0708642960221,0.821910337455,0.225060340583,14.2415460989
0.495835355286,0.154266684639,0.231973993757,0.820565190295,0.161820221977,13.2418879911
0.69905621114,0.140940561716,0.0163799837375,0.853591659123,0.0189508825291,11.0346949004
0.634285265923,0.103035839095,0.187765669751,0.828665618109,0.117886206126,13.6089357387
0.389666820531,0.223817183304,0.116105936469,0.779851303472,0.110261954595,9.06382122302
0.446898992117,0.102631908589,0.254527492508,0.984056395934,0.256963120313,16.6793991471
0.562764508809,0.0400470138101,0.254235160775,0.967357522378,0.00108652264492,12.0787151025
0.543864331935,0.234043990071,0.228673294603,0.889758128395,0.201661921461,13.5024416443
0.587975888312,0.0187576715214,0.0383900906494,0.819830172844,0.0788286431031,13.3168554782
0.576430634458,0.0178442115121,0.16701483816,0.792932245657,0.272892057775,17.9076394286
0.449841288125,0.181211673631,0.0937826372514,0.891777964645,0.182523135549,12.1662447676
0.481405449596,0.258840014769,0.216765403464,0.953371085612,0.275654385943,14.7126624981
0.563369075257,0.0250163511837,0.210715506385,0.803682994832,0.186679307055,16.3033840028
0.337016129138,0.252797580631,0.16586771953,0.771083892107,0.206173035804,11.1549904871
0.254902516491,0.0755523438947,0.133602554209,0.864461016127,0.169003277664,11.9932841663
0.635303151187,0.136980229782,0.257308117648,0.874184573556,0.144888604472,14.9359970854
0.625157629262,0.0678163717468,0.221843711601,0.948873815293,0.134757411264,15.2847266672
0.662133378887,0.257044592605,0.157626242702,0.926335452561,0.170912050407,13.8178606204
0.49365472008,0.0230951768074,0.0607959773547,0.905762192684,0.0841175100506,12.3479124598
0.52060805201,0.143709916582,0.280404628597,0.822104167984,0.106988371789,12.2138384933
0.455734433027,0.0865979389472,0.141326913589,0.836700536487,0.081083794295,10.874285259
0.578550706267,0.151481007809,0.259337649548,0.96728399017,0.181282379726,14.8941138305
0.449952159696,0.185556577283,0.121975599177,0.910212118929,0.171737235496,12.4467833284
0.558227991682,0.0891827311157,0.234573405204,0.852978349377,0.197194247265,9.07828565738
0.448436190458,0.0482848625624,0.0821593015805,0.94187612847,0.191934984795,7.41738535555
0.639355011299,0.103255147146,0.16127261235,0.800488720169,0.251265248777,8.12207504131
0.648022720646,0.111520423654,0.0640210903137,0.884162901609,0.264069873332,8.72369577437
0.274548568809,0.160133877386,0.199528797877,0.743771433562,0.242468241293,6.30971075163
0.593645205025,0.151356135943,0.108257022992,0.720773619911,0.142590074762,6.11424701212
0.51172138778,0.273587110961,0.227424470761,0.707347301904,0.151548679011,7.42369612121
0.411576257746,0.126172464201,0.126509438331,0.974683553596,0.172725201272,9.27526630884
0.509025237362,0.224156790477,0.0175660222543,0.768530485615,0.244109813053,6.19912101258
0.517366589576,0.108162719562,0.199870780248,0.891374662817,0.150756970946,8.52074161874
0.584588856804,0.140723414891,0.270230134918,0.938239361962,0.244044998066,10.6881036285
0.50672227626,0.113876003055,0.0204437910499,0.991271169453,0.0767187038437,8.48214921172
0.42214941276,0.0422561484415,0.116279484245,0.767093091317,0.00241139836896,5.39788522068
0.485691957701,0.175114342153,0.176718412245,0.739018869655,0.108855791748,6.4349923093
0.497191475322,0.206058739396,0.245672413667,0.772772471682,0.228952561634,8.7333239811
0.431040991272,0.217730850435,0.298750310741,0.891296240049,0.0946205221001,8.96426791392
0.378997817114,0.0981135043378,0.214196120172,0.926480174564,0.178203733377,8.25560481995
0.519606157904,0.141294825245,0.0925774061487,0.866131081106,0.194999251558,7.38175785945
0.36270203221,0.170776186185,0.00232003225258,0.794624004504,0.0477994342525,4.08472305518
0.465348958344,0.256477837483,0.293723856318,0.734789219841,0.259240472966,8.88311932285
0.473031071344,0.26268426529,0.026871823866,0.741284057015,0.225575016746,6.3893347474
0.453415176762,0.166897819819,0.120559391878,0.810340138239,0.298299969139,7.03883754961
0.539197360275,0.192089152891,0.0827187057537,0.753106621877,0.0377592264629,5.40999223987
0.420839729218,0.104480566649,0.18733155383,0.913287301612,0.281332476885,9.25395007806
0.549621570414,0.101464449487,0.188372372737,0.782340850244,0.134532783746,7.04416668447
0.680619255852,0.118150322211,0.168513430438,0.880200395138,0.21166750973,9.54306179083
0.379203655342,0.0306214056555,0.216981361077,0.951090030081,0.218041917542,9.2497745644
0.294980192959,0.206485355308,0.19658268545,0.90455753817,0.131641156978,8.10882537353
0.805205731473,0.145683194101,0.00569403248765,0.93789318157,0.132794331072,8.75478939393
0.331636323433,0.152781085969,0.0857373063163,0.810380100501,0.0537950013504,5.15862580481
0.537126137629,0.156994797402,0.190606416535,0.701752804262,0.231415686343,7.07227994075
0.499476776194,0.0532611742364,0.267816426668,0.916631065379,0.0618761342972,9.38899227509
0.420103096074,0.211205053402,0.232757407258,0.722801867191,0.147200745583,6.96703743242
0.542932897594,0.194267451392,0.0980853192056,0.908104408362,0.122677628861,8.67167776492
0.660869286528,0.130823549121,0.140067541881,0.880093732477,0.188836052294,8.62886265512
0.28856962437,0.0950442816351,0.21263035587,0.94413536419,0.0092447186555,7.76497214584
0.576907155245,0.142863666285,0.0890617269444,0.868918999787,0.00246138525432,7.37268679943
0.628897644808,0.127257570558,0.179060129601,0.898948529671,0.161527655121,9.65170799141
0.418463516949,0.2001431759,0.127682275432,0.894601153889,0.0807287251469,7.03155192236
0.502335007724,0.212173369316,0.149134494652,0.892980712874,0.170806115014,8.43158424766
0.454520504987,0.0131388280419,0.227754441821,0.918067824427,0.138322228371,8.82009852547
0.652719898892,0.137037206693,0.149949468327,0.755640146108,0.28793004786,7.60303640995
0.548749969031,0.112889423294,0.00869859678552,0.816673488386,0.00220274551839,5.00944868069
0.5213782714,0.278269895112,0.0732612649397,0.844121613804,0.127464464711,7.12063821688
0.575581481104,0.0722042317877,0.275104981762,0.845698846477,0.0108475141871,8.6946360252
0.453274725695,0.292366216048,0.105596281123,0.853769080811,0.0482515127237,6.76288163175
0.583627700078,0.273819478149,0.147423471508,0.947837485586,0.299616206242,11.4190575883
0.414711048329,0.0824156256535,0.162327854781,0.916238000312,0.182126477514,7.95898967612
0.621170439755,0.069670160278,0.18934764691,0.844647782159,0.165179406765,7.94278290012
0.448824343174,0.195661640444,0.0755597300735,0.888986139666,0.00762463650659,7.07904800548
0.649831724242,0.0992212636414,0.281998056903,0.930325190131,0.159481813402,16.5685780664
0.681727697479,0.121433168196,0.260792090417,0.883397736459,0.249448559355,18.2858888656
0.413742180364,0.150666558203,0.0964416258756,0.939458792266,0.0707671448989,9.20531942165
0.362494029903,0.11081137824,0.226638445159,0.934916775356,0.102517446543,10.8293450589
0.485419632468,0.165358290349,0.191325743554,0.869193085291,0.211102617284,14.106892615
0.60860044996,0.242231997807,0.213115438369,0.707057585239,0.208709044682,13.5028332684
0.519627884116,0.15519533433,0.256189157167,0.876725643072,0.260857791242,16.3372783188
0.582352464988,0.224692130246,0.278523735909,0.960224417332,0.146187303544,13.0886471054
0.519567357703,0.06054785651,0.194095212186,0.766136195433,0.251497187906,16.4757576322
0.475673985101,0.0666465265791,0.161068262866,0.87145679455,0.002626258124,9.90624861615
0.609655898604,0.11695142478,0.286325180435,0.939948977974,0.234971685139,17.6329372362
0.423870758634,0.190816722398,0.297866291935,0.921385275813,0.0995757162407,10.5082451779
0.540855179894,0.062144713422,0.13273421077,0.86718013735,0.148370487068,13.8791767451
0.367108073265,0.253680758019,0.274672785496,0.825242764681,0.0861429082426,9.28254492431
0.376427610264,0.273719646014,0.156074929884,0.782958611569,0.0713387813222,8.00258028681
0.548327650285,0.233529383231,0.25796208541,0.749789073603,0.298189022337,15.2705249009
0.472626683239,0.136387983779,0.0423155997916,0.744941178353,0.199400617033,12.5426942076
0.472927229057,0.161162298847,0.0185300591283,0.849566148316,0.0519938380347,9.21355657884
0.435262412052,0.0657799216347,0.0521412786913,0.941876968999,0.164398776363,13.5278866176
0.713326804296,0.145328151815,0.1673654974,0.962193369546,0.0342818488491,12.3000915601
0.266451595485,0.0357244163462,0.18112658993,0.841772350531,0.0254745797654,8.9793475385
0.680743757351,0.254566149549,0.0919133644501,0.819840471359,0.101590200401,11.2258181712
0.474030028342,0.0115660747336,0.168547234499,0.952863378461,0.10298904685,14.0691778558
0.49396259655,0.210172863087,0.107762588028,0.87200304003,0.231685431776,13.9343133824
0.538965936016,0.205903577657,0.239576000343,0.957733407581,0.189316544438,14.3713142488
0.461611208909,0.118524659808,0.115109423768,0.945373387964,0.248428989584,15.3563708549
0.723159223973,0.186447340978,0.187151102274,0.862053527327,0.150534595325,14.1622256279
0.493729122886,0.0950867421049,0.153860795457,0.781879074653,0.119150300193,11.8930999459
0.29446024715,0.0807299580399,0.0841977926337,0.726040588125,0.0494171092037,8.60231401193
0.358773931743,0.097593658352,0.121605282249,0.795386262012,0.125759039533,10.9830786137
0.415145157844,0.204323140468,0.130745587059,0.835766960975,0.0400873327165,8.1792480206
0.362327324065,0.199136016835,0.153461366133,0.733942369486,0.0536475266245,7.50918081891
0.484228668671,0.0370457766363,0.295143560587,0.772116891855,0.182332369033,15.5143712011
0.360637911577,0.0858965531417,0.251427312187,0.898819214889,0.0256414754489,9.07568580699
0.610351413756,0.200638035885,0.1428034013,0.767946974379,0.261861702025,14.76691472
0.693818349133,0.0646369022828,0.0135333501431,0.994802702385,0.148972890259,15.4598960238
0.662798466017,0.22400712687,0.122975232549,0.80695468914,0.126511580786,12.5027591076
0.55674341009,0.184919871252,0.0827094814672,0.733604818647,0.249693047409,14.0868266
0.645144252811,0.0145975280113,0.0303374256482,0.906497325543,0.083105731545,13.820410551
0.395444381741,0.0212751142858,0.102801661056,0.835215306461,0.152707759469,13.9054957988
0.559715299867,0.238586662663,0.222729114651,0.829762384409,0.163676341164,12.5216404458
0.481405996273,0.209663913099,0.131998528509,0.836025453248,0.0169672220913,8.20102142661
0.521612931759,0.280431618129,0.20382756796,0.817025923498,0.162387415217,11.6223802991
0.524740535233,0.189031836424,0.159818568627,0.892052090017,0.134958641153,12.1146980542
0.493203610061,0.246812659788,0.0545751545946,0.778278309265,0.205815865515,11.5429330106
0.588448262439,0.288411865199,0.00824790103253,0.886366043059,0.0721858684052,9.33154540211
0.588432671597,0.177580618685,0.20240141294,0.802528133091,0.108487433042,12.1733947872
0.565125809469,0.298050013574,0.181986092585,0.874891289837,0.253895824401,14.095337829
0.393964804619,0.17116107929,0.259665684892,0.850543222095,0.241699778445,14.247998597
0.628366425265,0.105776431713,0.220160104182,0.943308243999,0.176813287527,16.3256527068
0.562715844335,0.129321675861,0.23136942313,0.710043664688,0.00529060891727,10.2149130128
0.361739235558,0.0166648393538,0.26352912979,0.918536710778,0.147617900884,13.7611659102
0.315657269438,0.22193274748,0.122441410723,0.937415787731,0.0229687756102,6.58750498606
0.507452914569,0.0360713825276,0.266889064332,0.883291137606,0.0385413507193,12.7476638049
0.607853158374,0.185132922254,0.0654202536637,0.940210147181,0.02429285372,9.29433518762
0.586469486985,0.00237292247185,0.141878279914,0.928247910422,0.23465593203,17.9994415349
0.532426245886,0.150576178624,0.247117102011,0.823990880781,0.120926893656,12.2317345507
0.503510019384,0.117585719724,0.215994557581,0.734861671016,0.135798513192,12.6305845628
0.467978569158,0.189072933006,0.195500021767,0.809742536544,0.0826650234046,10.0788329945
0.431728845811,0.011510738873,0.119664784014,0.769327426655,0.100368864052,12.1255962193
0.664635249975,0.0206662867823,0.117436094846,0.752761669815,0.190396897035,16.5589622537
0.507141675066,0.235181522826,0.043041570462,0.709259794577,0.0952951529591,9.2919975702
0.584615333815,0.215062953863,0.123122279249,0.970918899779,0.0937387544232,11.0411204773
0.534922769881,0.162976156936,0.276056671745,0.799137278845,0.275971685734,15.4472378738
0.45434267685,0.157158782831,0.0736786892449,0.917340878452,0.0496254475757,8.78372079908
0.623555069185,0.0499131531647,0.0457417468066,0.774901715898,0.058406516413,12.3748747852
0.422627354103,0.173310066632,0.14804741619,0.707590050086,0.1213202926,10.5803086288
0.48698602173,0.179840714103,0.172430620595,0.925531233642,0.231644379172,14.2795330344
0.54165240008,0.160021540655,0.0249296565554,0.735059315972,0.0546398495321,9.67257408821
0.482541807951,0.275795347816,0.0735846709355,0.817318282391,0.178148606013,11.1667585465
0.571626252034,0.0127121783492,0.0645450633967,0.953913980466,0.0228171774793,12.4303296815
0.335582470448,0.135797395002,0.0235380123781,0.765644440486,0.259789558812,12.2129413365
0.681991404432,0.145851510748,0.132148006606,0.883368520724,0.149447376225,14.9465666897
0.538013299497,0.108416269532,0.000466370770144,0.737386550346,0.0834586415567,10.5820281231
0.536910652754,0.0157613026302,0.00946271580888,0.830618497508,0.0969971636757,13.4122263465
0.2648623704,0.114429651261,0.228268500894,0.835395310665,0.212021364461,12.7796393359
0.358964580216,0.150813851235,0.0822869570998,0.869402645267,0.129651178978,10.5308075429
0.381341866018,0.280344879531,0.103866142905,0.890820253295,0.105373769628,8.63339570535
0.54213118244,0.18400670766,0.244238388411,0.779415773674,0.0277663889097,9.6775428137
0.570649659707,0.146986871841,0.0331781325247,0.889901095354,0.276403232553,15.8909543112
0.641167029989,0.237662455307,0.263470439803,0.77481681026,0.122653505752,12.1367788064
0.484030695019,0.180961491825,0.163320528753,0.770815455753,0.136045813848,11.0818300035
0.498411694002,0.0753937086404,0.24235920761,0.865213004891,0.18576356561,12.6916989006
0.415399528417,0.261856170601,0.19498279199,0.780211702069,0.204495976765,15.0100827626
0.255750161071,0.205925469738,0.21479218135,0.794303412708,0.212482922928,12.7405185836
0.444085110939,0.1580854643,0.262326979876,0.765880382026,0.178094551633,12.4226533846
0.51950046095,0.184334741049,0.286730041585,0.881040851947,0.258722997144,14.0866200366
0.471617338295,0.259420916321,0.100711261427,0.856968198319,0.0746281480147,16.3780392054
0.492728635025,0.105984071524,0.134098834483,0.870405144841,0.145875221277,14.6742152871
0.486810453598,0.0373072758414,0.292598133783,0.790751114204,0.25309220058,10.7503819234
0.606504715276,0.270039419243,0.0612904022978,0.750917521561,0.0899364679462,16.8198361121
0.517472259035,0.00895013323449,0.235771354051,0.933261162696,0.168518579243,12.5236923341
0.444157611745,0.226705919546,0.188288108787,0.937182195453,0.142829757661,15.2282682341
0.575927113582,0.291026845245,0.171219095216,0.819581844577,0.284842196297,17.2981228064
0.454546413716,0.145710673221,0.145272056484,0.709381472419,0.00759668343094,11.904909431
0.476971657606,0.235198506112,0.142282614614,0.862159816153,0.12891540119,15.397507195
0.363685813498,0.0159334512356,0.107229869764,0.965903266502,0.13168891804,13.6452432317
0.486048902968,0.243545649682,0.0885998776432,0.807289534565,0.22364608626,16.697328897
0.349634467709,0.0613051837746,0.293804916223,0.826108462224,0.226239265781,10.9746824331
0.269766100015,0.130432671176,0.218944160936,0.831443391348,0.272743453941,12.9670861262
0.287154078938,0.124233516265,0.229353013332,0.846675646626,0.138189787113,11.9580510502
0.496634679566,0.0338046710479,0.0563818245145,0.747735840504,0.174650229511,13.4781655188
0.531338129936,0.151622672264,0.151747758835,0.799663615209,0.0694157307505,13.4182024324
0.64687948671,0.0628581417712,0.120173378568,0.903823646224,0.139047988367,13.9951587803
0.576122821545,0.182033680305,0.236336049565,0.954726266749,0.223172494886,15.4873467029
0.776399637768,0.0573104169295,0.282225903264,0.93017071025,0.187034181762,13.3298715963
0.464982291278,0.177004164072,0.0959194758051,0.919343995409,0.0618093587447,15.9317692956
0.553287009281,0.208857409557,0.0675006407165,0.84844440826,0.112531848498,17.2340965728
0.485045474843,0.157254508238,0.280392059731,0.763366139356,0.0195781672149,11.4904023125
0.272603081788,0.189884870597,0.269673210054,0.999988706254,0.25778355823,14.5638036651
0.350368914179,0.239801176245,0.288533768423,0.895946815992,0.197382191705,13.8355499272
0.58269866711,0.147403655964,0.115978414365,0.944822468577,0.19445268785,16.2120727763
0.337568982048,0.257893557005,0.251012779571,0.935075283518,0.0883999955405,14.7240431618
0.652085971351,0.214987247253,0.084679866853,0.767510895581,0.133852352314,16.638921203
0.463555923955,0.0309281537065,0.0994246706308,0.885828683249,0.27611828562,14.3292914244
0.276183661093,0.11158888644,0.0463518827606,0.825346073913,0.0927095759508,14.7843301676
0.397156726,0.0961546820529,0.19671296271,0.773742705932,0.0215823861085,11.8464274884
0.46804985074,0.124969464282,0.203754903172,0.78671530827,0.115415311925,12.536303553
0.521913870324,0.110291719257,0.264160648305,0.867444872335,0.141070053085,12.4763671423
0.387661302845,0.264444953446,0.132503177629,0.913191186578,0.130192747238,15.713601993
0.472048330439,0.121663286965,0.160379746824,0.86512450052,0.204700696428,13.9691502054
0.436061237419,0.0908782752915,0.128832623055,0.777073958938,0.215012241974,13.0788275721
0.561852183658,0.0364008236249,0.140944847876,0.875663193986,0.0933515408384,12.4951053838
0.500710347267,0.195134422731,0.198448816122,0.769472615425,0.220521481333,13.9502583921
0.405891814453,0.0501711405334,0.11530266513,0.875406754724,0.271911123475,14.3279558815
0.321938667745,0.0333870902539,0.120207183738,0.916998681303,0.180500502928,13.6368534379
0.540324543548,0.153524896695,0.111036928474,0.835750744703,0.179053439742,15.7528278984
0.395383168052,0.0751009594248,0.0697622734253,0.944342936553,0.297889824852,16.0313169157
0.220468229955,0.127078182894,0.258002819413,0.836274585684,0.0111262879891,11.1163273626
0.376601730261,0.149578935481,0.168684977833,0.830104129536,0.201991879933,13.5787760428
0.540568633428,0.0969048453866,0.23997872048,0.81107946372,0.0821933168517,12.198756762
0.239838415192,0.16774926837,0.156809099295,0.854967917117,0.0877397980836,13.5361422315
0.597958191566,0.0987742341776,0.121868663882,0.858007662782,0.0186307351489,13.9249104579
0.576962413365,0.172759653572,0.13625840299,0.871262090034,0.296168734587,16.5176163141
0.603498040883,0.224374930537,0.0549550129526,0.8349309258,0.258384639391,18.1704738126
0.620720367419,0.196209174363,0.275542443796,0.94116051086,0.157009902504,15.5658964551
0.593438600785,0.284256192803,0.210826782991,0.701261841883,0.197227837754,15.5590766442
0.651343731332,0.124597863956,0.245646223958,0.874904022489,0.207160234261,14.5970601542
0.42181225559,0.228561375891,0.0073152959762,0.870604906432,0.290857183286,18.0130479071
0.448315871982,0.0693014358903,0.134531790604,0.821804560794,0.0935348262849,12.565551451
0.585328957034,0.0338204047128,0.0202437885499,0.947433193737,0.0526662545193,15.4459740608
0.405786237041,0.0511917424396,0.259016794343,0.934611455725,0.257387269732,12.5610381644
0.338726197445,0.241978541154,0.103639273425,0.963907516585,0.266198208431,17.0107541938
0.50727412002,0.240411871955,0.0269272933916,0.985052038672,0.0914694235723,19.1077070941
0.52812439625,0.128688110354,0.168399309342,0.732671582263,0.179417145683,13.2778331287
0.426079189264,0.134642721241,0.157012372947,0.806115204886,0.0182183419283,12.8385593729
0.478258703447,0.164645914314,0.180716556928,0.872264538192,0.0204876354649,14.0382777801
0.770178237979,0.200262209108,0.0974420559256,0.866044278784,0.114955034968,17.5201830257
0.635701638469,0.0653529939825,0.0569467645033,0.891595334651,0.0697273594564,15.4160089571
0.488216075237,0.139319227447,0.0488365164409,0.941909232625,0.278719822045,17.3818870281
0.520388622449,0.206855693105,0.232079438993,0.891932396559,0.152403131612,14.7088322835
0.591240272784,0.169206533358,0.163294576903,0.738077060726,0.0709670866712,13.2155472971
0.474873296625,0.182199815232,0.115705969459,0.875897154586,0.100744512209,15.6213054848
0.554486876668,0.0368932981256,0.217783778383,0.880876730174,0.264949322857,13.1933341537
0.457170679784,0.179713078928,0.0399684612958,0.704762150189,0.220527514784,15.3584905795
0.685948360727,0.16306431894,0.220523594726,0.98986819386,0.0290692756649,15.5238017656
0.627276984783,0.207878300475,0.0782007930267,0.887968466342,0.261004614577,17.9253021431
0.501672706907,0.0868932367994,0.198995750956,0.823606907116,0.265790905295,13.1575136727
0.588801305571,0.0462695785699,0.182740214621,0.996810302682,0.194274856343,14.5499676183
0.468419509249,0.251016029062,0.246821336892,0.965086031319,0.257850412079,16.1234736519
0.685713410039,0.289279069227,0.0598539198476,0.934353893756,0.0316171644812,20.1625900111
0.655099470188,0.216668342347,0.29331567038,0.749955480125,0.247217324555,14.2387442739
0.657458137159,0.23868724584,0.022003297568,0.770604138739,0.17993804418,18.8982285792
0.455503752886,0.0672496795932,0.131233634215,0.790257124893,0.185018691342,13.4603147154
0.578073965338,0.260695971319,0.207128161399,0.767803977591,0.0835736371748,15.2228753511
0.379196801889,0.237320189648,0.181913906488,0.762708235458,0.0906023625004,13.5857435661
0.467220090272,0.175255727729,0.261632962931,0.76977382615,0.157474491721,12.9239802123
0.595927269635,0.204081181199,0.191102760486,0.86623857431,0.184819455141,15.6257356733
0.342473210081,0.163765784924,0.205356020816,0.847455942548,0.208158917217,13.3948942617
0.628451755566,0.2947683408,0.118668121559,0.905409226907,0.278035921126,19.5772352889
0.6064501014,0.266356852935,0.0759548564655,0.965233900929,0.0337850500073,18.711417174
0.698397801375,0.218538677209,0.134657451863,0.888645203099,0.122763448092,17.5630609564
0.464226309112,0.035808609869,0.115401760173,0.958654028771,0.217586335043,14.9803340044
0.173273558828,0.0869284579607,0.0413405613017,0.952214287854,0.189326070797,15.2836484665
0.428374028889,0.24900214095,0.0729046990395,0.741128255992,0.228121992466,16.3171147014
0.527034005675,0.0834905808935,0.231562831148,0.849403466593,0.0643034825852,11.8594362914
0.640473487459,0.0985493902222,0.155810939276,0.849184402469,0.242706004396,16.9204662506
0.517138229466,0.12971730016,0.120806644478,0.824789066037,0.239577022257,14.6578437779
0.309586447366,0.170940198667,0.283416228855,0.882607950861,0.137916003395,11.1125929377
0.476734876222,0.0648675947377,0.216520964993,0.82209523611,0.058448102616,11.3350049376
0.568836998622,0.084095213551,0.173653301818,0.780948768773,0.0844663438012,12.193538585
0.417898214785,0.0181985165308,0.266518823814,0.76824579216,0.0620871636575,12.6413463934
0.570368359569,0.198757784086,0.236853960349,0.779283131641,0.137734903495,12.2186580096
0.293073471669,0.015240590346,0.0880593921146,0.94384630864,0.0885706995286,11.2230339471
0.658587759233,0.152018830712,0.108310740548,0.950069256283,0.0582035753038,11.7010179569
0.547583689526,0.143539237578,0.164179370712,0.923564657215,0.150840329004,13.6483421516
0.585039051676,0.262355304609,0.271494121258,0.867875492576,0.188562792031,13.5036273638
0.344753253591,0.157181282761,0.179187763349,0.827494910504,0.198786883118,11.7727318419
0.608117129385,0.26335288336,0.14061684817,0.800314623794,0.145952646161,12.2212455496
0.732671567627,0.141703994445,0.103603707743,0.852675230426,0.189349136742,15.7956252043
0.22119564236,0.204920208063,0.0430863835946,0.953534697203,0.139822331902,8.92881686521
0.601858927397,0.228168313616,0.249823302649,0.976015713032,0.192058788186,14.3215403243
0.650624395987,0.249945022199,0.247451411891,0.899671232618,0.0139767577233,10.3521888819
0.498123818859,0.0790838871475,0.149441974239,0.75371678229,0.179248916809,14.1700750858
0.351768897833,0.0659575997327,0.291836295602,0.809130117328,0.110325127024,11.8560636364
0.539482107079,0.133602855,0.0805252581099,0.865036653255,0.104181237769,11.383716957
0.622219081504,0.245981601729,0.260144449115,0.923876282887,0.0869682931102,11.6640794328
0.39799583358,0.036967595964,0.0419415849994,0.993527393939,0.117105443573,12.5986399895
0.298847865044,0.0783674047449,0.159518757513,0.761630131331,0.146925800987,11.6495777216
0.472990682355,0.0791039345393,0.033256051923,0.862086250316,0.247077943177,15.0383846139
0.380779114537,0.225307845967,0.189300192894,0.883031689095,0.175412272146,11.3466420688
0.477573596105,0.191196834437,0.0591808451887,0.848500250937,0.0517407298035,9.23633711373
0.412754747852,0.0566223149643,0.166839392283,0.793007822384,0.132064794778,13.0371661839
0.606048936251,0.208455631488,0.155998307443,0.906119515769,0.00571775843861,9.61096722095
0.615916372219,0.248905101257,0.184666617098,0.771841021195,0.27137660749,15.0083675671
0.495282014,0.170187261012,0.213559458687,0.908500033116,0.102971281189,11.23890436
0.514812803578,0.288924316135,0.189625377698,0.972648620152,0.277502333148,15.3048452113
0.606065371691,0.261134991301,0.237435768085,0.851725710143,0.217161458915,14.524293437
0.284412633048,0.263982783442,0.0840581797071,0.754944999341,0.182642773903,9.50574793154
0.407099505055,0.299459529679,0.241528823086,0.887780338236,0.0781719408036,8.72333637192
0.476748796164,0.227868956961,0.00926542197102,0.851866414791,0.223220500627,12.114667733
0.517007673898,0.0954655162701,0.190864150757,0.730215181268,0.296308774315,16.3753380138
0.470203962253,0.115887182726,0.0681083489316,0.892003079997,0.169319160404,13.4909094601
0.464736941583,0.0176606641813,0.170410273084,0.85618651688,0.0473419868283,11.4786638073
0.424964490324,0.188852138374,0.137485132569,0.883163816017,0.0579546185456,9.26129014602
0.553056872104,0.0712197825025,0.180566159844,0.850434536026,0.153298715418,14.944996037
0.573078009183,0.137642353172,0.211491056845,0.815556653775,0.112394752099,12.5735320234
0.530101473064,0.249925806171,0.283018403038,0.811854107734,0.206923525827,13.0922552683
0.489542063337,0.17698376264,0.272831965877,0.931945586125,0.0429341082959,9.77865656105
0.374267038254,0.215379044751,0.0603785952984,0.881886213069,0.114722608776,9.05729001943
0.600598686923,0.269743290822,0.100659368931,0.891861998636,0.0572188772603,9.74272813828
0.454476461622,0.15162441637,0.104904256588,0.95752301268,0.0640611442618,9.91837882712
0.620825658445,0.0409883489187,0.146965391824,0.812133934692,0.118452181318,14.4884338078
0.655979620941,0.129555742002,0.226858043323,0.866084677568,0.0950647850206,13.531586501
0.415989195547,0.0715976450528,0.0785604556116,0.923939550426,0.178529977757,13.8817928577
0.56713925879,0.0300706606853,0.090716548946,0.784224516289,0.0199984054278,12.0178974473
0.556478113939,0.0816226085328,0.206043990886,0.794279405363,0.138809367737,14.021290302
0.520178800269,0.123979687035,0.216212500834,0.705403263487,0.0750037143428,11.7411308842
0.744926260185,0.0292591223809,0.108841069915,0.819857023917,0.259478814117,19.3750647319
0.313885285092,0.178736573273,0.0591622412224,0.725786196723,0.1550187269,9.67212167523
0.557295977235,0.171480334948,0.0962923556375,0.966421891461,0.0126683249076,8.76526665944
0.264320021899,0.0562864533611,0.153382506401,0.833508244195,0.11853440052,10.426966389
0.496556732391,0.190605556548,0.0383252589458,0.898281550938,0.120738730927,10.563037848
0.568054869569,0.143383797614,0.15015930565,0.808590883056,0.0790777243497,11.5542670007
0.549634912918,0.0705005526739,0.209280473633,0.855805561048,0.133338734677,13.8467552752
0.463378472814,0.252462020473,0.116746313844,0.718785366135,0.093075451388,9.15846866555
0.524500794494,0.164029402933,0.16072117895,0.948516517714,0.214657391827,15.0271443661
0.421725225828,0.226209654107,0.137082780189,0.772955025011,0.0930893947444,9.49887786763
0.301159787316,0.229647964177,0.228324302237,0.825329030128,0.212304589677,10.9704266489
0.499021283754,0.0581129819554,0.155587149969,0.975652190128,0.0881059199036,12.6485431514
0.632900559041,0.121107566059,0.0641759745704,0.928587184472,0.0890703741592,12.3290080782
0.516549877409,0.0742455942494,0.0993841440204,0.839528861427,0.234303230724,15.3414551931
0.732987926464,0.293277508986,0.216638816564,0.858259748634,0.249388726715,16.1732727964
0.510016404243,0.100414547822,0.206539523574,0.944596820917,0.181922321986,15.1832943892
0.54953420985,0.210830266172,0.240988263561,0.796405945107,0.232978504409,13.9952469989
0.418879618828,0.0406036506449,0.162140858057,0.878270257407,0.0801491038276,12.3811271212
0.477234960201,0.170662145524,0.0905913944443,0.9498980172,0.164661485723,12.3168292186
0.73945048399,0.274600693882,0.0221573492853,0.782598351844,0.196864795943,13.2956313892
0.751742925328,0.168193096079,0.210340314546,0.745266870109,0.168153044577,15.4535318079
0.653768014371,0.197659197483,0.133930112233,0.907803843491,0.0953290619227,11.8308688367
0.6290576471,0.139816087336,0.196366379012,0.96701483551,0.0668458936547,12.0086463683
0.528665277729,0.0955324101624,0.176487642825,0.956778064048,0.12287397217,13.3735394844
0.543719045117,0.113138408511,0.188643868832,0.931625805866,0.191717868776,15.1667898962
0.665308719124,0.0630634154436,0.141591380581,0.97520221423,0.251641757933,18.6703330457
0.499165637552,0.0646230431693,0.0759808414384,0.869026941808,0.278157266478,16.0928040599
0.385321423765,0.232440413977,0.28456843385,0.905610410103,0.183328218439,12.366897765
0.402938321911,0.161280021694,0.0287039934966,0.866705809018,0.178378068344,11.7967693398
0.40628855509,0.289812608413,0.268074020648,0.769590074074,0.216468959967,11.800694327
0.347101385894,0.125836280237,0.0959505165482,0.709451370786,0.0797624335421,9.20184896529
0.529414722668,0.295097440249,0.100508694693,0.752173074879,0.197244724945,11.8784920271
0.525096139412,0.169874605474,0.177797299107,0.956070312023,0.160158010882,13.8399335483
0.37773147228,0.222862745159,0.234797153882,0.832526434915,0.254505726302,13.1911164285
0.65151774789,0.186934497237,0.132637916532,0.836691502885,0.141693932032,13.4950307212
0.59718610499,0.10353820837,0.0680200032969,0.868137407186,0.15830050308,14.3533250369
0.471858283577,0.172840239624,0.194338452251,0.960887366239,0.111107162323,11.9108115425
0.45532237076,0.217947443398,0.201335580146,0.741968116716,0.131704581916,11.1686300044
0.596477670213,0.119383363086,0.0947002351147,0.983861644276,0.0496109014588,11.1656969821
0.442187858659,0.0881036579802,0.170236718478,0.795411022408,0.252317312016,14.7603131637
0.460084245791,0.155661921772,0.216329097577,0.83338526609,0.24908518429,14.8759196845
0.504327263918,0.154824493974,0.152419252901,0.954684939312,0.284112973716,15.9704532422
0.141128454862,0.2821361762,0.219674473662,0.746205982419,0.022265176779,4.28714979682
0.5817280703,0.0111862214154,0.0095351413924,0.969016110888,0.262220608541,18.1910984499
0.442880505478,0.0720896984198,0.0541899366492,0.987704481228,0.24991301974,15.5135315593
0.415084425484,0.238992414247,0.230922245997,0.942765793004,0.224149720149,13.132903791
0.568151958515,0.182872075491,0.137512640943,0.822117896321,0.194453897274,7.6662085057
0.763103433616,0.178421843165,0.191224985343,0.88607264967,0.152148619504,10.0765478853
0.589572367096,0.141482576746,0.0258253802842,0.737625640282,0.0461535647818,5.51115037535
0.565200064225,0.223423843968,0.0507347386375,0.794503251672,0.035523932319,5.60026050955
0.554697016553,0.256320563554,0.215416076296,0.907172657916,0.0712097587418,9.58246163955
0.56434322482,0.15391776012,0.072437974844,0.942787363953,0.215945813504,9.35234297943
0.51254080965,0.0712547409834,0.0915473069144,0.909548611685,0.256435299608,7.45945104787
0.443463669695,0.197158336069,0.211556183139,0.930437229011,0.165854689147,9.73764719656
0.416391643106,0.234714055898,0.195804276696,0.870540493613,0.275564659488,9.09598737079
0.602581435041,0.237480504575,0.23345970666,0.884535515615,0.108620219623,9.13438253252
0.356310680472,0.14159971035,0.166077994336,0.899131442398,0.238014144041,8.16989149911
0.459471511655,0.00517425059607,0.0937286316954,0.702254734972,0.111062445838,4.72994639623
0.37998497698,0.172513156145,0.223205814388,0.815087044984,0.15150481629,7.61699981255
0.241578996977,0.110733476086,0.189521682083,0.780656442059,0.0559636123381,5.17464191581
0.471019532536,0.109283995905,0.0394301820378,0.830817936309,0.0685930780284,5.48140018154
0.485478934761,0.101882977553,0.108730477016,0.796327771443,0.254732493521,6.88706414794
0.556182693661,0.213386302612,0.218486161855,0.815592354695,0.105827208454,7.68440746663
0.319681202632,0.0927947782581,0.191400930415,0.789315885794,0.196738796553,6.52356739694
0.404556595702,0.288324386795,0.124729098799,0.851421541691,0.181456863059,8.05397834052
0.483121131472,0.205925327655,0.226497372788,0.848627322673,0.176359863189,9.15504128523
0.523542032336,0.0910680371977,0.226308509999,0.951545064852,0.193369661157,10.0811355254
0.447835602218,0.23980785512,0.100403689836,0.95137891672,0.114930645264,8.78476370184
0.446861409035,0.0205980353426,0.153789037514,0.801924007396,0.29431831121,6.66497604238
0.453523216863,0.0702197286771,0.126772593994,0.780919932481,0.112989424837,5.72413327534
0.264429917405,0.180187952204,0.248490583236,0.906959302667,0.196783853785,8.48197922804
0.519295422729,0.152906101566,0.24545781389,0.816170815571,0.157169457476,7.96211433948
0.679074413889,0.148782226489,0.107385492643,0.915453212136,0.119593813971,8.66766896852
0.388037700878,0.208018009817,0.0814733354649,0.875248312787,0.064953950362,6.01994561609
0.650959791274,0.109454206788,0.120031395067,0.946281919411,0.0192466733189,9.13244359273
0.645233630936,0.120287473835,0.178351627563,0.791663567889,0.119621848647,7.87349729292
0.425572873337,0.230757442535,0.281314914152,0.814510766383,0.105068562659,7.69383550419
0.375613570486,0.186363801695,0.234057438043,0.770534808973,0.231514894599,7.87387103498
0.641280773084,0.28602576501,0.0161591701654,0.863286855029,0.134332109721,7.92173130196
0.579002092608,0.0233594597483,0.111820981107,0.89005649126,0.18390006609,7.29471647525
0.449726220049,0.231406816999,0.176860712368,0.772133686123,0.101015030761,6.33886602254
0.422426301248,0.097808341914,0.23645385317,0.939818917777,0.0992043608721,9.20373170423
0.489525001824,0.14475397106,0.150750003773,0.847409271903,0.163111876974,8.08038927566
0.36082454161,0.0991932852867,0.181322419539,0.859534387386,0.165252230713,6.92834664153
0.707720331403,0.196147748419,0.123758681332,0.765311814901,0.291281046064,8.64981242229
0.342026913377,0.114673514914,0.223934396895,0.873484229597,0.104237172543,8.09404302076
0.464035955115,0.0332620601502,0.0916236466786,0.935998572465,0.146977338111,7.70273770558
0.336784909391,0.270445304879,0.286005985642,0.789214712061,0.285730292493,9.51216340902
0.441438285873,0.244600456298,0.168092018951,0.890423341083,0.0982572325422,8.18615470738
0.411487112196,0.264145449796,0.262114201217,0.932540587826,0.0436514811176,9.75598291927
0.365148739529,0.169087085924,0.0428248850551,0.981699578123,0.143762675947,7.89377363167
0.643993442734,0.217241288064,0.0688909228151,0.86418442294,0.120469891436,8.24744099116
0.577503795252,0.152244847961,0.246979898179,0.857735937675,0.0255938069152,8.65440561471
0.496096746974,0.12367880351,0.200335164164,0.952497259304,0.0902475202947,9.02579241337
0.331757393868,0.107082160067,0.200385656342,0.9820026401,0.0864734333018,9.04271063095
0.326689771404,0.201283975516,0.057146173119,0.865572712516,0.226825766324,6.95178443507
0.54010141384,0.143869004791,0.23018595424,0.947481758906,0.141760931461,15.0264719434
0.343331144669,0.0417383227053,0.0735523684792,0.977689751663,0.097973932926,15.1296962723
0.435561022258,0.11068214153,0.252629148439,0.719544106948,0.00187697411891,10.4764384028
0.351924608876,0.00565084198223,0.192884397134,0.825884686241,0.116193078931,11.1898919772
0.29760440209,0.107230887122,0.0282064688395,0.964703255409,0.149830640195,16.4363193576
0.320631881542,0.172114076118,0.0719644344281,0.968592674686,0.17937760097,16.6152513907
0.482164652617,0.254975810075,0.142151322981,0.852763980628,0.0962287943844,16.2914579897
0.475169862514,0.119426733009,0.091848443423,0.755356951381,0.14497155946,13.4205608959
0.58082111303,0.154456590537,0.177224735493,0.742200929879,0.0697208154686,13.3495436766
0.504691826153,0.0409935915957,0.252311945195,0.900523540443,0.252313398964,13.0099973127
0.642145384794,0.164834319204,0.217635380425,0.861346253472,0.0981124030588,14.8590417798
0.424684645962,0.0789623505112,0.254617272002,0.868495483103,0.0685096336526,11.8583648844
0.474688876551,0.113593975156,0.126660452835,0.924206089869,0.0133195998095,14.4112131566
0.509717883973,0.0512560840319,0.204401740961,0.883267232624,0.2527563393,13.0642829793
0.642874992896,0.0109460607936,0.0866567475176,0.771769995813,0.177757134503,12.8740437529
0.612811928059,0.237601234065,0.263636639062,0.780978299148,0.0261325332548,13.7920654482
0.47000691666,0.267906038707,0.180823199254,0.987327800664,0.0633384113118,17.0465364813
0.397384353707,0.118737500926,0.177567006344,0.89716013487,0.00381753474038,13.0757058755
0.550776536113,0.133872265853,0.215127523417,0.816679418561,0.210758301944,13.6117242152
0.5214699597,0.258429865803,0.0581823434647,0.942464743739,0.0695391832398,18.5670397658
0.467949156737,0.233043360576,0.106247911798,0.847266375488,0.145869135379,15.7569026744
0.514487789624,0.197988487621,0.163768356898,0.863207568933,0.00304624526593,14.1115479436
0.314713413909,0.0401516982843,0.290619471525,0.920047566943,0.0694188611433,11.1566265687
0.497482053146,0.0872198973296,0.197644267379,0.804473038446,0.0421223279467,12.0573854898
0.468444886194,0.115923709533,0.245049412623,0.742839113268,0.21841042167,12.3681260888
0.157992679591,0.0358900735464,0.0533561245158,0.827100398287,0.141472422929,13.6346820437
0.599826965693,0.166978266039,0.103711160336,0.783947644747,0.164084638915,14.9160931348
0.561335376682,0.0912825570751,0.169379531799,0.747151020412,0.0850804859116,12.1149364811
0.319004622431,0.195573288771,0.241840523471,0.918643531735,0.148115143214,13.3447705496
0.420987290085,0.0164180361214,0.143699873411,0.702892929024,0.0770295412838,10.3449259306
0.545393117691,0.144595601514,0.0611851091317,0.92970306075,0.191030010395,16.7382152961
0.610733627894,0.184388387098,0.126410823736,0.815283063428,0.0800938596646,14.9073783379
0.523311507822,0.0986164701196,0.0394105676336,0.740376842439,0.181669547432,14.8003073748
0.559247687451,0.192543896594,0.0331345692477,0.791338806933,0.0684080040762,16.4485502161
0.618965721296,0.232462296707,0.149122000485,0.950466536017,0.242867440893,17.8755859894
0.579096759771,0.274215353208,0.228542677958,0.995312116367,0.0668883470912,17.2831985813
0.471216527326,0.240007969091,0.162551747676,0.869733541011,0.0991775367023,15.7657560297
0.594967849056,0.110868360693,0.125828286636,0.887264850801,0.0226980085709,13.9210709531
0.667721749537,0.152492580294,0.143069615381,0.960187463112,0.151130461791,16.0756242189
0.470312280965,0.0729529291569,0.21798867317,0.803729627765,0.226272127272,11.9989129369
0.440330495591,0.2804347056,0.276492175028,0.731348186185,0.0875156938142,12.9871822995
0.423184038691,0.123066370506,0.106442149036,0.781729864364,0.118159605145,13.3060052443
0.361073882225,0.228538655233,0.102685432426,0.94034458063,0.177881823085,16.7027854409
0.52879772039,0.121421698362,0.166089829166,0.927948447476,0.113117847184,14.1823362272
0.540388155615,0.0386270624117,0.216024046429,0.889418604652,0.0566903983782,11.8929501879
0.562471117468,0.252865997526,0.129533563694,0.727064811876,0.129504848788,15.5815950823
0.441934959131,0.0753042222347,0.172248278755,0.912821027384,0.261421713649,14.2607554404
0.378294904636,0.142036533873,0.0258767930022,0.897551421275,0.221459744348,16.2643161254
0.487359099852,0.0913578311718,0.0495699516253,0.754939078217,0.0574292849384,14.2474223612
0.519680728602,0.0822068624616,0.159146261479,0.891169773221,0.0921516740833,13.3045579874
0.364614302523,0.213523610815,0.11763448805,0.844619795218,0.107157191852,8.74114378962
0.448143029305,0.217741669216,0.0380175003581,0.775597696653,0.113509969277,9.18397831078
0.737622599776,0.26206209074,0.224097845911,0.836116324265,0.110557972649,13.2849892684
0.420835070041,0.206069307748,0.250810772012,0.750736637384,0.167233652008,11.2741954794
0.412462460365,0.032236577405,0.24960138849,0.888459317626,0.187444453576,14.8824116559
0.579604480048,0.216903053442,0.14620556287,0.867261211104,0.0816468642347,10.5599293067
0.604211330507,0.124489315491,0.061398711677,0.766153257272,0.226808815007,15.344259671
0.613216792174,0.288348505942,0.283096360197,0.837366884298,0.0381684772228,10.4059448864
0.593395958003,0.264931118866,0.0535502586993,0.807923845336,0.090751105644,10.2937642278
0.454485233797,0.0743064000381,0.0986101849096,0.892754119589,0.102700960941,11.9907736508
0.56657840443,0.0541261339417,0.131857073454,0.87438787534,0.0655615515239,12.1775017601
0.424304168235,0.209195729053,0.151870511511,0.810464024149,0.197227501833,11.5906618373
0.360283442497,0.0203611283752,0.0835795690069,0.885034726157,0.152396257404,12.8134957394
0.406506317419,0.149377747184,0.117818275761,0.82929918454,0.230026071627,13.2051373706
0.40968575422,0.18048745546,0.260042748829,0.771310945088,0.0586948929165,9.29437073857
0.397572446715,0.245754963209,0.272342080726,0.816295364839,0.263368526575,13.7883397219
0.503137679382,0.0159828491407,0.0603249151435,0.862176390843,0.296696346158,17.5195532874
0.499693825757,0.000557981200961,0.130839906445,0.817048031064,0.28957611147,17.5794444978
0.454378042776,0.099469049986,0.253333938113,0.762297645025,0.222312426962,14.6512893608
0.567177178807,0.140708737211,0.0312675108167,0.971165989723,0.001109718468,8.55009207022
0.362237432984,0.164488011667,0.238548498205,0.972602473511,0.199068382066,12.9429680088
0.666293654338,0.244761964997,0.130292879561,0.954704551777,0.147385867729,13.890721377
0.636230171618,0.124424264284,0.120131056663,0.868412874339,0.138427156058,13.8125552841
0.0903302395112,0.0171804603794,0.207305894605,0.95855151588,0.00679428275589,7.06817207176
0.536638874472,0.160995454016,0.182050506332,0.894107795611,0.206484513111,14.3934984793
0.499562503727,0.14693223459,0.0200430241369,0.842150466065,0.177533009439,12.570964769
0.411465550952,0.0272810404872,0.218043521289,0.826454051647,0.12951872426,13.2809617747
0.607738588545,0.139922415782,0.209267192036,0.866892288135,0.130969787121,14.0101253732
0.505208325384,0.116747275786,0.0633578956358,0.872429177762,0.165959761368,12.7647091433
0.577974265059,0.0595131374929,0.180391644003,0.942986715394,0.0598603421634,13.1354084784
0.606670000196,0.250027069647,0.212793896307,0.726923159725,0.193736163467,12.8923326606
0.302701708077,0.0537177208263,0.220999161691,0.862940381537,0.246346959365,14.7673707354
0.473777321713,0.106030948687,0.0676768966851,0.817598244976,0.173653243078,12.9700474573
0.461373190011,0.164348089011,0.198228720578,0.86119578529,0.042139824165,9.7734878226
0.501978400271,0.274283300405,0.154839304209,0.725477095284,0.22974504112,12.4429352726
0.706611849731,0.0535450106694,0.209777071835,0.888526784175,0.0163945996893,12.6514342371
0.470512154795,0.16194003997,0.107129650404,0.928368712938,0.12440637035,11.129479567
0.552148164767,0.0813044545654,0.0525404066499,0.939047132022,0.221577525011,15.5128262968
0.631950321207,0.0584105044654,0.116860885887,0.874738339897,0.287995949384,18.1154835745
0.556358198028,0.253001591983,0.169538964527,0.772693139298,0.166170722843,12.3591095886
0.524545679619,0.140526167775,0.272829912068,0.785296101646,0.247149847139,15.0958609634
0.541753606989,0.205065237799,0.0359229831512,0.862779674055,0.268971789947,14.3222299303
0.726235786584,0.205609443841,0.0448319332322,0.749229673392,0.263720293,15.6476984142
0.47871836742,0.088724883959,0.0937269563127,0.825297836892,0.169862838293,13.7076255558
0.602321788273,0.177955951913,0.18901520217,0.779151666214,0.0324015959029,10.1592782589
0.414212236496,0.0936938448489,0.267389242025,0.789449349971,0.105384549983,11.7196033288
0.604671286611,0.27425733177,0.219096893576,0.787558213482,0.0846049124896,11.2077465474
0.439417332096,0.158660618059,0.181236898707,0.903627500198,0.103076843321,11.2555551804
0.340361986872,0.000785078733995,0.17150156249,0.796854919203,0.266484073976,15.9602919927
0.452459412834,0.257766863868,0.0977669282751,0.776546586405,0.217811202812,11.4295224235
0.558186710627,0.189730204196,0.186752390448,0.829477722314,0.275251092587,15.6140770159
0.458324744404,0.154385896034,0.0403257497982,0.978478983868,0.113455396912,17.0254725097
0.632347921124,0.205470058266,0.240044025312,0.98438344619,0.284225121028,17.4510529666
0.403282693495,0.181437778116,0.201413578746,0.856644485309,0.00870947491101,13.2520592311
0.322578902674,0.193652055618,0.150264196313,0.821186649318,0.128498937265,13.3660848783
0.488405699114,0.170451825614,0.295709999672,0.991769903302,0.0145429936234,13.7523950484
0.504563636317,0.188032770796,0.163525497388,0.986627345991,0.128373625396,16.1358476086
0.285548452234,0.230641992036,0.189195442174,0.804976912822,0.216030843049,13.2187613596
0.471735029074,0.211422059639,0.248490632056,0.783351798613,0.00813393219492,12.6819238271
0.522567806888,0.0928453390816,0.1584621773,0.841794020419,0.18114415926,14.0490946259
0.612863813611,0.238483082025,0.289879932583,0.913169390208,0.142638786843,15.5529445804
0.60202400415,0.0374993240937,0.0844317080794,0.726567967854,0.166599931639,13.0579936645
0.646275341308,0.213444291562,0.283390455513,0.714683040758,0.0934157706784,13.1698106375
0.766740446163,0.0267015993402,0.259199325093,0.811982958489,0.0519827296814,10.2098735435
0.473445925268,0.0766148086467,0.0345640448434,0.870227106656,0.279912023889,15.8657498061
0.609835277943,0.0503964344737,0.0654495055356,0.8063240672,0.206597524635,14.6548361411
0.492705661711,0.136531845927,0.225643169556,0.772926945922,0.0429396606064,11.8412650547
0.511280857367,0.110324285116,0.0726849725214,0.830627822972,0.281005355435,15.4282102231
0.431401782347,0.122988926506,0.268247356875,0.782762167835,0.0500466125012,10.8927845962
0.657047782087,0.0656038428489,0.136482802388,0.859623527668,0.156335985061,13.544862914
0.669354983942,0.205818517167,0.0170021911998,0.85961349445,0.212503582205,19.5080461706
0.579248984071,0.0647519982804,0.13092723799,0.804695116132,0.15376549145,12.9459024392
0.499249699595,0.0598322913294,0.0948791935542,0.95690036698,0.12140579837,14.4104350702
0.335214438172,0.0947899525225,0.178663108814,0.857848124932,0.134703327557,12.3362628047
0.366214693795,0.135307321231,0.209212511877,0.904756134834,0.17428339199,13.5728641177
0.603796646162,0.112819930645,0.270379976277,0.783791900161,0.166839349107,12.8131671659
0.337410457133,0.032914262255,0.219720936229,0.942129355732,0.286236846609,13.3389029799
0.635573472842,0.274919737405,0.263592289031,0.827211407712,0.257997675159,16.5928774834
0.613868913337,0.16665274988,0.157472259278,0.943496650486,0.0547162377261,15.2428705366
0.53615115835,0.135824749213,0.156642069567,0.893803592544,0.21300718676,15.0732762425
0.602013490519,0.22057587302,0.137223598292,0.741084831663,0.0833488500009,14.8844171434
0.413531639087,0.0232593908728,0.150028449512,0.727376467551,0.193043570538,11.2479841389
0.460766252778,0.070968029187,0.0436555413976,0.83865631323,0.12830154213,14.3056169221
0.537306999222,0.0636723890263,0.116019840061,0.893926236901,0.248311095858,14.7043725548
0.377549582882,0.20574960289,0.198504085855,0.775176391781,0.158375090917,13.0870275522
0.424102873516,0.0861133371817,0.141071880379,0.753545820755,0.218155568639,12.4077482458
0.511116100788,0.00978330474957,0.050311896078,0.700320904339,0.0749282252533,11.6059868399
0.336662576611,0.101400488717,0.153584276498,0.981843883547,0.234947063887,14.9881271271
0.513795250674,0.203197471224,0.0828746406604,0.758715129169,0.181656028531,16.110383297
0.500143166817,0.24933195602,0.0517037928023,0.785856025734,0.100173036194,16.8646659837
0.382889877749,0.207403918195,0.246452556738,0.896536305666,0.204343867575,14.6349208436
0.504363166113,0.243606246974,0.0829847424558,0.946098626276,0.25536865877,18.2251427961
0.64493076905,0.299391070768,0.192169089177,0.803314122566,0.21905593027,16.9994458618
0.543942401439,0.174111464459,0.213566391827,0.922701858951,0.273489906826,15.9161234354
0.328801979395,0.13627022472,0.281764547762,0.838175264289,0.134879031238,11.6426394767
0.563877853723,0.276472929046,0.165549434917,0.89276882153,0.0315903340805,16.5001997505
0.491339646969,0.120478389478,0.0136067636456,0.777713541917,0.25999662107,15.8206547353
0.399474996122,0.0365542479789,0.174330333032,0.894306926458,0.135968201907,13.1326031796
0.506277975544,0.248397855499,0.0610505365547,0.7917028281,0.282675135598,17.5127265181
0.589558509064,0.130548195696,0.207056053189,0.892025512532,0.0640870679698,14.0763816541
0.683988588277,0.116034349112,0.030320121369,0.849276199155,0.255894448608,16.5130302062
0.402833281319,0.0316696146143,0.140611113257,0.890023269379,0.189666248321,14.7435800257
0.653740851891,0.122187049034,0.232005695254,0.767774164615,0.23836187678,16.8899749885
0.621777932131,0.042108920701,0.170312053151,0.884221157317,0.0853173876089,13.8849303934
0.52567091006,0.253791964319,0.151308426205,0.997239450829,0.259504853772,15.1666303551
0.91087660902,0.16616113984,0.0189813946544,0.920735819443,0.101143757242,14.9799729351
0.52369097592,0.177104999223,0.140141852427,0.869557697632,0.139899030986,11.8054461174
0.568958290529,0.083471913907,0.0324381500671,0.726024290709,0.10489475974,11.7523290462
0.659707552957,0.0753866991144,0.180638144541,0.842506635816,0.0792686546578,13.9779313807
0.334805951755,0.245843590278,0.161588284695,0.979451302877,0.0852633245142,8.14649557913
0.548353725818,0.155492276759,0.013060832554,0.819673662046,0.124828217736,11.9247777042
0.375942722619,0.0882712017455,0.290114235023,0.856695631419,0.093763151964,11.6736868384
0.371136497711,0.0636398938991,0.0215084750287,0.736971477413,0.0771262221219,9.99599512327
0.536188499431,0.0860388020902,0.191653053718,0.883766460361,0.0547027277501,12.1496024095
0.476997029114,0.0898065266874,0.100702991521,0.919606260464,0.0503311222306,10.8097636598
0.532612244286,0.232096259351,0.0613425704848,0.804551848624,0.176512722978,12.367679816
0.576964611736,0.158756946008,0.03044285678,0.848509438988,0.0744382741101,10.4783448068
0.484113653247,0.121792186923,0.071381932849,0.795148737504,0.184724782338,13.4663590477
0.465929440476,0.0177275625654,0.0958351455373,0.92861673963,0.110685680139,13.4207873974
0.370185450318,0.139394866179,0.0688898245029,0.723967719997,0.240720198122,12.3688171215
0.557249748159,0.0860051694722,0.0219839047491,0.871300351063,0.202946186034,14.4874587669
0.358662004441,0.164492943499,0.0689056859541,0.934324460972,0.180819621517,12.1405062525
0.605648799046,0.0375180737556,0.143857541599,0.782154005386,0.203863780373,16.3985277492
0.639074744929,0.167588336995,0.232493626618,0.717940819018,0.139160841822,13.537440941
0.291674130689,0.164995079764,0.142387102263,0.825657609757,0.284996199516,12.6115651136
0.471238353858,0.208992495286,0.237258335192,0.755784145674,0.191222605653,11.9872989595
0.571901557825,0.281000837802,0.203131752174,0.999602313115,0.294655740855,16.1528127135
0.480598928521,0.260304801175,0.102478035051,0.815133917875,0.215851968382,12.5028557398
0.739200422221,0.0820812924818,0.132903627144,0.789981355779,0.0882325277875,13.8588968773
0.5488178843,0.0649800833673,0.0476738721068,0.805489507113,0.191010100654,14.3578497663
0.382507091016,0.0530426817851,0.0695871350025,0.77217806287,0.243477627474,14.7330377316
0.388501909046,0.135721678001,0.23848526136,0.75972078467,0.266035214018,14.4006111653
0.275429124,0.191474875109,0.167273723801,0.887897116531,0.0918215866151,8.86497872999
0.54984243953,0.274422278142,0.0920430104911,0.908827429135,0.0326805731283,8.28975046212
0.502436703161,0.151899856681,0.145667951594,0.726591311316,0.254213765683,13.9650204928
0.413514534931,0.290810524915,0.0729281102076,0.94743297352,0.0812748568748,8.46759294689
0.697711529922,0.257915666469,0.232449890284,0.803388764448,0.277017912767,16.3690575285
0.431060777249,0.286496166359,0.153768594905,0.883424011216,0.242400540581,12.4562625527
0.560758798738,0.0480637508903,0.048608182407,0.926636723481,0.0926539487295,12.9191919687
0.390436715886,0.0378857783075,0.0441084411282,0.798938443342,0.16887588393,13.1298051817
0.295209725583,0.152530519758,0.0446522432094,0.836317879025,0.15345037762,10.1141607554
0.532775119518,0.0433003579419,0.178798753383,0.752230684246,0.0996709004072,13.6173770019
0.529164404235,0.246560936824,0.224139674322,0.906498400039,0.233845027961,14.2417185752
0.227327469051,0.247590601727,0.249188490023,0.841877732989,0.226831207125,10.450876509
0.58138265198,0.199050783214,0.0791377479846,0.787443053782,0.189894038482,12.7525143384
0.722491082483,0.230406217977,0.101318439429,0.879138948622,0.13541995924,13.1629176797
0.439384448168,0.11902925541,0.221801461116,0.916298139154,0.147528528359,13.0512894002
0.607787125531,0.20118463715,0.232215244685,0.764403971068,0.166303835003,13.6918884005
0.597753033867,0.195335852446,0.144077133085,0.927543178051,0.269907308122,16.1143986026
0.414795206336,0.265478493139,0.107965794475,0.983431710267,0.00165226684829,8.60981087202
0.602189232751,0.136716820489,0.000274854271629,0.723253869027,0.0476444346241,4.79738397887
0.699556249929,0.0535721160723,0.231484930457,0.884138668324,0.121478781465,9.03540442162
0.61006998796,0.0944766369363,0.185417508379,0.843783603839,0.00691671605642,8.11475237609
0.534314971784,0.252821840514,0.126312349403,0.776358068076,0.226351473593,7.86423499562
0.510971592327,0.108490868467,0.133809916752,0.839536669013,0.100263316847,7.27958564703
0.547943813869,0.245460397344,0.142189725353,0.835353920085,0.0802531538726,7.53266994165
0.485749902179,0.141278505813,0.0488106072607,0.727422258292,0.187637078982,5.57655236843
0.262798425169,0.156599006974,0.0698725740991,0.920528058,0.219105931993,6.62650653759
0.47510593242,0.098042642151,0.0474537075387,0.994990572961,0.228836497465,9.2610054788
0.712173594018,0.23228497155,0.203380747843,0.98423680844,0.184136074557,12.3885485884
0.566947974503,0.162083651378,0.197191478909,0.747561114751,0.193556650441,7.66678134439
0.301547458026,0.0588429417498,0.0035175430242,0.916324261055,0.193125179309,6.27684814299
0.443482082448,0.205696831051,0.219250503364,0.734943904568,0.064921031455,6.13441363742
0.671388649653,0.0685280278081,0.15614697462,0.766765899989,0.0702263174437,7.47325594781
0.574694005969,0.197626201709,0.175100170912,0.882921471039,0.0243286523847,8.4382018804
0.42906419607,0.265855838247,0.106976091911,0.844558792162,0.116487941807,6.90734794239
0.43167966226,0.215116874129,0.0568199479797,0.814299325659,0.162153266393,6.67572916268
0.518155570874,0.220077960606,0.25023179154,0.808763562674,0.175800847975,8.73120543589
0.404216682002,0.136806632969,0.167190109694,0.772691187979,0.186450853671,6.47515538293
0.55305079069,0.0658228187728,0.0077865107163,0.891677841189,0.111267575377,6.2378603373
0.238830967192,0.18306141105,0.123082876467,0.984305946243,0.0990321080041,7.767955194
0.621837004991,0.276300617688,0.146099677779,0.73741271089,0.15526941178,7.81988782157
0.668536211482,0.106571033267,0.064811556837,0.961820290794,0.0941565404857,9.27527882302
0.474706282877,0.225146396462,0.115736364173,0.729623034416,0.0422509957834,4.97563840468
0.589130767015,0.207882722958,0.0715665079031,0.953218228098,0.0315950885529,8.31111526327
0.507137522316,0.144746490565,0.137592840808,0.749606657495,0.151158096515,6.17149503236
0.60922011621,0.112049390963,0.0778020271686,0.705801007261,0.0652178574333,5.37364318341
0.2984415178,0.205751843087,0.083389805113,0.729852339726,0.0496452701398,4.51508149873
0.513971508547,0.273345842399,0.0529622439353,0.854956154194,0.0368395354028,6.22763955838
0.419611467574,0.168325829181,0.128744682366,0.98498683484,0.2537759164,9.70427186545
0.434446134141,0.0887269155745,0.103787821759,0.890203955746,0.0916066499249,6.85660851767
0.50582967041,0.200220274376,0.241886832818,0.773825253994,0.127571879025,7.63437602454
0.490309691226,0.0496257255134,0.139608548,0.734297396436,0.0830642477911,5.14381981714
0.467077975327,0.272702552409,0.159598416943,0.798238227658,0.0114226296058,6.5060719252
0.491892804744,0.0656715560592,0.0610748780216,0.883560870948,0.126178081977,6.98036840334
0.52365139921,0.232023696675,0.2983886359,0.919666380532,0.0238120335866,9.76217268939
0.545357652408,0.074639504499,0.201215021071,0.808289652469,0.185933860389,7.92015772115
0.548066055767,0.129665350237,0.219552036244,0.840434282133,0.283443594028,8.53290774652
0.435586764404,0.234396627604,0.176554452266,0.80979365009,0.227818167836,8.17751243211
0.558924333298,0.289517967608,0.0146804055009,0.786278700998,0.0172834409314,4.82578907096
0.552908867729,0.1686326245,0.272587802559,0.930313228292,0.186755507208,11.0104700835
0.666866803871,0.113453229794,0.229666934984,0.729727226514,0.0805078544315,7.38370934762
0.659055042134,0.108389371993,0.0146608286149,0.836104943086,0.26571469038,6.61937714843
0.568201148282,0.232621805607,0.0869190863305,0.864129916576,0.15029234191,8.12727850531
0.423033068908,0.191815371099,0.189536363602,0.809660556127,0.139401845948,6.98071981043
0.490617633373,0.0824482187556,0.270697564068,0.872518581897,0.0911942586627,8.89849506291
0.487255875012,0.257108473486,0.175516088232,0.862510650662,0.130028958108,8.47120396608
0.517581900838,0.169326896699,0.251829309023,0.981005730118,0.253790072495,11.2518878144
0.569295703439,0.0971749592234,0.198074022882,0.842006785717,0.247559684683,8.1160988454
0.668139562977,0.196550506849,0.122177863089,0.843705855204,0.203455923702,16.3995075076
0.439637662691,0.0116973875995,0.118521671099,0.777360245331,0.171087947105,12.2517008302
0.457925013456,0.0796630687414,0.00382554595262,0.906818510532,0.162186154698,16.3570425525
0.566534114093,0.105643806424,0.253541628121,0.874624971933,0.269519943674,13.3919961518
0.607527162082,0.278413134649,0.274658670094,0.715551230968,0.00208031356699,13.7181762539
0.309032700061,0.183782632583,0.182411042628,0.879887950799,0.0506297377354,12.8584109217
0.501117171935,0.198921999414,0.176168005031,0.784397428168,0.279726991497,14.6613000835
0.484241989321,0.106483251015,0.0571030478577,0.802677564712,0.291810118596,15.2018545422
0.585273002975,0.214341888534,0.0585224602515,0.856189962178,0.266079585666,18.1788776577
0.467756795501,0.173041718483,0.239934625818,0.837268544963,0.0234520502615,12.9460545284
0.473246392513,0.257703572255,0.173738847987,0.790194288823,0.277063323349,16.0560612914
0.29676263114,0.191274277064,0.00961237789,0.849057425999,0.112582093351,16.1691653689
0.544860872755,0.215708966159,0.033710277203,0.815316494798,0.191870099731,17.3714060655
0.577843990722,0.186474871109,0.0826465363316,0.784877713195,0.107485826657,15.7938952484
0.404058122872,0.00137858651283,0.184328626798,0.847715534014,0.112810368188,12.0238462794
0.504087447339,0.163327606648,0.134450680409,0.779918478726,0.193521749136,14.3303247569
0.56607311511,0.108750746981,0.0748044860893,0.737732931086,0.0864626186532,14.032149885
0.463222978867,0.274142579892,0.164400644992,0.822077020888,0.000157378200379,15.1919977987
0.623716332024,0.154863371294,0.134570343838,0.732864638184,0.00909142067629,13.185793377
0.616679127734,0.132088494782,0.123160491154,0.704464237219,0.145711402001,13.9303638029
0.51962245608,0.163709714283,0.265905080501,0.834206601135,0.132844228743,13.6239164933
0.491189288967,0.0890902797624,0.283144639441,0.825954968172,0.0914027023034,11.2166363641
0.57037772399,0.17171850028,0.182981051377,0.809381731524,0.194332441497,14.4389397246
0.646674081754,0.129919013895,0.265553297768,0.759156883729,0.0196248498509,11.5460422373
0.596197383494,0.168516443076,0.185431494526,0.855189887343,0.250346867287,15.5656092338
0.477262121469,0.0840264151163,0.207699702273,0.915748936061,0.155019510377,13.2244407276
0.564593903307,0.287442519863,0.104100063378,0.714155989548,0.0748539170863,16.0984950419
0.43435265837,0.232431089694,0.231804961886,0.729438284861,0.278577610864,13.8214505207
0.715355341024,0.235383038901,0.0981039262604,0.984643860713,0.211949579766,19.3220424128
0.643680418292,0.102124993074,0.0767979561625,0.843661500851,0.0391787088441,15.1343419993
0.594389043713,0.105459195153,0.179386042267,0.92583702641,0.285859289122,14.9736208895
0.621960764543,0.236878553944,0.291750833703,0.943483058062,0.224394316703,16.5046154924
0.642814106063,0.120163615,0.163865630524,0.805000655925,0.0659472082521,13.2224937083
0.450731850661,0.0981936279707,0.0491032521613,0.922988955533,0.165946496502,15.7230696939
0.366576111835,0.0751679009354,0.00278644472979,0.901596203811,0.261715036493,16.1996501039
0.55290161929,0.262744598408,0.136438813369,0.708837395138,0.105981686052,14.8480170712
0.394980472234,0.0183620317292,0.183269199917,0.941275651152,0.251356814697,13.3461430109
0.555993476224,0.287908743788,0.196535173791,0.962765253608,0.181928134123,17.8437573002
0.581016406935,0.187166586936,0.062181360888,0.74418928166,0.093751742349,16.0415124477
0.60235488033,0.176058343007,0.0919405929987,0.943001812568,0.235943108107,17.5955626543
0.504111303651,0.168519441948,0.0974856083928,0.801556542754,0.0468957218899,14.239838375
0.395788532933,0.112028881092,0.27169156575,0.917503072878,0.137449077737,12.4922440219
0.352663533472,0.113883202865,0.117789349964,0.808817102612,0.10320980735,13.7410877682
0.514902434044,0.112102013198,0.246766232298,0.790463746154,0.248324213196,12.7856180589
0.523751249703,0.270426725234,0.0337814023321,0.826690432908,0.112755562729,18.3581515743
0.549978548588,0.200681959711,0.103154558086,0.853139464319,0.0561751864653,15.6735661867
0.5431131077,0.283290569511,0.269282532754,0.741621853329,0.16741290594,14.3695941015
0.536416061628,0.0977126484196,0.0542584142045,0.843078997908,0.0431498195505,14.9747346792
0.533442828402,0.0211498032628,0.15999835477,0.78028283912,0.00941861324164,10.726347204
0.571504338993,0.0389680251091,0.152842824832,0.949624661961,0.171568073188,13.7211138905
0.432896253974,0.239877718759,0.0978907294158,0.908895793625,0.10299414363,16.6248429383
0.342288641269,0.0973083710629,0.122812932406,0.777664015439,0.298991308127,14.0063488454
0.567290082509,0.164091167239,0.290654287794,0.77412510926,0.126340746526,12.5706158492
0.560832904121,0.00912729062818,0.154928404004,0.854981481888,0.226811793225,12.9455146944
0.319087847599,0.182158893749,0.169836423977,0.907436071441,0.171233868198,14.4231096535
0.592945298574,0.119156118249,0.227391212036,0.81666988464,0.183071852659,13.7195285016
0.310822241651,0.0955745831938,0.0657522927486,0.942159586561,0.27577248353,15.6176683853
0.537282623449,0.153654760775,0.140333337693,0.765847288604,0.163459182339,14.1448676775
0.372514694059,0.162105478443,0.20406975244,0.78768155654,0.207382461845,12.7745302451
0.285289180066,0.111287509279,0.150998441892,0.925459429579,0.0866414751031,13.684562959
0.592132416569,0.0474843585669,0.164627518551,0.930228463757,0.290958604625,14.8034242114
0.344367125905,0.00203872375538,0.290885110351,0.746636784974,0.136211132316,9.52006095441
0.572708959312,0.00410740249114,0.170901265828,0.776565121856,0.181279537447,11.8619824119
0.447535673219,0.0971117691901,0.198004959219,0.846064633224,0.0608907068508,12.7455663403
0.450865253044,0.141758645902,0.0248167834172,0.999757723075,0.283688271339,18.1481361179
0.532904137529,0.192510374333,0.189392981001,0.990506756906,0.0831984690934,15.8847515806
0.567145389672,0.00842242634763,0.170325986926,0.788961691626,0.220020116336,11.8730085582
0.233286914629,0.142993964511,0.111593744616,0.891189275363,0.0717923471805,13.4050982915
0.566638147384,0.274011765416,0.184367132352,0.847277538087,0.0839135818502,15.6329295587
0.387316722869,0.0962664168685,0.253843673731,0.919216419357,0.0827221105195,12.842282221
0.532415656993,0.200126090759,0.0700280233328,0.795562030821,0.132332384034,16.2261413781
0.479264291524,0.274868422987,0.134429893437,0.931377510085,0.162179844213,17.4017856395
0.654083971176,0.0216689008642,0.288092621253,0.780346932007,0.205865259674,11.0284236086
0.646924564688,0.220348092301,0.249251211654,0.873985260753,0.0794692608635,15.0745250373
0.426235080328,0.18544644489,0.0183763816035,0.959846967743,0.1503561757,17.8881846734
0.459578979014,0.0478954916049,0.0378900580353,0.743509828599,0.29173489392,14.4044718825
0.363705211031,0.164743194519,0.177012889802,0.852443861255,0.0467037728989,12.738660881
0.499419011352,0.224602183703,0.218362000125,0.871050989168,0.108569325285,14.3468635731
0.497849329046,0.104898833529,0.0861598313193,0.738510617864,0.200792201703,14.3586551114
0.553110967595,0.123398436072,0.114173887275,0.963946816671,0.292886348181,17.0788960174
0.529056241421,0.142740601269,0.210091702494,0.840513026215,0.15420130943,13.6232563046
0.361268404668,0.123441727305,0.160513053475,0.841715624739,0.0608427567807,12.5672901286
0.41093321564,0.035505102468,0.168912515312,0.761494007015,0.153301174069,11.7378474176
0.732886039366,0.21907569322,0.0884797562069,0.879697029172,0.149417661424,17.9231885642
0.513651436137,0.294063599602,0.153950258229,0.917764678281,0.104733278623,17.4725980332
0.556634528792,0.155845016038,0.155397080946,0.847433956054,0.190426698954,15.2798477084
0.607336762848,0.0442376850301,0.210994734189,0.774811946116,0.257159268711,11.7296507958
0.447779025041,0.0133375544993,0.180056312681,0.900634607144,0.108811806066,12.3828039908
0.383821855681,0.0308804348614,0.260007343911,0.859089247722,0.124267409746,11.4490455751
0.361173978684,0.278509144036,0.158975768764,0.779399987623,0.229883059707,15.0312100529
0.622129742483,0.0576106051221,0.228318734202,0.880707999171,0.0414502034469,12.272986448
0.444890538756,0.277857373836,0.102121513123,0.866607654759,0.13489759807,16.4586154275
0.365693198932,0.058644079376,0.0725920005383,0.828196661411,0.0309179435503,13.5614441516
0.502245810415,0.0912216383604,0.021927057629,0.781132920558,0.0315646128191,14.3747635896
0.456157063104,0.104544806786,0.289717162957,0.85804959966,0.0804244912976,11.9258020288
0.357049556716,0.12066228429,0.122653933424,0.762448505294,0.269024408237,13.8178277937
0.556988812159,0.280199148198,0.00945848150029,0.7827756862,0.0776207427012,8.77092198494
0.668678270671,0.1713210905,0.152744009831,0.869152629652,0.0801983152489,12.3788419375
0.621527121775,0.229924649187,0.0884241369261,0.86596368965,0.235433212537,14.5944961458
0.62550089566,0.242303295736,0.0557219083393,0.952684311992,0.104915445272,11.7545672963
0.473609944652,0.0933357932068,0.0745633347526,0.958894240478,0.241121262995,15.9771559202
0.458229483715,0.181348527113,0.00761363861063,0.832287640915,0.268455231249,13.7710619478
0.416492258375,0.0442625650687,0.1569393539,0.771731184651,0.060172418981,11.3482404915
0.508234166171,0.050116005049,0.19260847012,0.891367623382,0.144992724627,14.2400069051
0.431641195231,0.22633496535,0.289425686094,0.742682469623,0.251860678899,12.8798616458
0.481225223765,0.243562753307,0.141013104096,0.988399678201,0.218818846801,13.3992444922
0.449797851185,0.299635954676,0.143857984666,0.937253201392,0.0654473880471,8.46436093471
0.607701920167,0.135335219966,0.249236884944,0.905860431134,0.0870962157289,12.9486746532
0.637243661916,0.169396646893,0.0777815098675,0.99855577498,0.241151544245,16.5931451351
0.530856136778,0.273013865256,0.146007663808,0.781676760487,0.180172879628,12.1536289532
0.601051821469,0.142054628977,0.27136874434,0.947488285239,0.236692978672,16.6964832194
0.255664859457,0.285239193416,0.29165259893,0.812995213619,0.170800106513,9.89636362363
0.657524261651,0.143866584059,0.185542096879,0.844769631611,0.224575935807,16.5150857772
0.408220885149,0.178740130794,0.118329203025,0.848570226549,0.112385922432,9.8727200288
0.363341503313,0.0428083459635,0.0448546135446,0.847175209452,0.124319928661,12.0597062113
0.453967131674,0.264339150476,0.288670732714,0.705580791422,0.0414237007797,8.34376538299
0.404210581494,0.208188579611,0.210435742136,0.704542785449,0.0343909637754,7.96166644516
0.363914575631,0.0381249749652,0.299404862841,0.859607931801,0.217511432942,15.851581014
0.353974667947,0.152746751976,0.266300735606,0.865298637389,0.23397722433,14.1550225665
0.492524436906,0.272864268363,0.174763479687,0.832840503642,0.147998905008,10.6881118578
0.356087856261,0.29167338312,0.160854837137,0.780099571374,0.183366695639,10.2097564014
0.528769643468,0.192211857615,0.0480978427324,0.848081007483,0.0701656057468,9.61597752467
0.389354662758,0.173545294981,0.194613873635,0.8701188302,0.118383689882,10.2037777354
0.381756388566,0.177208563201,0.290956440255,0.819321484774,0.105991853816,10.0796525609
0.423271317073,0.0705352740756,0.0159807176804,0.863684185164,0.173381868852,13.1891358926
0.670154966514,0.165889789098,0.282378955109,0.774320756268,0.162324238203,14.5324780208
0.692536550912,0.00755025558786,0.201896159391,0.806405085609,0.180986023907,18.1398145797
0.677507810046,0.281834654654,0.253961236219,0.863352926336,0.250390402439,16.0419837942
0.37827612394,0.137702061571,0.0571783462438,0.79930452562,0.130802542004,10.3165176003
0.483925960622,0.0896678100334,0.141502783491,0.838049833034,0.0215791373797,9.68966142675
0.495408004039,0.278467629824,0.153179070118,0.815255827136,0.0843813071928,9.65325574963
0.622496967007,0.0558756864032,0.161474336475,0.860070377686,0.197935003467,16.222977147
0.648343344322,0.137208808096,0.106803223306,0.971286788608,0.0274970104733,10.8882721697
0.587921087384,0.0983844123693,0.171705927196,0.812372023582,0.196875224372,15.0999182064
0.423762465554,0.0592526074345,0.0401204514177,0.75575843782,0.113267884032,11.8973145556
0.532233484474,0.214934811461,0.258040334258,0.751681646798,0.181798591075,13.3583358942
0.556241877191,0.284546110211,0.261147763769,0.90936704466,0.0695821119103,9.97380589331
0.416839674858,0.0687104563538,0.156331994028,0.97972600009,0.198286171894,14.5658004269
0.481903757767,0.0265006092435,0.255788861208,0.909932819786,0.0429302897977,12.5170620994
0.54043463653,0.0396054648883,0.203195054027,0.852942388036,0.238662264587,17.2460112126
0.648812673064,0.220649591187,0.233122118699,0.719886867564,0.161987214629,13.6401590637
0.429715107554,0.271629500901,0.232876178885,0.856673118574,0.0266520493871,8.12849949855
0.449477226827,0.134443740749,0.152417598883,0.785339861541,0.076510243683,10.4302657565
0.438203104262,0.133769227524,0.195874809054,0.849352687618,0.242689652576,14.2713250512
0.299345110952,0.102563959793,0.074750234186,0.861815092231,0.0697846918467,9.03145013117
0.42317550758,0.27515303129,0.230829173498,0.813572070111,0.160610287108,8.24433343378
0.399387794847,0.044149269811,0.174206747221,0.831479776128,0.0978745334541,6.38761947497
0.797106190927,0.230373775297,0.131199066356,0.758728033663,0.0391382512981,7.75132831894
0.264274233837,0.0540630632265,0.142432178321,0.870693319535,0.210156794613,6.75886763421
0.470203442654,0.162215350692,0.118373745428,0.950689995166,0.145215921523,9.07436860881
0.454484232038,0.191180294,0.0696706705475,0.77652080588,0.0765201764238,5.30283576761
0.372818066336,0.104534511619,0.0236281767997,0.752751539603,0.100695889106,4.50385038382
0.536351957677,0.197285139527,0.0912139739035,0.874258269464,0.141904723589,8.2227352706
0.391641932476,0.170819186823,0.196682013344,0.771210880131,0.227536456657,6.98572813616
0.422056636258,0.0873625409381,0.0447730553817,0.760130779253,0.122838715697,4.64623158383
0.514704496594,0.0155560515738,0.0123918063223,0.795239389883,0.168598140333,4.63798360115
0.727992376475,0.270539465978,0.242620493483,0.867944576759,0.137530328242,10.1871653321
0.573727366094,0.00509462544223,0.202499887909,0.848748233137,0.00543377167036,8.07297537954
0.551733445671,0.0388485479169,0.224712788412,0.887653930323,0.132125953435,8.87645293931
0.355661454982,0.148310988398,0.161162432015,0.782800796662,0.245478180742,6.38739246153
0.449878318671,0.120020748348,0.170695213332,0.872927559021,0.136202288465,7.4308625496
0.506856196476,0.207236765965,0.233018993068,0.747715700375,0.0840327260941,6.70867488406
0.40896429929,0.175240033263,0.111634519298,0.888851350893,0.21205707003,7.66519887561
0.555260818692,0.0846083015162,0.0706348114969,0.940624422071,0.139776078908,8.49095494921
0.596357519766,0.192573797835,0.0805626814962,0.986234609953,0.138858431273,10.1470844449
0.499316858164,0.0975495473411,0.0744948704897,0.795872765256,0.0423064666791,6.05779117157
0.656618938196,0.159270964403,0.218870501468,0.76706553521,0.261305968898,8.94240344055
0.476903081387,0.235204141403,0.0877046903502,0.833104374728,0.128265281493,6.66663169043
0.492572782081,0.163341912496,0.272352081743,0.749684168101,0.149570979254,8.10739159251
0.433662976527,0.109001431244,0.220640674091,0.837078691856,0.196019237643,7.49336205706
0.418662712649,0.130792132278,0.166386210502,0.928861573797,0.0255540882333,7.93143115568
0.374384346154,0.164890617163,0.148731670866,0.839419331025,0.054131036277,6.4978991386
0.674697379899,0.245175524722,0.013254751737,0.973378533713,0.20145055747,10.3069049247
0.35221650826,0.173666728068,0.170345320121,0.927380837532,0.175860648832,8.36857285099
0.290593382698,0.0673713617741,0.207236771172,0.739922369905,0.225174758707,5.40163837815
0.409677302613,0.117133831808,0.158232375664,0.843535577372,0.248527477935,7.09427244771
0.532488340398,0.0521169357037,0.0268742053668,0.813889564137,0.0757643935093,5.89872297367
0.519163917868,0.246640564233,0.295384329144,0.768372844954,0.120628824133,8.1351198593
0.470120111689,0.194931486896,0.170188071012,0.925105396236,0.15382059207,8.70871254757
0.474313170192,0.0923261236962,0.102035905237,0.86989081882,0.205651435844,6.82093357651
0.447952619315,0.217371411371,0.29782287332,0.87675947388,0.217235805816,9.98068089923
0.476091700278,0.110874509314,0.11194574341,0.80380472183,0.00218171067071,5.62575256388
0.524120028083,0.139299385199,0.126321299043,0.752740379181,0.236159066582,6.54528753776
0.438985280415,0.205602736008,0.0991040085846,0.892852198081,0.0103749981263,6.58712364604
0.521746019163,0.220959397631,0.194412561992,0.877665304794,0.108678886461,8.60953409588
0.462793538528,0.244241393988,0.148962441133,0.776974345055,0.161101999444,7.27410746287
0.688036427422,0.216232153982,0.182513249432,0.79592378144,0.150860701349,8.30142807552
0.534482016624,0.169960092855,0.127556517906,0.721026146732,0.258268115224,6.88760219976
0.622806107258,0.205720080482,0.0383582210096,0.823184047324,0.23546048363,7.38029408435
0.491944917217,0.234198572039,0.206026882991,0.854826564269,0.0673559790186,8.31148829006
0.49910375809,0.123301974223,0.0753563670788,0.74228949888,0.109347618843,5.04601649506
0.554426286976,0.190510361382,0.248823025738,0.700487968607,0.150286670943,7.91953681196
0.374882935869,0.175593657546,0.218478321004,0.833962901321,0.22182810167,8.13304134669
0.416824376259,0.0982145478202,0.00575559522839,0.764075759055,0.0912863149964,4.1622307707
0.541754621691,0.0645373782972,0.0771184934095,0.9703933118,0.276448006687,8.53972868706
0.557046638592,0.126143893866,0.299485215054,0.778736021806,0.182556837217,8.20255286181
0.45432898861,0.133164333527,0.173130859041,0.831671684192,0.194357580171,7.19286570853
0.533636145312,0.0287947876869,0.133069875097,0.858321367138,0.0304898377034,7.10500325852
0.470124517573,0.259856602292,0.0146329721656,0.851035786787,0.149279975556,6.18130400374
0.323284541338,0.116620390866,0.246712546562,0.899015953199,0.0903795013612,7.83075677124
0.599660621515,0.0825274189252,0.233000177229,0.765628981272,0.155062079035,7.33616804583
0.401708965254,0.0646653608512,0.095202455456,0.799557239414,0.15364644332,5.99387342194
0.490799195399,0.0828995215869,0.101682867379,0.83723713643,0.0921765377384,6.49335152778
0.350442487338,0.247218737134,0.212047503244,0.908851036289,0.154396382028,8.82936266563
0.469723815943,0.072252603815,0.146859013922,0.970717960008,0.138015380142,8.84436000843
0.683990437682,0.116032821204,0.143436464153,0.853673742312,0.20593934536,8.16883483349
0.390818027234,0.0897519739663,0.174335900927,0.794320296434,0.205592286539,6.93433910928
0.681930577155,0.0412114960442,0.0902629111642,0.70270106076,0.059647159346,5.94700149732
0.180924475276,0.27311652858,0.218117472068,0.937120068737,0.0381514230427,7.82887739906
0.298627205702,0.0677346957019,0.088654767068,0.874198874611,0.00570732581977,6.0656359471
0.545661018388,0.153624565922,0.076898288276,0.856313719188,0.0990801558088,6.88853945998
0.477187203268,0.103629484425,0.0892504026251,0.972305971375,0.238877769131,8.6038139782
0.651086629465,0.203286020523,0.193900160206,0.867498656129,0.0240061745487,8.93516400014
0.445856407255,0.281447336138,0.040227760522,0.897240101919,0.22966746814,8.25765711252
0.503301998019,0.0605660521479,0.0714554279894,0.764716521865,0.275648408227,5.79141292113
0.467047563384,0.046659896618,0.0634491818466,0.940419962073,0.160814824997,7.54513749893
0.54023747911,0.278830771024,0.0469230452335,0.862417887154,0.133530824791,7.7498165737
0.511930771121,0.212889712065,0.122543036827,0.932822330321,0.000683287279838,8.00114289009
0.38923304398,0.12521882724,0.297102829234,0.883523417084,0.103034522461,9.01282787765
0.483967882285,0.240690813206,0.122056341647,0.956313782896,0.0591093893778,9.1663963348
0.409324862494,0.00269315760109,0.212476496554,0.817581184715,0.201416544441,6.66819958726
0.414436060698,0.197354651512,0.230184107321,0.929320063703,0.000519187009469,8.92821768411
0.534791420359,0.155216455765,0.0341847181633,0.920236512618,0.142094006819,7.6505119377
0.616682923735,0.295201959915,0.125482583891,0.722833876694,0.233097781285,8.36148704747
0.576979206798,0.0833067217047,0.256838235702,0.835029450174,0.17006758262,8.67910935315
0.529571458708,0.114081449899,0.0662585078814,0.848623534457,0.262498122521,6.80532362268
0.627998197908,0.207782962837,0.0619855854374,0.872539478442,0.130341045391,7.92195981756
0.340392955498,0.0509187816472,0.203814010141,0.876584181223,0.040731369061,6.91677791958
0.428913065346,0.0626617273268,0.143608336376,0.851024296684,0.216267569252,6.50083778751
0.578134297452,0.298781576656,0.145269394164,0.747109146583,0.0456248706842,6.36982745785
0.265678443445,0.182709338515,0.230154979041,0.887833656437,0.0239743727174,7.43780281187
0.426877279721,0.174198952405,0.214673080889,0.844727038712,0.163507942565,8.21822060495
0.555324934761,0.257839342057,0.1568942186,0.980964606413,0.0559365964208,9.72124214093
0.631122085339,0.144525497846,0.0684621261228,0.83796441182,0.187186828241,7.62825277828
0.48752355826,0.138460581328,0.208075540941,0.774569858337,0.146492956695,6.66338015665
0.482489015087,0.230410340631,0.0209888493659,0.719832654668,0.113403291882,5.34405525467
0.393648392773,0.116396843604,0.254618271791,0.785019047155,0.273447385847,7.57041233182
0.474687062009,0.148202610069,0.191733228169,0.705756399218,0.0197613396338,5.94683232541
0.666183237015,0.089364883105,0.147240402587,0.82114923877,0.276662934506,8.13461364889
0.561318283332,0.133016243482,0.224523784091,0.819905413509,0.121834284674,8.32320008769
0.486874893721,0.0142529007782,0.129626423658,0.796600986626,0.201434311833,5.88869958513
0.439349413163,0.195659347394,0.261904803523,0.920702120638,0.0312653197265,8.97338009024
0.647030235613,0.148823198602,0.214890164948,0.970290972911,0.146721464889,10.5298817003
0.443662076514,0.125539345305,0.106486550936,0.936968568508,0.165517926296,7.80661849943
0.401773190362,0.0798996866591,0.105096231607,0.720921037863,0.19798537847,5.52513234627
0.396991981561,0.106416124015,0.190881636229,0.867244827465,0.102999395963,10.800134229
0.514835085896,0.123085113609,0.0955453607407,0.957375940849,0.0920705507127,11.4202546089
0.451737125865,0.107425875089,0.0289202005522,0.835796727172,0.113907291256,10.9348710552
0.533650779274,0.269662688163,0.235605917929,0.833277754925,0.0969958714066,10.5502302314
0.634575966299,0.221608229123,0.0120748406934,0.815659593337,0.183969973215,13.2770715799
0.706397540626,0.0351106915826,0.167197565417,0.81991103012,0.0722021822231,14.426883208
0.605819013308,0.114161594179,0.0630302996991,0.753105998802,0.186737061751,14.2995314699
0.460943890633,0.225001228245,0.243167632954,0.856348689145,0.224427145797,13.2505345333
0.583172831268,0.185800229358,0.191978688947,0.893234100739,0.0478468048681,10.9404586902
0.412620082239,0.132326783277,0.214732914648,0.816439095039,0.194229118559,12.682562122
0.560578446417,0.118509262139,0.0915509545643,0.710322337651,0.0895418321086,10.9674463477
0.579017499115,0.094540032316,0.134478669134,0.916352477434,0.238588584202,16.3167702752
0.390063568169,0.274733205171,0.182323471083,0.962732023243,0.220415658204,12.1572714482
0.354863080321,0.0255801707299,0.166657456126,0.897899943742,0.136559986116,13.3852394525
0.523436177075,0.153824431049,0.0817533779496,0.85976685008,0.24406093709,14.785714913
0.445937881223,0.272432067278,0.215249432535,0.878523300803,0.0304032227686,8.36093559604
0.511017243488,0.188266155725,0.284294767543,0.863852277952,0.0421467781322,10.2718423405
0.456979456872,0.170980517528,0.148829764293,0.848294408682,0.181322622568,13.0876972228
0.636855125677,0.150918436733,0.0999543254106,0.955795277001,0.0802866463289,12.6532482379
0.583120333415,0.225628892926,0.0550336082349,0.934811773781,0.262215018684,15.2787391676
0.248276563416,0.150600760493,0.0439121690827,0.787853046792,0.00417353253567,6.0622828619
0.549796812752,0.255667596355,0.146871617252,0.7107194834,0.0687710684792,9.23965986171
0.557776996946,0.180274344014,0.0921472470137,0.851610232728,0.122688377786,12.2825416382
0.524972911443,0.149629837097,0.0397925255541,0.723158344228,0.200744235199,12.3216867543
0.603008746078,0.263375058373,0.210986278927,0.720473921129,0.251295775237,14.1290597018
0.639387461203,0.0332581331707,0.182116554442,0.766622076776,0.286780798451,18.4569840596
0.429236551485,0.0588544885071,0.161855135399,0.920173661193,0.137648814665,13.2662619821
0.653467316988,0.217187444261,0.168749381957,0.79431334579,0.289780181286,16.4639535357
0.384078048466,0.0882740349254,0.28098675037,0.829020537922,0.171232354949,13.3286800545
0.473737998953,0.147514645389,0.221419752695,0.765996047275,0.280393260204,15.3455006267
0.525595597046,0.135388390781,0.229735974655,0.826929995773,0.19061544746,14.1120759878
0.497717132876,0.0709289858163,0.106611607686,0.902378633143,0.142467521786,13.6236944435
0.529674181219,0.24490122861,0.0750388961106,0.998160022852,0.197595283852,13.0901221526
0.270496347107,0.184001895239,0.0537911170266,0.958305432249,0.166953286069,10.6788817401
0.522358530712,0.223638529135,0.0716113834416,0.78395858877,0.117454448153,10.1358229992
0.708020796654,0.130582158393,0.068767603818,0.828070068124,0.214247304719,15.4457781508
0.513136269131,0.221324934962,0.241155453253,0.937283844156,0.230462441462,15.0417472564
0.305716877403,0.185892437771,0.118039896631,0.878723186664,0.261235577652,13.0304703508
0.597321083023,0.172238383429,0.00659303020512,0.840285332484,0.135323023689,11.9136885851
0.428775222702,0.182901617298,0.26001509012,0.927413260721,0.0475203123597,9.5034565766
0.48759964388,0.261406362421,0.154612341061,0.881679319754,0.0415423069677,8.14824027113
0.627748533969,0.130037794595,0.228700888308,0.721158767532,0.183928352699,14.4008285534
0.739016842446,0.152808449401,0.205905652614,0.903697522152,0.140410646356,14.9228235555
0.526899851455,0.260454199737,0.279125569191,0.974144608461,0.0684457447444,10.6989266064
0.577486495753,0.17846846181,0.0226213653687,0.887524599735,0.216149137986,14.3408996373
0.641763971043,0.262444388853,0.166155699458,0.934786846219,0.0766170856476,11.5475972809
0.526452099702,0.125548171627,0.118819682741,0.887991670689,0.0159502297795,9.84136257585
0.413983584729,0.210371266148,0.151246497814,0.878585232874,0.11644532508,10.578564098
0.655697284809,0.207946573897,0.0792423631962,0.717931594218,0.0374773974837,9.87008159487
0.561069162394,0.105058249288,0.0521526127667,0.886215258925,0.145388500925,13.3119994334
