0.44021601176,0.160934771157,2.67362051577e-05,0.91229181396,0.191179849265,17.9482691191
0.530547535019,0.0475408808245,0.108457300572,0.816156280709,0.124105349629,12.8389899474
0.642560788069,0.120384403453,0.171158233973,0.798547921591,0.119745456054,13.4077371383
0.587793344813,0.159483902088,0.194684309068,0.754089500582,0.144905861143,13.7520995825
0.467835699247,0.0784502449513,0.275414725051,0.89526964879,0.0330090249606,12.2410358144
0.308010614472,0.164635343055,0.218557563761,0.870472815825,0.0849497113413,12.9923516138
0.32822809075,0.217635057599,0.114580832533,0.75464597202,0.0533251868301,13.1055224747
0.383608989937,0.18160904539,0.254805158706,0.767899169014,0.106559413875,12.3365838126
0.426480798291,0.16872903203,0.156079209141,0.867555491625,0.0235038341649,14.1883043214
0.578689628728,0.157122316561,0.100467181959,0.956149930558,0.200425688397,17.1715305896
0.440281344432,0.162144866868,0.0114569057962,0.774730295718,0.288003177448,17.1681010841
0.470787926366,0.251156722318,0.0945309245667,0.75720945679,0.21873111814,16.4538775994
0.498777688954,0.205451095383,0.146493696918,0.793412305672,0.10116460589,14.9441219433
0.387125651362,0.264358839107,0.163419160057,0.930408842435,0.13097359531,15.7717903659
0.51505767297,0.262096527285,0.0714748835541,0.852536853133,0.210954113924,17.9518157623
0.438770061976,0.205717965137,0.0412714564213,0.76754506441,0.0104340205856,14.8891281492
0.413362781602,0.150622697672,0.187541061922,0.775482224473,0.00292463383691,12.3006215487
0.507360239182,0.19115128852,0.224171669401,0.915972962701,0.0653497709214,14.8629981819
0.459349847631,0.218436532105,0.168139394315,0.891561729422,0.275454603355,16.5698994213
0.587437063139,0.0672677699143,0.211754238939,0.704716072878,0.206470563895,11.8753111656
0.423135156765,0.200508562389,0.00757164717001,0.759211220089,0.157753079925,15.9049535948
0.391656085662,0.200245839361,0.0551695916468,0.73206790709,0.086011418422,14.2859511098
0.513483755951,0.118554446779,0.18024645731,0.73657819339,0.0714849029935,12.6663289805
0.491354168274,0.195586984077,0.046089606147,0.863184882565,0.145571799818,17.3492857074
0.388209743855,0.103669739053,0.21617974225,0.718873507445,0.0610217022036,10.5609621486
0.399951007361,0.00353552268089,0.120838451333,0.745784454192,0.260905592126,12.1298451713
0.286427003175,0.265763852257,0.160797923054,0.829470783461,0.0747149803405,13.9749790617
0.3599603802,0.00788496024876,0.152960360735,0.758179796674,0.187001764444,11.9735646935
0.581741129815,0.14735341932,0.0283033920455,0.843907980671,0.107255149703,16.6666206299
0.462275763185,0.263657121154,0.0493834878317,0.754991241332,0.139870139342,16.0810117685
0.421082911989,0.160953017085,0.296513265828,0.832634446633,0.234200145119,12.474750497
0.423584388051,0.187048776152,0.159492174517,0.947336490617,0.084237190341,14.7088660193
0.572097960099,0.226138078719,0.293409056539,0.736053422574,0.0553273888152,12.5475715513
0.462768561524,0.15687076853,0.144356672816,0.932745525951,0.0446137311048,14.6492475799
0.46866964525,0.00910504675895,0.298707605379,0.875549194669,0.116152613674,11.237790456
0.516576349095,0.197155832077,0.110639254632,0.971787802461,0.296132490131,17.3988514879
0.465514368431,0.295470287813,0.07428653905,0.842215460147,0.135559902524,17.1666821333
0.475364843852,0.177576496834,0.0351583816412,0.980960116684,0.030725533426,17.5534572952
0.673600859167,0.229278914541,0.124039724075,0.949084396503,0.0541681696894,17.4260878988
0.35631260683,0.236914122712,0.0415693995331,0.744537903184,0.242547582716,15.8986378709
0.787558759726,0.0753698428884,0.167961887314,0.964534212407,0.147867630257,14.7975682259
0.474346644929,0.262708417617,0.0928660849684,0.761247598309,0.125169269387,16.3073796661
0.66699305013,0.209831144954,0.172335680284,0.721718697735,0.211227064945,15.5396875283
0.812343820282,0.226621428346,0.188808495885,0.756121241753,0.199640900637,16.6197951322
0.446588117363,0.0636895655044,0.161567796768,0.949814323579,0.0365559554943,13.1347606782
0.475915487667,0.0941337885426,0.140766715671,0.947050918688,0.0861851440154,14.5664622078
0.532295039159,0.173229059009,0.0123152612144,0.874046974767,0.0893912980958,17.6980088557
0.496324673897,0.0523226483779,0.27561909238,0.773186799461,0.135147803454,10.7702408034
0.566059041815,0.0432742045317,0.221138635746,0.791972161853,0.155542830072,11.8358748969
0.563117758819,0.170144748755,0.233250572599,0.878899253008,0.0526571664563,14.1781660625
0.475381948688,0.227599490754,0.194995851337,0.735815744184,0.175745035222,14.3683633129
0.624504248982,0.24388796824,0.0733785523288,0.764666213799,0.157785360047,16.8340316104
0.159583518148,0.270063523369,0.0521768956909,0.816152001528,0.136726100029,14.2774995186
0.507499743664,0.278628144786,0.206176636635,0.842809847714,0.233550214025,16.489085432
0.452953791153,0.259250139135,0.202511645237,0.76086392741,0.0786804368365,14.3700550351
0.676857780084,0.208994065361,0.106431133736,0.970124202592,0.280705209081,19.449581817
0.425083931782,0.281514567797,0.0490660123077,0.735320766538,0.0434981896239,15.8291523381
0.456441479372,0.139723328184,0.200562034281,0.777636185189,0.164940737504,12.4934970891
0.465482667493,0.176832216986,0.200068138297,0.884762284598,0.0300466737715,13.7047666757
0.444313872465,0.0890818124051,0.0994482438037,0.824503584886,0.141031810349,13.8258673563
0.668113875967,0.144534547485,0.0959230667733,0.803050837495,0.23890104282,16.3084239441
0.452019366909,0.126056675314,0.204229628222,0.825656710281,0.131497158436,12.8074187452
0.495061005861,0.240186082475,0.185870787888,0.823180607055,0.0413803331584,14.9159911794
0.417814554764,0.20674874091,0.227254542534,0.859857267222,0.0239663024909,13.0159411332
0.431378154576,0.207249495381,0.140260952511,0.864657824138,0.151700367168,15.4704218976
0.450002639191,0.216236713575,0.254337324786,0.768306537342,0.103348323936,12.5533635192
0.530042101103,0.0764328842368,0.161842223693,0.903261922092,0.23039712299,13.9653936908
0.593199513776,0.152167288673,0.240946883047,0.920609554222,0.241904108514,14.5668149318
0.407357745934,0.125324197622,0.169875314221,0.849483753946,0.291038862612,13.7408550144
0.407433813299,0.25049129678,0.159066155558,0.701532930462,0.226213685259,14.0354886991
0.384923144778,0.232733404146,0.128841494291,0.870607233381,0.0762552391294,15.5441061593
0.39048401548,0.202699926458,0.176864998893,0.802927497795,0.0964918638984,13.2146512967
0.39494450085,0.211861995396,0.06253512073,0.849254805612,0.0255007251587,15.3129660931
0.504604857409,0.237032193674,0.133328364863,0.729874655316,0.119188981384,14.3084755597
0.621963348623,0.102328619149,0.176464343189,0.786823116915,0.0606278970303,13.2275767509
0.425421660995,0.175382675932,0.217519944817,0.745867529371,0.200988798793,12.7456034216
0.485925230144,0.157673345312,0.268367505329,0.97991083188,0.108637559276,14.7153723035
0.606894491676,0.0278784262112,0.214221467884,0.976279508881,0.25470276853,13.6298038861
0.474459766373,0.135522018679,0.181678659008,0.994854534479,0.188363958858,15.3478128519
0.227869106265,0.297765829137,0.116011215925,0.836343560361,0.108149637466,14.8525776559
0.54100306004,0.0718592972627,0.0830545887835,0.974141289172,0.0956668770171,15.7839636215
0.57183093528,0.0507836455641,0.166403460921,0.89178698863,0.164624996469,13.1730870637
0.345120203897,0.0922446449533,0.0523677232032,0.817562361541,0.179361676655,14.4933850389
0.123489000187,0.174620323627,0.00533341820833,0.946560526111,0.0887348239575,15.9224333173
0.390291097946,0.193171768068,0.274366457307,0.876197636565,0.293524445737,13.6663374652
0.496177158543,0.100610271729,0.0884802783967,0.805434378637,0.250883792462,14.8869637393
0.474047811254,0.118499566875,0.166978324575,0.949713474686,0.132703543035,14.2929884419
0.541363888272,0.094090845652,0.192250565273,0.789313370845,0.113307577084,12.4736037303
0.486933331535,0.0915269415893,0.178662063114,0.860261185299,0.0409921529952,12.575742425
0.79390130272,0.00372271401046,0.141111285713,0.815507495764,0.242436334621,12.8672641067
0.570990556337,0.292428100163,0.171352397794,0.907218366987,0.166167993322,17.8599575615
0.514920183926,0.198485476654,0.0855228571309,0.73724778059,0.150102028039,14.9252775781
0.472191220574,0.124502309033,0.0288959774773,0.907886555441,0.0902887815865,16.6266416961
0.525600438582,0.265387117542,0.193330063821,0.827836558262,0.0670966097672,14.9008015697
0.282858290864,0.0516485836739,0.138889061725,0.825901294717,0.163989361699,12.9710490778
0.234070408349,0.166351865136,0.295020370871,0.74158442002,0.218250950238,11.4695947583
0.556185577554,0.191152168464,0.212905995103,0.921453075024,0.164087433212,14.9871253433
0.223232204114,0.159527805354,0.0990897081431,0.875467096664,0.127827210018,14.1806549068
0.550457897543,0.298839256998,0.207905769364,0.92926250809,0.19836460459,17.4957602735
0.54714127922,0.101077999391,0.243393317371,0.79237759054,0.258680787962,12.5838025882
0.424925978674,0.139954030751,0.0284569889986,0.708937388275,0.0224745715855,13.763476058
0.448508988524,0.253766937378,0.240094112925,0.82096475373,0.0942369360072,13.724151593
0.436332987647,0.251928582704,0.142976666507,0.827943181544,0.234242238234,15.4185466998
0.527278766039,0.269474097328,0.0766695296927,0.851288635007,0.0349988971606,16.9744394375
0.401440362823,0.0795856244258,0.187394657553,0.861558163795,0.209120646838,12.888889877
0.347613524261,0.24839174362,0.228062171807,0.928948482371,0.104912506623,14.6290598916
0.623560559801,0.144185447466,0.167498506599,0.888120398496,0.183849005779,15.106216017
0.597880766759,0.215078061238,0.200428664662,0.853262124855,0.205058913415,15.2947343142
0.495491837871,0.0702594451411,0.0985035784301,0.911806603714,0.163906819887,15.1355833017
0.508394255141,0.283260251978,0.0795798787807,0.859234005425,0.252851186446,18.0520461351
0.449626580683,0.060850174889,0.257183893151,0.846526125245,0.222927958236,12.4047838045
0.535781718378,0.00584229355191,0.0362922871545,0.851742948002,0.101453507317,13.5662871707
0.533804916938,0.099992218216,0.0426063711875,0.766715649467,0.0223381883142,14.2880759226
0.348824888563,0.0805700889318,0.237059883096,0.740241941941,0.00914507835459,10.563414888
0.527835346308,0.226129598875,0.185487260632,0.835427936302,0.131843734524,15.0621864093
0.558319665198,0.13153119154,0.225136840151,0.753968885506,0.235611498001,13.092058774
0.406578094047,0.0836204661998,0.277004453147,0.807052740372,0.0643856866585,11.2412114904
0.655181751508,0.144356929708,0.0915346231822,0.767086928881,0.232325974373,15.6845983037
0.366106810971,0.175971553135,0.16714236917,0.740731331292,0.212204058389,13.0760697273
0.370362569124,0.120961997295,0.238367973772,0.986067220275,0.201004658244,14.4190082577
0.668937468211,0.115988578032,0.248061050354,0.917118328041,0.156423375439,14.6004364929
0.459498717129,0.2951191692,0.104479601695,0.858527345175,0.189887166348,17.7671233958
0.53639868395,0.25146490371,0.150137034299,0.748975442345,0.103058244964,14.786364355
0.568455620834,0.0845102456697,0.167312667772,0.986137242788,0.127150493591,14.8951059073
0.57774651335,0.0910625977095,0.0728375242532,0.796147658901,0.132055617976,14.2308653515
0.57803083033,0.130373568513,0.185231059119,0.951272772348,0.0602211368265,14.3874206871
0.500998304054,0.11627277169,0.201364611682,0.79680272736,0.216800326506,13.1422973426
0.558714605596,0.0899798386032,0.227594180676,0.894016314568,0.068832603902,13.3075562014
0.73038672733,0.0435705247833,0.187534527599,0.852169702744,0.0525263775674,12.0265972037
0.535547425001,0.0830858695476,0.185739973025,0.822151542264,0.212741389189,13.1026336727
0.46942798819,0.165599208787,0.0895794706528,0.705746295929,0.190536808804,14.3095592158
0.503825749359,0.182851853009,0.0176094155534,0.906971741209,0.211484133437,18.2574681516
0.625085383693,0.263035049304,0.108470271418,0.763824401785,0.148460729409,16.3853765799
0.148068834614,0.154809108281,0.0376554520058,0.756359876728,0.233981141872,14.5002059799
0.523275378827,0.294204552768,0.0067984703113,0.905117440512,0.115502031488,19.6995285148
0.532677163648,0.0711694900023,0.206422333555,0.71970223579,0.258596893652,11.4536204233
0.610857571691,0.105571372637,0.0333226687821,0.912859351443,0.144392162119,16.9503198019
0.579682054395,0.0762467707623,0.294490340323,0.774305496017,0.135670947493,11.4225059833
0.636075651637,0.222473703474,0.164535217414,0.974898994655,0.0804672842047,16.822777691
0.515857160198,0.250921830051,0.0506493998949,0.917382883735,0.228139379523,18.7365445692
0.523504435264,0.234817009725,0.0838958942002,0.83693326136,0.0843849642531,16.7116965891
0.469594008117,0.257579167157,0.184894534982,0.773770507607,0.0695513249849,14.1553292631
0.464355242273,0.112771759544,0.249975942754,0.822034648384,0.223267160875,12.5794586733
0.525973350421,0.257109448185,0.0931667123245,0.92956771905,0.267723633334,18.3264404049
0.321188211757,0.123706379458,0.129701844907,0.985673327272,0.181600941573,14.8697297251
0.395835191693,0.0224837613202,0.147373661214,0.899086523852,0.180839006414,13.3795642264
0.483482674596,0.119868856038,0.22228409363,0.721046097201,0.274957010694,12.805884595
0.534914516901,0.154572527346,0.198711622349,0.796001557076,0.183181913945,14.1012442862
0.417978289488,0.0908711202688,0.148829925745,0.876213332227,0.0386906350155,13.0886180718
0.495132128442,0.00308568280562,0.207512512117,0.915114156779,0.0952075681768,11.4753580194
0.294877816407,0.139655364035,0.0216071228711,0.882407026841,0.134042727707,16.3438674793
0.373636356034,0.0278135537825,0.147800754378,0.85393536721,0.101751498058,12.2774557155
0.61491464563,0.236187819944,0.213932415862,0.964080928829,0.0268437842796,16.4671627192
0.733622378214,0.158081913388,0.108886211438,0.854213462856,0.102968503541,16.275626768
0.499534711534,0.239493494483,0.0830889911351,0.89434913326,0.174571800435,17.4420194846
0.486942997383,0.291986127736,0.11681204306,0.824438082816,0.296626637917,17.5934992172
0.503756409107,0.214378145457,0.0414624465709,0.86232643261,0.182483718768,17.5891334508
0.323342387748,0.093963765879,0.0716800538604,0.805464679569,0.227876333858,13.8754623291
0.567450678464,0.105754998922,0.203449085173,0.786291676787,0.00792895571957,11.639854035
0.442102689054,0.288921807514,0.26148236366,0.934019543216,0.178617488954,15.6694436311
0.618116931626,0.259162929471,0.150845400184,0.776515949267,0.209954755735,16.0931263335
0.432924708994,0.240067043049,0.146933163954,0.926780696165,0.110603602896,16.1109356333
0.508745213158,0.133278347281,0.148276909659,0.771445462728,0.154110480705,13.5390611318
0.519630011841,0.104838663429,0.22686371795,0.9784877423,0.0070416618932,13.3873900265
0.522415387658,0.079760535025,0.249190739012,0.845083375971,0.116212948608,12.216120271
0.592037789297,0.0625575758615,0.209965096749,0.849869810637,0.259124271206,13.3171898463
0.381619821652,0.112744730993,0.0558218527252,0.867734214423,0.123172859903,15.2861103941
0.351723221408,0.0815700078374,0.0156947012725,0.948113428351,0.18198482742,16.699745897
0.674679112428,0.0732755594221,0.255600747761,0.870207239376,0.234194314966,13.432645676
0.493095848425,0.199065688279,0.0408052913454,0.810450106689,0.216744709837,16.631754146
0.397154404982,0.155730399238,0.230145661023,0.998501318937,0.00230464920228,14.0673740105
0.701585488945,0.0425142843808,0.168742932209,0.79504952657,0.210829304264,12.4929799525
0.523130462272,0.248039189825,0.119530926385,0.71322019512,0.0937997378481,15.0794028343
0.498408702011,0.125583432552,0.202860888357,0.946243055534,0.149927916581,14.7247353635
0.517455973737,0.208532897554,0.057205465533,0.813485951538,0.163723770405,16.3260802097
0.480041574712,0.11759451841,0.0954349925334,0.714901609994,0.261147003292,13.7397093017
0.393460629548,0.0305432344345,0.065576950708,0.824180549652,0.255752498389,14.4177500699
0.409782778169,0.199284657459,0.110506684834,0.93720005773,0.0425105446205,15.8822364171
0.381729922705,0.24132591891,0.181323082696,0.998693954848,0.117579950674,15.9767454643
0.550860153226,0.0331982861083,0.179685612544,0.707280045306,0.139978210054,11.3175687237
0.468094124276,0.231653461676,0.0785040635425,0.865556612706,0.0354121877566,16.6709540994
0.571576127769,0.0733827686883,0.295715920921,0.929105102874,0.0801290700674,12.6516994524
0.501181328389,0.164089323529,0.00223802318855,0.737667672754,0.100592501249,15.7993629697
0.459885517658,0.29147201433,0.264125982054,0.868642741642,0.211583995212,15.4015342024
0.475180873675,0.0115557981194,0.279982502919,0.747210350889,0.0989281750188,9.95792532622
0.594878994732,0.181934248172,0.163566158956,0.88613536849,0.0917890440336,15.5815795277
0.478446804738,0.0945241200125,0.17021357964,0.944448873412,0.14317924932,13.9900516574
0.622537840983,0.0734226912874,0.147698927169,0.722100591998,0.285633564258,12.5993060944
0.550685515266,0.183167303546,0.100720423724,0.705229257171,0.222496612807,14.7371690285
0.506341559319,0.18904166219,0.0326985410705,0.940286514826,0.162461772451,17.7520638299
0.752594004901,0.180201332376,0.238424748491,0.769350010953,0.239936187478,14.5573835525
0.591255367198,0.131763376063,0.125500380396,0.837566472353,0.258465476592,15.2040301277
0.638152507988,0.128769232299,0.168202196654,0.982699226949,0.196958636705,15.9727477923
0.501290300446,0.144172797269,0.148793477613,0.979266365844,0.194438110139,16.0878493654
0.40992719142,0.233996408685,0.000881931029476,0.974422934961,0.263680975664,19.0481174951
0.54160476782,0.186050529865,0.128631076053,0.915572146061,0.200892326269,16.6790985585
0.602322002196,0.205865525831,0.000541314326056,0.805577462817,0.266265096139,19.1431235023
0.556453649435,0.219400171316,0.0646824064085,0.868517957232,0.251506478646,17.7541382402
0.382250222475,0.185134527185,0.219926225908,0.874317527477,0.0862524190728,13.5330403462
0.33092359402,0.127132932948,0.268990953362,0.780835888906,0.138072514745,11.0733956299
0.588903665315,0.152006406123,0.0256414719741,0.799346792043,0.193004671939,17.1704308285
0.42679393817,0.268974527175,0.149852431489,0.711507870492,0.187906705996,14.729302082
0.308079949605,0.138130072886,0.0106279680821,0.892499036195,0.263924310573,17.3563853492
0.474246630609,0.202328160279,0.223430300072,0.983988685796,0.00521026479848,15.0407182735
0.460805742299,0.0893838272913,0.220113061386,0.785317170693,0.0538315966376,11.6774551351
0.484216483874,0.155390866176,0.190403944543,0.768792644671,0.227269433536,13.8827078842
0.430958344218,0.143741088297,0.152473161029,0.779013090738,0.121011706256,13.4238649403
0.46985130539,0.0207870915421,0.10697017798,0.745667406255,0.0993918453913,12.208737174
0.69987034125,0.0261930713202,0.249165847638,0.852439094387,0.0538805417516,11.4021516533
0.551529368856,0.167254681803,0.182460475143,0.868826839627,0.0487707794605,14.2318855009
0.490494043656,0.130057498398,0.0506917482637,0.754579583628,0.150354244366,14.8871546876
0.322357319583,0.0872895950418,0.146521977767,0.774986689096,0.0135798165627,11.5962281593
0.587979057508,0.0452542066206,0.0972013026648,0.924710254132,0.234937733105,15.1824880277
0.560001800764,0.0560695265997,0.0698484110434,0.85355235482,0.239386351549,15.0347187575
0.475613693749,0.113429009287,0.12359071407,0.833015520405,0.149861589543,13.8095838454
0.462826133338,0.108912893097,0.171064866428,0.88802497951,0.0490778158808,13.7466601062
0.286310274454,0.2126968941,0.196444781105,0.788996452308,0.222745488381,12.7489501777
0.245793505022,0.182180259115,0.0610904550373,0.727422143713,0.108042459108,13.7909959932
0.769714819823,0.0317644799093,0.276066450972,0.84035127774,0.245276818877,12.2921645807
0.496178951022,0.110134166589,0.227723319832,0.812331371059,0.131769089055,12.465071725
0.478177544879,0.0771746822711,0.172923339913,0.957315741704,0.102146253663,13.6189533983
0.592036460548,0.177707138325,0.0749374265191,0.743065932139,0.0779150847318,15.230767109
0.467967389463,0.261817395393,0.0488646465741,0.76827699412,0.141928684519,16.3292449937
0.603650496382,0.215974810044,0.18905247903,0.885306555867,0.0330878820545,15.1146439772
0.417534016038,0.161373740379,0.26304984115,0.933859391624,0.106014217621,13.9871144749
0.625849254235,0.267819809686,0.199720517971,0.883134332776,0.0209358175899,16.4047283219
0.385385227474,0.132962019376,0.029617891569,0.853284948542,0.107531890969,15.2020474179
0.412465217972,0.207537480361,0.010788891921,0.721450751075,0.14265977938,16.1609369442
0.583695625494,0.191901115352,0.133062410876,0.804380271723,0.13862825677,15.8680328781
0.352612031963,0.162928419544,0.115976893997,0.776646440852,0.148590800951,13.9313515674
0.468375609632,0.0607917283331,0.20638361956,0.934775496166,0.056143678758,13.0928603178
0.489508429822,0.137211791161,0.138860284765,0.898604871485,0.042153744938,14.2913624009
0.509837700444,0.143296854666,0.170129095263,0.970163843541,0.0445797535891,15.0831753189
0.497265185531,0.171893960815,0.0828334496339,0.823690627123,0.0236102405236,15.2908773512
0.580183154077,0.150535078353,0.172159247242,0.922621179431,0.049343831748,15.2675924744
0.334006272956,0.0836678791014,0.0425806403396,0.832486697895,0.100863907369,14.3631439966
0.506901730735,0.0994024496014,0.112088137154,0.780051602954,0.221873530546,14.3999007002
0.558079222326,0.0738114423754,0.15068233723,0.925255163648,0.198873198015,14.3080406009
0.583533383662,0.199347017732,0.290598761994,0.798701129774,0.0477542314432,13.3511093824
0.575696943531,0.0196934212735,0.219074388753,0.947291048636,0.281451026446,13.3266152649
0.426732038222,0.293913954131,0.088539845596,0.851281902609,0.128673093333,17.250427768
0.74219318299,0.131007377958,0.229579202097,0.836673691504,0.167235842554,14.1786923795
0.459187565781,0.121889571436,0.251842128776,0.722657703955,0.212857042743,11.6325084796
0.592387323618,0.169324783412,0.0978459623912,0.8311489416,0.0893123717232,15.3170281403
0.236536604306,0.128988115272,0.0390950094072,0.92231421965,0.158107559323,15.82203354
0.560077130086,0.1011660607,0.117104518482,0.79267436614,0.0914199449936,13.7668306653
0.39708248864,0.168179849724,0.295847482839,0.887232355137,0.295206906226,13.9315535355
0.368582055567,0.0795040505342,0.150091817601,0.779406231,0.146459520414,12.4942537852
0.573658142416,0.20947840631,0.160310645135,0.716397242989,0.111087840972,14.1452276169
0.37748182576,0.236172357129,0.00627794184511,0.942518865541,0.126514464831,17.7840754607
0.587162554695,0.0396452794216,0.132022790023,0.921193128941,0.0997012021453,13.5769350011
0.563862771271,0.0534859364076,0.292071681127,0.944233692176,0.0736350774216,11.719016728
0.45709182477,0.209147777709,0.215646190309,0.940387113761,0.241168964143,15.4951688071
0.670720496166,0.0912493273618,0.215082963309,0.893872416683,0.146113067535,13.8368891989
0.570859895175,0.10778324745,0.0514962000803,0.835985690803,0.0623710332373,14.7318302808
0.341085099706,0.260738542304,0.16033972936,0.765219415262,0.167603235629,13.7423021619
0.609622039605,0.211411062599,0.224012362099,0.784996428235,0.200643591826,15.2008876715
0.201190909483,0.0198127283201,0.0470048318006,0.850505388121,0.136838709822,14.0699294185
0.332439395291,0.0923449801057,0.0818912396339,0.761842950131,0.0517222387957,12.4692659142
0.639218491993,0.0304720727168,0.102148596822,0.975914055455,0.139637497352,15.1375184779
0.496767469878,0.00371496844369,0.00890383376186,0.837775267499,0.212951743624,14.976318405
0.564587970485,0.27465493553,0.0152861445508,0.945660256701,0.194339055768,20.1555118019
0.453483838685,0.180080995404,0.245011863074,0.829444478901,0.18869928494,13.0934340375
0.531478672728,0.276502142345,0.143184658107,0.75759988308,0.101538622397,15.5925944792
0.5402529899,0.0798009795159,0.0683988981516,0.815912422857,0.0547979155017,13.8251867631
0.551175073205,0.0834836160686,0.251390934437,0.759668425828,0.099090801688,11.7238098404
0.449991600614,0.174262064326,0.237251627788,0.849733563355,0.0968172001466,13.7035252004
0.468129513309,0.0813331123356,0.0107114960447,0.85972968249,0.216565342148,15.8130897975
0.531311545031,0.096035850956,0.145270536104,0.82398242189,0.137044402872,13.1983890613
0.516805299722,0.108060271372,0.021212799329,0.776577146448,0.139391034041,15.5149838186
0.509635235644,0.289909815053,0.18859336262,0.851297305867,0.158262494252,15.7750657848
0.399624915166,0.167892666315,0.0148574387386,0.746436260426,0.23810171324,15.7475727175
0.601170605168,0.246402759379,0.24125833994,0.87124430725,0.209277779856,16.2588622687
0.591741631477,0.124187567052,0.184527465938,0.83169717118,0.28913106013,14.7337044157
0.442882988685,0.255857253576,0.063238664877,0.86607119539,0.0852823489761,16.9934995075
0.728806330044,0.232854035394,0.242714391249,0.730199258761,0.123470174005,15.1646762908
0.450350413202,0.052692317014,0.187236652951,0.885981003035,0.259582919649,13.0563667791
0.6418477627,0.144519526273,0.26517875624,0.74174800264,0.0443481257882,12.0729869932
0.600413880004,0.265828831998,0.0421553164004,0.917736491668,0.176047974453,19.3381658071
0.305237221026,0.287819375407,0.0570797004048,0.873565172588,0.089570181589,16.7789995508
0.565682199616,0.0672053227571,0.11541821922,0.832733821791,0.111537579756,13.0426461905
0.448374211913,0.230003184787,0.00177570495418,0.822304850219,0.179862066547,17.9181819241
0.410516966485,0.139563456337,0.0755251723118,0.781601181753,0.0435781076971,14.3210902466
0.317045597413,0.193297902016,0.0554884986904,0.71355046408,0.281322469003,14.5291900316
0.530885522543,0.2259765445,0.137093147628,0.939612943879,0.0383419426226,16.3426370374
0.528874064744,0.285805772655,0.194632140372,0.904737902298,0.239807160788,16.9831540797
0.389350959951,0.142555226896,0.0733059073405,0.777406113436,0.0915965858368,14.0764598049
0.574008703528,0.270760042664,0.156735579015,0.875430804795,0.173001824412,16.949689799
0.416209870201,0.140017589074,0.0694257130668,0.942165651632,0.256577012491,17.1205965678
0.558736802086,0.132154443508,0.290485686082,0.805089088881,0.273230750362,12.7592376449
0.448529877858,0.212005860287,0.26362046854,0.730866602345,0.0896761077387,12.630340195
0.236470385593,0.157834486856,0.276216038157,0.983168271776,0.147800061439,13.2358647541
0.367845754026,0.171887907031,0.216028628091,0.7025506879,0.0512368346991,11.4402299379
0.556447836462,0.15541233555,0.202683806233,0.981530811782,0.203066249798,15.7995055242
0.490143912996,0.123488886287,0.145619882837,0.765281879135,0.00983709831181,12.3406560782
0.319412557407,0.245884046812,0.22728473871,0.909440517995,0.0937166242002,14.0562439297
0.360969215788,0.106847739864,0.0175360974321,0.808530593047,0.0639933278582,14.7693512063
0.410464030564,0.104526368019,0.07051564452,0.711010508466,0.297136555921,13.8235703865
0.506185055678,0.121746292588,0.0203138457862,0.780269578656,0.196205336589,16.0822020549
0.519809668229,0.24351504397,0.190609040944,0.993273470292,0.0178632552865,16.6756105956
0.715414966056,0.148809854763,0.047857769909,0.885340099716,0.0802104484108,17.3081906497
0.479739464945,0.120950381972,0.114755721712,0.986508568776,0.270510245172,16.3433939864
0.56393330984,0.115522155261,0.128785607844,0.782958143625,0.023218562427,13.1632899647
0.442499213796,0.191963912482,0.140569409423,0.82207205515,0.103911870614,14.5264833201
0.464316408523,0.289415373539,0.143885920112,0.927825094314,0.0972926582137,16.5382078319
0.381974278442,0.229192530571,0.099377622722,0.836685481323,0.0225598206023,14.9955105832
0.529401410062,0.225057926554,0.17973174269,0.896423880475,0.0529470807,15.4653503048
0.602484924515,0.297750980835,0.27991352035,0.953712953109,0.251621241627,17.3036732074
0.474933476737,0.158302701622,0.186121727436,0.720618509187,0.154673132932,12.8130215432
0.617271302735,0.223590920967,0.165227733543,0.87893465382,0.043809278959,16.1948890235
0.654053448244,0.0588301701744,0.18195840369,0.712420645158,0.0720710328031,11.0455608822
0.548869804362,0.027935241127,0.189236680494,0.805246143442,0.15054277422,11.4630464511
0.715217037693,0.261601394523,0.255481928754,0.825897693912,0.192859995594,16.8317710848
0.324713433158,0.113463452083,0.043338973609,0.78688848409,0.0938459336922,14.01082531
0.438778026615,0.140957419753,0.250747032631,0.882676788623,0.233168013605,13.9815454928
0.511995725666,0.103144756802,0.168019044138,0.780672237107,0.120089833996,13.0053173638
0.362442819344,0.169826899121,0.265674154033,0.775398715833,0.169794802257,11.8343296868
0.337284520079,0.0427496350762,0.0732422944708,0.882864151789,0.194489035546,14.1760205383
0.451378494656,0.246919643812,0.105140339742,0.924524253376,0.252532296789,17.4650136903
0.574592122204,0.0385325270032,0.210498512181,0.806568351986,0.0506680445937,11.1552464282
0.44597259497,0.255441123806,0.0198291520177,0.716962923045,0.0851949529119,15.7200740273
0.453552743183,0.125737947553,0.192373930418,0.827434906398,0.260662017712,13.6196136846
0.372402351669,0.165997148453,0.199294339688,0.948976059546,0.0381204377861,13.6265909358
0.477206166571,0.249028602229,0.0864117707372,0.761479390615,0.181730447315,16.2019778707
0.577869291671,0.22088167447,0.237673951911,0.910007392416,0.160969508451,15.6767280474
0.462987282311,0.00226970154072,0.288367538895,0.967359978678,0.254981858803,12.2084286649
0.432375196575,0.05028116669,0.079206765343,0.934681954906,0.256048740626,15.0330718025
0.508036780238,0.0635079350563,0.196564222639,0.803411317952,0.0769546375851,11.8011425842
0.545858528741,0.0912789993216,0.218782678577,0.836811632604,0.160787883592,12.7846781794
0.679741350472,0.0107330760244,0.0370238573076,0.866516453741,0.0316274681468,13.8429755778
0.532557804635,0.132259584554,0.264869023011,0.956724413214,0.240593101209,14.5778815309
0.354687079631,0.116088113563,0.215898992919,0.813786192131,0.147917210488,12.4666929029
0.523217327389,0.0219078541815,0.144732424735,0.962485091999,0.0577788447094,13.4553689153
0.469915000438,0.120712831482,0.288054417378,0.944350912082,0.0351796589203,12.5417543899
0.429621266606,0.269548506304,0.297257201602,0.826542323812,0.176313381294,14.169160199
0.63051410726,0.122592940162,0.0102538635842,0.786340129416,0.101010498689,16.5134900391
0.29401274901,0.228418958307,0.166695500004,0.89440573681,0.256496561925,14.6643295339
0.394988144923,0.228825473444,0.109342150501,0.838576072067,0.0389293205657,14.8383250975
0.560410877808,0.0841253614893,0.230031715135,0.938389364392,0.199816690342,13.838225813
0.388634287858,0.283787964238,0.0864751826205,0.92216744804,0.0850497258367,16.9987829542
0.511895751253,0.015400579659,0.127649739948,0.79633894342,0.0298070041496,11.7909385952
0.534210714674,0.0648316692114,0.256726574767,0.805986348137,0.207952449749,11.6218054297
0.427043617128,0.195062916946,0.0263006667674,0.968302046891,0.220338983982,18.5293188788
0.47616693676,0.0504719265588,0.0282526014099,0.774444842381,0.161211232269,14.4751405782
0.554307153934,0.095927521558,0.144675000794,0.847250776395,0.175333827612,13.7099659418
0.328193939067,0.228628325585,0.139107387763,0.936761256041,0.112702491131,15.7379383143
0.354679620007,0.0165525075156,0.156713084913,0.925520211619,0.0999586905191,13.1613061684
0.712569407483,0.295037765027,0.162872509275,0.957977123279,0.088715246118,19.039013503
0.554863268972,0.0769537138995,0.0378554102892,0.879502912361,0.134186032496,15.4978203248
0.421884692119,0.150216791163,0.278731225661,0.807954332897,0.121833805517,12.1338152248
0.411343762764,0.0784748489446,0.0285123787832,0.844263977033,0.106030766643,15.4185643563
0.561976089841,0.151666517844,0.0940837895815,0.801748457819,0.110089556672,14.827723758
0.511302270824,0.15946160407,0.214877891088,0.997016833097,0.171272909173,15.9163700315
0.502163403874,0.255360573235,0.121438246598,0.777987040209,0.284789566563,16.126189179
0.349242246212,0.135423662216,0.0104671613858,0.733188845472,0.270231643565,15.449780093
0.433147758066,0.0249195029552,0.114943977036,0.875058244506,0.0322438170196,12.563214333
0.537686872428,0.0826337564726,0.207029591354,0.804035392847,0.245080929873,13.1286370822
0.614341483805,0.214631523419,0.155280362584,0.720594604843,0.125042745871,14.3750261343
0.472777884793,0.0111787354539,0.193543192828,0.886293512814,0.18621135816,12.8026076113
0.351873653306,0.155126253005,0.16346484497,0.785778445939,0.14728240796,12.6415605111
0.368687394017,0.106244698661,0.131313150973,0.814065078208,0.22185165063,13.8951548862
0.401358512807,0.144874773,0.26404862094,0.719153432724,0.277824609275,11.9140234661
0.55911667924,0.226011364121,0.174496018592,0.761676878033,0.0297842574901,14.5221178197
0.465357884636,0.163738551628,0.0468561945151,0.909908761227,0.17675562809,16.7197788108
0.444221212735,0.243741811562,0.187368201569,0.851448280192,0.266501951225,15.5128906966
0.642502244315,0.181143688589,0.155104411466,0.89296800329,0.184525344406,16.4532205173
0.490997310762,0.249309273599,0.17217663115,0.738999177346,0.231070378075,14.6223607708
0.297807761324,0.227621594909,0.138958358001,0.847753598162,0.256639847247,14.597585305
0.466617918126,0.25819373146,0.0753708555914,0.938497489332,0.103659220594,17.5954605786
0.483437269314,0.129970176282,0.146163251727,0.816411496595,0.275199758637,14.7718927707
0.674883085134,0.171952887895,0.101761361427,0.85365014114,0.174254343182,16.1734724199
0.31957486717,0.169087899131,0.171846216751,0.840184212735,0.06855084395,13.2687547343
0.674289682941,0.180173767349,0.235283297837,0.937900288551,0.198463201673,16.2497416739
0.380301136316,0.289700450634,0.0847323282719,0.736527924335,0.155833284266,15.2903128653
0.479036735392,0.096088656838,0.221491514441,0.757986060727,0.268356211625,12.4914375622
0.302140511533,0.127727866172,0.276922080785,0.829911135602,0.0481379271334,11.6316303907
0.440012810319,0.116385437743,0.161183454187,0.95769366166,0.223636459997,15.4678847586
0.403963809587,0.273753356625,0.193400321638,0.832104305177,0.172620744071,15.1258294717
0.531476015735,0.015339717263,0.258651290674,0.865039002576,0.164618547125,11.8457249189
0.566429409096,0.0395262936473,0.0949815676453,0.974101073692,0.0564826965222,14.6033062338
0.634651714271,0.123986585614,0.223686677037,0.835241027037,0.0454385853715,12.6685916148
0.60815948796,0.0104443671762,0.198673543881,0.981252116689,0.13652046004,13.0272791632
0.431409003681,0.201020555819,0.231774844069,0.989738029783,0.062030596475,14.6603973214
0.473339823687,0.22057321116,0.00195896766177,0.78338642337,0.054278587953,16.5674433618
0.22973748028,0.0834784816949,0.124273610887,0.845469401992,0.244789564179,13.2481892915
0.295960461232,0.0299443026283,0.0498882190264,0.93706916577,0.121210231608,15.0152919776
0.536463153614,0.241507247608,0.20255340645,0.746792224539,0.212298023488,14.6024629191
0.512205760023,0.112638849139,0.0639655417325,0.898767434032,0.136296246571,15.7785979544
0.599945053353,0.109891119485,0.204918563467,0.926901141581,0.106881830518,14.029346631
0.566243263635,0.201284607698,0.173510369495,0.831987284465,0.183932360749,15.0581738491
0.489742727472,0.0164863721763,0.169760595097,0.758036382464,0.0788818133023,10.5913622403
0.590534931876,0.283418473747,0.19504527053,0.875051174641,0.256996220224,17.0382358201
0.696019383531,0.187555064875,0.0787175152313,0.85389775997,0.121580462609,17.5379915609
0.413837046163,0.129790884941,0.0514424819238,0.805174484565,0.194245591728,15.2848141663
0.477052151894,0.0754107706715,0.0428623301774,0.962498553001,0.114710811855,16.2367473609
0.541482947439,0.102151830549,0.188762495918,0.829080234667,0.156383573152,12.9719631064
0.529843467154,0.0933652519063,0.00969668565336,0.800529154533,0.104567758999,15.0101091834
0.508855706877,0.295533804052,0.100565457953,0.871608548654,0.128574679633,18.037259819
0.65747263695,0.179947167841,0.0905104116167,0.730789992553,0.0799850978729,15.0357944101
0.565433201607,0.0951673328169,0.110885594086,0.791825236544,0.176587364198,13.8986242932
0.263383071038,0.174520348466,0.099773670345,0.859836210463,0.236853270132,15.085278767
0.719893420088,0.161801564068,0.295977216041,0.83132388558,0.160761193909,13.7796304354
0.425914410894,0.276496667975,0.255933348264,0.921128116535,0.0528078075769,15.0635087834
0.679074735756,0.0874073215753,0.106331921267,0.791646491472,0.237773363418,14.6438881396
0.561620844537,0.0102447674386,0.0755991826914,0.894904282167,0.167838509196,14.3473386541
0.391215388066,0.254003350888,0.0998545113589,0.826515960909,0.18719250427,16.443687727
0.352603748037,0.155969317734,0.186061269668,0.867197166142,0.178461601266,13.6888324056
0.454000591779,0.0951450767343,0.153220808503,0.870779722871,0.0472461549936,12.77955685
0.601306663072,0.191366853874,0.110356640184,0.749043305357,0.0464312662327,14.975086332
0.384607710374,0.127594912772,0.231104727241,0.812261004385,0.114851352175,12.0880410225
0.469060828536,0.183176765705,0.164111858333,0.815698283206,0.231316752163,15.138942176
0.373470183921,0.297766720968,0.199336799535,0.903551757754,0.180122288591,15.2549588777
0.346127381449,0.16493488069,0.105889536559,0.786343998234,0.287763961067,14.6629306462
0.556560539967,0.13387831561,0.1059646622,0.838928992793,0.0950035031672,15.1372665462
0.191513326496,0.204791828779,0.264116530739,0.768180264017,0.145129760898,10.8164181099
0.433649166551,0.196280324145,0.181889730576,0.935327666569,0.204562398113,15.0847287849
0.528911257643,0.141416233971,0.140821659531,0.829777903614,0.202405355139,14.8538408564
0.383610887446,0.187770086247,0.233672927019,0.971062444275,0.152006499993,14.3704590811
0.394654858572,0.0307742351683,0.0297095467467,0.878291495424,0.150824577474,15.0233663215
0.459161147945,0.160082004143,0.0366263397446,0.834218662395,0.190611368357,15.9753685939
0.472880204396,0.150161207924,0.06191256295,0.959314871284,0.265295818913,17.7245611053
0.450867888948,0.105906346867,0.093044429963,0.993051596782,0.138698361612,16.236209912
0.390240367104,0.27090849954,0.175333589996,0.824245265246,0.132104692234,14.2875366905
0.589390509927,0.0511295985895,0.16316170105,0.807422294608,0.167178617822,12.7366688742
0.549351828317,0.216797588702,0.293041278307,0.776048816753,0.127605952365,12.9143082977
0.630050084831,0.131462510729,0.193536912028,0.765247747727,0.298173218118,13.8536259154
0.352670745054,0.290122727097,0.0878641862829,0.938210980903,0.0266100291605,16.1147529984
0.662310842035,0.149771937677,0.0595575978807,0.886186904409,0.137435809015,16.8912370228
0.478340102466,0.223329683067,0.00380947657501,0.822970696679,0.156031197578,17.973647484
0.644205338952,0.114974602446,0.152179122756,0.863204215733,0.214883983896,15.2792183227
0.352475398631,0.103903789083,0.134995736792,0.786823039806,0.128053627424,13.2280032389
0.582901747107,0.05183692999,0.0314929725127,0.750701189017,0.205884224226,14.368610306
0.58799292874,0.167768674185,0.134346932413,0.924892534369,0.0216859265316,15.2016878702
0.722144831649,0.26003685627,0.123835063055,0.908502459438,0.105504940884,18.8644948282
0.715127095151,0.256812648699,0.0988565411551,0.937138673467,0.00733905102398,18.5249323186
0.417352894204,0.242986740897,0.0532673934568,0.837322265531,0.0758255971039,16.2122923116
0.478135158207,0.182330734247,0.201266337322,0.812617884734,0.277314480268,14.0919338971
0.529808891929,0.0877057809034,0.0659295461868,0.770794342692,0.0181468187141,13.810944737
0.534809934906,0.0422699992926,0.237690307006,0.772139331874,0.0212314815636,10.613292987
0.495580162685,0.288833174583,0.0470066824237,0.774734601922,0.0797218915521,16.777136914
0.245190484318,0.0398962255755,0.0649304186605,0.748484297784,0.0121080087939,12.1576101275
0.701320132093,0.017703625879,0.0192009009622,0.921521152036,0.242438588007,15.6943102116
0.267236509945,0.0367810400796,0.117435076954,0.915236268634,0.201878123356,14.1518948075
0.445239960245,0.228878605606,0.116169021677,0.878956307754,0.0189251757237,15.2582987196
0.475577082524,0.0957786248771,0.113684025919,0.757756217041,0.0870709666663,12.9436189717
0.498949989192,0.15913283075,0.277421447355,0.760946620104,0.286541345491,13.1450978598
0.56464534908,0.222895396892,0.209756744895,0.760504807599,0.0203807377775,13.9235282358
0.715777103815,0.205442180537,0.0567691367424,0.896468056851,0.0940266221927,18.2050276328
0.377338854379,0.0762578874916,0.185525814813,0.95755252938,0.190911903519,13.776805272
0.27084253796,0.0498090434737,0.26300023626,0.765873206444,0.0407939923332,10.2448613918
0.717795328565,0.262854026184,0.235838753456,0.986310865121,0.251248712925,18.2999452634
0.462653368843,0.00544077108535,0.169716055691,0.969837891318,0.225291206302,13.1575148219
0.367341801488,0.283217353359,0.183522502913,0.868347501643,0.274940798385,15.7125357026
0.498711635098,0.0420232242603,0.175282877861,0.83546507297,0.151107708435,11.9646547785
0.424459745227,0.132343493344,0.110692822977,0.764378622268,0.146768421535,13.4668698599
0.479556040287,0.22023093424,0.102028050659,0.774631648743,0.260134432822,15.9781817
0.384634717184,0.218626659716,0.267350949,0.852340775074,0.254067728855,14.2700285445
0.696125844405,0.250931843154,0.268252648902,0.866250985198,0.270888235931,16.4839348196
0.56058587423,0.193256063421,0.173318623817,0.733233768953,0.105051454211,13.5851090294
0.564189704457,0.250465343923,0.184796930992,0.732260721443,0.219535102638,15.4053490772
0.618314617052,0.121789426482,0.0662060323027,0.980483057317,0.127852346553,17.5006359504
0.445801728355,0.191909373349,0.126625772186,0.770368394339,0.250436643256,14.5633022869
0.425129643276,0.0869034587679,0.225758487569,0.922195595139,0.248402131351,13.9662322234
0.693283804116,0.0794514157421,0.191971463602,0.980259307496,0.165162052812,15.1703913443
0.536697417207,0.253291179561,0.0958535542574,0.84172330759,0.0123374652673,16.5750817267
0.552842070794,0.107256946094,0.120098822896,0.869464217627,0.117487693991,14.5665194813
0.310178701262,0.267072969953,0.0943139218261,0.919867832058,0.0399127099741,15.5441161668
0.507739414602,0.127347908,0.252245169486,0.884839033143,0.198114697664,13.3821873304
0.275567412582,0.212426706025,0.0814414774366,0.852392700391,0.296066888921,15.7196630102
0.671417604897,0.217550607247,0.11070084344,0.953895869795,0.227543532494,19.1242105004
0.391711277173,0.249393844634,0.197236789379,0.906522087907,0.0416860526724,14.8414641143
0.232649596133,0.02294768051,0.0987552076303,0.780107367367,0.153212606789,11.9832155056
0.350458506692,0.21633266622,0.0323449984729,0.834022392433,0.204609180708,16.5728551642
0.288708325142,0.0774776293013,0.096111183399,0.74826257486,0.164922954137,12.3977032664
0.572186941787,0.156429001382,0.243485993643,0.741293147757,0.00111685854807,12.3151735767
0.438463095131,0.156012466976,0.113848048535,0.833746464821,0.132195250687,14.6250592252
0.340773492866,0.239745369961,0.0476791135763,0.930573371232,0.277065449504,17.7868684752
0.789612113997,0.153034046346,0.0505878516661,0.778355276169,0.263901297163,17.6505396186
0.628276890291,0.166942347441,0.216672328294,0.784498232317,0.20219588968,14.6810343134
0.295786845158,0.243160564702,0.127674186477,0.840987979827,0.00843859076313,13.7464765434
0.393200791584,0.248835138066,0.0395011500431,0.898731775052,0.0899276895919,17.0863265096
0.429851246798,0.0102958927495,0.0993088247704,0.830228115385,0.0925684697297,12.4553002858
0.460423633833,0.225195719049,0.145184358274,0.708612879635,0.0693679582546,13.8151557993
0.389045693442,0.162338498465,0.106197263862,0.925375082007,0.21229385019,15.9287744813
0.50197951637,0.171544854566,0.183552593209,0.939393245459,0.180922073996,15.5709728854
0.420661525282,0.197582899788,0.113812405387,0.857665996687,0.278483437258,16.1461762657
0.470266966331,0.00156816376003,0.133003694594,0.777802515215,0.205839988679,12.4493609359
0.560959790619,0.0394256916457,0.206409354971,0.922676600994,0.208068474825,13.2057499128
