0.309487659,0.020471835,0.28902171,0.855882269,0.013871096,10.51077267
0.524472993,0.02086849,0.067958751,0.783319851,0.12911953,13.33615713
0.505296285,0.212345459,0.080394578,0.827124696,0.090774621,15.92214541
0.4294318,0.07123061,0.204176946,0.747854266,0.203963446,11.25352928
0.513905511,0.14601146,0.239107255,0.908698341,0.064752664,13.88178458
0.668061441,0.045366354,0.171734098,0.92405087,0.130266708,13.4790435
0.674875296,0.074399944,0.147289696,0.797520799,0.111086368,13.26240461
0.617731219,0.199537466,0.285714224,0.884455309,0.122932903,14.70991783
0.602996776,0.098930181,0.183218324,0.968679824,0.08680597,14.03815184
0.451862136,0.186842346,0.07294848,0.87269473,0.113853539,16.2963848
0.593758422,0.150981729,0.083035921,0.909102005,0.20371959,16.66335338
0.239329282,0.284831849,0.094891444,0.835741053,0.070299401,14.71074809
0.545888874,0.103573633,0.224893453,0.877688566,0.115463147,13.57211454
0.622593317,0.056774915,0.068895088,0.853719252,0.175701373,14.62618733
0.474250795,0.217488329,0.179331653,0.866582043,0.000785527,13.93582514
0.529665184,0.157914224,0.173836392,0.888235964,0.162260166,15.02307832
0.423915492,0.151158563,0.184973105,0.910233744,0.218888708,14.52923878
0.426061626,0.134365576,0.029956824,0.802652763,0.139554321,15.57286938
0.455894648,0.031014694,0.208947435,0.955080435,0.238256537,13.81847996
0.435153004,0.03486,0.206221639,0.75485621,0.094132062,10.88325876
0.348418296,0.056227332,0.070525088,0.788707789,0.234806341,14.0595405
0.667286699,0.147000803,0.248139027,0.801323876,0.16466405,13.52126572
0.382502801,0.066019463,0.043186397,0.887919763,0.008277513,14.49558777
0.470473378,0.024839406,0.192788086,0.929125604,0.200763605,13.53196788
0.309345386,0.003691587,0.190030906,0.890796753,0.18542727,12.16890394
0.53751677,0.239963337,0.059343342,0.905200966,0.072163823,18.21150425
0.421412288,0.181556212,0.113630671,0.914160554,0.033587574,15.58860721
0.520104309,0.288088299,0.190080577,0.87708561,0.133272734,16.4021323
0.397840633,0.078697436,0.202328956,0.837210601,0.198473024,12.6177803
0.604927487,0.269567226,0.08457085,0.883217284,0.205417498,18.86941806
0.384867815,0.247246703,0.22741217,0.779460675,0.049229254,12.77622841
0.693344137,0.0969892,0.158271511,0.859028254,0.14288172,14.70315751
0.417148987,0.238863491,0.200122648,0.914513808,0.11854736,15.54173728
0.390945367,0.113964778,0.213645514,0.961535361,0.16832193,13.77919197
0.570404117,0.172066092,0.144301324,0.935787363,0.082181212,15.80860366
0.375387918,0.120053604,0.046705027,0.920273225,0.243314595,16.15758698
0.723006713,0.047762984,0.158216679,0.768235795,0.155888442,12.51820473
0.307349224,0.139073968,0.050933118,0.732497202,0.088744664,13.53367857
0.422673388,0.255800103,0.243571713,0.925468307,0.12837734,14.58167543
0.411609848,0.246781093,0.017081977,0.921879681,0.246553885,19.06059192
0.619799501,0.094553115,0.023708681,0.900924973,0.075437426,15.96612704
0.545761462,0.104223148,0.099870856,0.909136444,0.018544253,14.47460125
0.637946988,0.275064654,0.1955347,0.906548811,0.283523072,18.34370623
0.642691943,0.209630767,0.154682565,0.933927169,0.130737705,16.88631229
0.766782144,0.146754106,0.079105417,0.929325181,0.087954183,17.69334749
0.591339196,0.093208383,0.203951349,0.960992258,0.010650009,13.84508502
0.639849325,0.03988315,0.162318185,0.850473081,0.189300955,12.90469856
0.479631948,0.0837542,0.038857699,0.927922421,0.197386946,16.29894606
0.48103768,0.025771602,0.144958641,0.854450247,0.133192148,12.14136329
0.53154759,0.282711209,0.131471004,0.884210323,0.171860251,17.43336866
0.555188609,0.165211822,0.254034449,0.973710058,0.022470091,14.88500242
0.543349279,0.111582307,0.153810964,0.782725026,0.181081255,13.48615734
0.335213458,0.179342563,0.280028565,0.738709314,0.190137255,11.68574905
0.398322543,0.062564597,0.090119533,0.830369125,0.097199501,13.19218069
0.626119273,0.191506462,0.173069134,0.806200081,0.251238743,15.8330985
0.633115245,0.17943187,0.061051997,0.879653544,0.016107503,16.42868178
0.382049445,0.139913725,0.184881466,0.751256583,0.133277444,11.86235699
0.608952877,0.08601703,0.257773151,0.999177883,0.276215023,14.67211352
0.357996152,0.292137071,0.230418896,0.708500869,0.172491842,12.92766594
0.373452431,0.074748983,0.079374408,0.860436278,0.09473544,14.43733582
0.568892729,0.262867912,0.015077579,0.976913482,0.027369789,19.6499284
0.470399014,0.0192595,0.167206874,0.797710615,0.095653626,11.02779229
0.765198256,0.17936338,0.218594472,0.777092082,0.272321358,15.55545914
0.545907364,0.171362225,0.18868646,0.767302887,0.103083652,13.06377541
0.483155483,0.216649161,0.148407989,0.981196766,0.133842714,16.37166343
0.820058478,0.019299079,0.093045656,0.767873392,0.224914727,12.67139414
0.522801109,0.083493871,0.149902922,0.852365098,0.262912502,14.39744396
0.49177267,0.249007786,0.090736893,0.902062725,0.082048092,16.83206668
0.488339673,0.163035856,0.198247489,0.886091363,0.024213706,14.18178763
0.835748473,0.180459328,0.079682716,0.859886812,0.126033175,18.03957158
0.58070592,0.269444328,0.039156353,0.944669911,0.1516567,19.35279919
0.516432398,0.264962059,0.13835455,0.74193961,0.052268925,14.98758714
0.766405171,0.027514144,0.135525376,0.792221134,0.132976754,12.65874762
0.52768874,0.223667309,0.208548489,0.893949685,0.064879405,15.35977244
0.414683966,0.049857272,0.034220563,0.953450783,0.120213482,15.53948812
0.581302801,0.175610524,0.298523404,0.751299128,0.1299275,13.06117697
0.264885851,0.105645981,0.274783648,0.763254471,0.176567448,10.6074383
0.37875825,0.008064062,0.201459778,0.756819596,0.045657618,10.23658134
0.651159653,0.265830201,0.240153794,0.820889243,0.190914218,16.48299864
0.495067591,0.129236551,0.119628451,0.957783301,0.036913859,14.72670061
0.538577278,0.029810756,0.204123593,0.79196482,0.186761482,11.6665801
0.276185087,0.259598097,0.085992458,0.927648185,0.201634328,16.51206262
0.553941977,0.288147899,0.212131791,0.841570828,0.140782226,15.91685695
0.355328871,0.178362958,0.236678727,0.830619048,0.248894156,13.8920161
0.506066018,0.135266274,0.165536179,0.772604863,0.107654353,13.56109256
0.534068082,0.267505616,0.169909505,0.86980334,0.120594811,16.78524702
0.338156839,0.039438612,0.154940464,0.974227635,0.085518721,13.27030611
0.399111531,0.061505027,0.231607772,0.761189941,0.27027693,11.371812
0.625903671,0.196250079,0.035524861,0.747133672,0.156768978,17.25375692
0.451578575,0.201117064,0.1205621,0.801348944,0.149106867,15.28421418
0.408474302,0.201387774,0.272610619,0.911685721,0.152094069,14.3431677
0.225876191,0.046140011,0.154378508,0.729947117,0.122296971,11.51441627
0.516916648,0.017392693,0.101631744,0.818643808,0.188423701,13.35303411
0.512775378,0.225331402,0.029813118,0.761547554,0.207705083,17.15923606
0.487023106,0.288381119,0.184368359,0.951149933,0.071131676,17.04989021
0.53036578,0.12940465,0.29272981,0.730503724,0.225864407,11.86483888
0.591692216,0.158275143,0.201013897,0.962424215,0.148205866,15.54258639
0.455431735,0.069764123,0.117864587,0.848849239,0.245640871,14.10221039
0.528670569,0.178862713,0.045102438,0.881338832,0.037409209,16.6306819
0.675253232,0.003659511,0.082306172,0.73822333,0.240876334,12.68452855
0.452190189,0.113972133,0.160671282,0.880376583,0.013706867,13.26585617
0.627259776,0.046135567,0.277181213,0.888362432,0.279066911,12.22784867
0.462320741,0.262746524,0.072441613,0.872673473,0.298909743,17.8648502
0.532061394,0.130244471,0.218007859,0.970460204,0.07820648,14.08052591
0.551258671,0.234751089,0.262100137,0.849521459,0.014464612,14.28330313
0.216403955,0.046012594,0.065585816,0.79713401,0.157536519,12.91530226
0.608270005,0.145717438,0.21998478,0.886703729,0.017462608,14.10943618
0.406185683,0.245376756,0.020743454,0.890656309,0.142611874,18.24106118
0.471517139,0.220909481,0.117990326,0.999069422,0.108782489,16.71967287
0.677117326,0.250941594,0.214900717,0.893121867,0.216831823,17.0155088
0.479833519,0.108160273,0.186205001,0.724218956,0.092184708,12.15450553
0.605797995,0.065521518,0.292941153,0.824034475,0.088238469,11.10402571
0.360448958,0.103081214,0.035030831,0.763477321,0.032144279,14.05550704
0.41427685,0.167348881,0.110556494,0.895747824,0.142907605,15.64690419
0.609431628,0.049822186,0.224132609,0.752730709,0.117535972,10.87301588
0.733098415,0.06027962,0.142001583,0.731065321,0.183105743,13.1130256
0.578724929,0.095143686,0.064641097,0.798448677,0.171316028,15.16057029
0.358101343,0.045772403,0.05436386,0.780640105,0.090921912,13.38009668
0.628517369,0.054228427,0.065011674,0.920060883,0.169052999,15.12258616
0.417956427,0.262612152,0.128308171,0.840212299,0.238120863,16.44740137
0.316588372,0.15045504,0.191504738,0.784610939,0.091543218,12.15430024
0.557296301,0.084643667,0.162189917,0.759412295,0.228419675,13.22381165
0.460825232,0.108781404,0.077694795,0.857748253,0.023701539,13.87637945
0.625285687,0.09504087,0.224580026,0.826691726,0.157588838,12.84191364
0.570393904,0.260940988,0.196829517,0.881263209,0.144802068,16.19488914
0.604062596,0.170562616,0.071486058,0.7473659,0.117075511,14.9927265
0.437623464,0.180962763,0.132328676,0.874123335,0.130932035,15.49361842
0.786949992,0.100987716,0.154892261,0.869551746,0.137233864,14.47497138
0.380566298,0.055852295,0.208857801,0.845985418,0.229459771,12.24951085
0.464205718,0.190657304,0.26892331,0.895575244,0.230283922,14.65384341
0.324878183,0.161707075,0.185226687,0.949321908,0.185481534,14.79648012
0.491698198,0.015074809,0.040435762,0.708133179,0.249359687,13.72151982
0.682211385,0.090421142,0.237294054,0.762198338,0.092002534,12.01436285
0.470357774,0.127204014,0.237925025,0.875430926,0.199073922,13.11767376
0.607575353,0.185000107,0.096107557,0.90372229,0.178584479,17.23833091
0.593891099,0.089591757,0.057194213,0.839102656,0.05762762,15.1578561
0.40378059,0.006431253,0.149599114,0.950541571,0.23850105,14.1021307
0.567115383,0.227448023,0.133594601,0.883070489,0.169211452,16.971554
0.631865122,0.202900668,0.185795782,0.761097097,0.047494568,14.61998816
0.484296688,0.24734279,0.19645928,0.895202052,0.089449776,15.44542213
0.562280323,0.132240384,0.031536001,0.715880107,0.022766748,14.79389757
0.589886603,0.022360679,0.064794713,0.907857668,0.161919014,14.94295294
0.817885427,0.12269449,0.088625407,0.828223619,0.236685452,16.44307812
0.50099583,0.084435254,0.235459738,0.742974941,0.208292054,12.07628848
0.408359534,0.155356311,0.202826452,0.981978866,0.179576583,15.36228443
0.695637111,0.110768125,0.18385516,0.810558107,0.198796965,14.14241724
0.40517632,0.094798547,0.236366364,0.895704842,0.106673377,12.98127656
0.6882894,0.052034371,0.222273466,0.974004056,0.246448717,13.72671392
0.443558925,0.199151267,0.259317697,0.756370897,0.273912807,13.70570461
0.663842195,0.010810126,0.003384841,0.832329037,0.27445886,14.96912104
0.598143743,0.194739591,0.172438154,0.840575827,0.008637644,14.30294566
0.628263141,0.281668172,0.059776365,0.82376235,0.151280813,18.7538763
0.497257288,0.152075386,0.26900008,0.843923217,0.261396417,14.14046989
0.440469472,0.063487445,0.14766672,0.766618432,0.010462082,11.50153199
0.470299605,0.16549561,0.05737121,0.926628215,0.110022067,16.85966202
0.392146337,0.063843715,0.278273963,0.93518878,0.101404249,11.63698905
0.402798153,0.227063436,0.158208339,0.889773139,0.076554431,14.88961787
0.514849616,0.030067896,0.14685886,0.912168891,0.146720412,13.51041546
0.555260806,0.204277924,0.142286992,0.722658324,0.16218127,14.3489936
0.553386024,0.043015959,0.105365738,0.904451645,0.073013452,13.79122549
0.504511731,0.279758472,0.217758659,0.821879416,0.073860972,14.69921486
0.628167008,0.063527017,0.032106387,0.809338295,0.117644843,15.0674242
0.397961669,0.072584416,0.002500346,0.961786636,0.036845789,16.30166425
0.631212129,0.137814923,0.211904886,0.8457607,0.156843738,13.74602723
0.695000502,0.172627242,0.11449624,0.854205366,0.261436039,16.98823527
0.532108009,0.111511116,0.27979044,0.840426047,0.134109734,12.11107111
0.498062753,0.220254264,0.287401845,0.792190724,0.048103905,13.18045311
0.758347452,0.075622573,0.155490047,0.918058403,0.158773663,14.81471524
0.289271523,0.104464226,0.166312787,0.822459099,0.138333446,12.94175668
0.620271851,0.025526422,0.18876786,0.918085139,0.053470081,12.00178474
0.606302516,0.120092331,0.170256701,0.972362954,0.064076569,14.71617967
0.590450771,0.231313181,0.165961721,0.958699305,0.151390829,16.85916813
0.609931494,0.058721922,0.113365336,0.926729304,0.105898747,14.48491808
0.659661518,0.033025409,0.247065244,0.794736315,0.219287461,11.16526181
0.611099649,0.213946592,0.012490673,0.707317644,0.241554703,17.20772958
0.510373843,0.267792181,0.054276333,0.797996186,0.225821785,18.03592153
0.617350787,0.18893765,0.095046628,0.956002761,0.259730715,18.40605246
0.505159297,0.040297664,0.036386587,0.994963389,0.24564332,16.23964816
0.547293266,0.016998606,0.122407433,0.799523095,0.047731485,11.60162085
0.377984115,0.201561254,0.078518711,0.940793945,0.166774471,16.71455506
0.611716636,0.041020059,0.225647909,0.721251002,0.293161994,11.39812139
0.532212429,0.092897826,0.115411594,0.765496081,0.123040046,13.56090896
0.683382066,0.017227138,0.215545345,0.832325418,0.221395051,11.4573742
0.480561275,0.174962987,0.290575557,0.739821234,0.158001555,12.41842231
0.577113113,0.168201995,0.180031935,0.971363099,0.253691651,16.21641591
0.60597198,0.296428522,0.137702769,0.948579317,0.068963918,18.5785415
0.495573374,0.062085698,0.124541298,0.730835377,0.152762327,12.79883169
0.534746252,0.143989079,0.238421814,0.807811334,0.066191734,12.70877299
0.294034166,0.140214329,0.144705094,0.963651483,0.153167159,14.32126063
0.51021822,0.166433741,0.088628547,0.858190541,0.131516834,15.55586137
0.624697684,0.138651165,0.180947216,0.943128533,0.183163119,15.87525867
0.632855332,0.133045187,0.241780712,0.8397957,0.19107339,13.95486008
0.600999863,0.14085776,0.081874278,0.803623088,0.191489853,15.62191712
0.542903785,0.072059983,0.213670872,0.936517233,0.204132445,14.04821823
0.413519739,0.223305928,0.081057442,0.846854213,0.191569658,16.22233879
0.573668749,0.100693657,0.235173847,0.863940088,0.152896022,13.43373137
0.700099344,0.204215179,0.143823263,0.730255531,0.041485739,15.24110832
0.425606537,0.079081042,0.252939476,0.734954587,0.221890988,11.45206622
0.553576815,0.258905856,0.297967644,0.874938607,0.045363538,14.99052686
0.660679607,0.08148238,0.085042109,0.858451915,0.231435194,14.89713663
0.525136262,0.036740311,0.080032308,0.738306508,0.206486861,13.54483921
0.393892865,0.105696834,0.240380934,0.940590072,0.265620558,14.38129542
0.352009954,0.026553967,0.197715191,0.772182779,0.291635652,12.00128864
0.402170701,0.086933035,0.100606378,0.805944787,0.208862413,14.10098137
0.440506847,0.04667178,0.213759777,0.978334702,0.002852344,12.63494425
0.505487165,0.162050644,0.107854354,0.909039279,0.010642703,15.46715675
0.567677933,0.186782473,0.086497457,0.785613927,0.213598186,16.31148451
0.451963742,0.106779632,0.15773699,0.799911632,0.03445795,12.52066096
0.679457687,0.106502078,0.217143682,0.870592318,0.129403599,13.35014564
0.328479538,0.276126382,0.24856685,0.84026876,0.193059191,13.96790203
0.581665433,0.083789505,0.100792373,0.943913802,0.134420962,14.82591602
0.602338365,0.136884139,0.153353591,0.77465244,0.108353912,13.78254699
0.448445853,0.20318449,0.282956288,0.932312019,0.183274443,14.8213029
0.464603268,0.142528548,0.037304879,0.816758924,0.213043912,16.39574307
0.443953784,0.168303083,0.15745981,0.834635701,0.261021403,15.07333727
0.625806988,0.03226444,0.275917775,0.763672913,0.024411201,10.24217733
0.314481884,0.203376376,0.044589264,0.962815404,0.008082776,16.43360027
0.304222507,0.155509151,0.177187858,0.823060066,0.077895243,12.50148952
0.386524922,0.066932844,0.099501528,0.953928931,0.113723091,14.32938718
0.564490305,0.173328279,0.015298265,0.949679133,0.223453137,18.58266892
0.514703806,0.067971527,0.234459049,0.935854275,0.021727156,12.86604616
0.37228589,0.113429395,0.140814394,0.770711662,0.229872539,13.64776347
0.516547754,0.065235348,0.269571104,0.820583583,0.062905906,10.80131455
0.55928736,0.079016891,0.027037536,0.950507825,0.118943804,16.05337104
0.728076222,0.215976809,0.035147673,0.710959863,0.053341355,16.65278885
0.378149822,0.214811708,0.045812301,0.837494539,0.24283158,16.73403505
0.285987157,0.193678975,0.024642805,0.787202407,0.046551957,14.77475038
0.28923327,0.299348908,0.153214287,0.739244846,0.24105207,14.66294361
0.459731516,0.120237554,0.277313107,0.971736804,0.070483451,13.66065115
0.25656846,0.200460878,0.228470123,0.744693484,0.164756334,11.87634387
0.400969962,0.167748102,0.286171312,0.776187676,0.167211074,12.35186603
0.480752869,0.127706704,0.202646596,0.967741138,0.129735777,14.5318365
0.601358481,0.030651458,0.237282434,0.979626144,0.280842198,13.39958992
0.632537949,0.04626847,0.108667945,0.908699484,0.101022112,14.47901827
0.645737821,0.211692401,0.027058252,0.905803551,0.072450274,18.95075584
0.491871775,0.222401278,0.166165291,0.919711818,0.118666551,15.80081417
0.434428616,0.0699438,0.051574568,0.943848896,0.067727005,15.16480754
0.50414019,0.208280341,0.187841594,0.999917177,0.109203953,15.93107978
0.496050584,0.098741412,0.123770996,0.861854147,0.11075728,13.85169793
0.390711756,0.259530791,0.146087068,0.77418931,0.288349093,15.31818835
0.499057669,0.249943461,0.024329783,0.792036186,0.144386491,17.34161393
0.513075394,0.01300591,0.034120317,0.832375336,0.243407494,14.96857199
0.304248977,0.011338902,0.023879454,0.82955735,0.079262412,13.59670612
0.382144267,0.108402609,0.200034562,0.788217398,0.025861128,11.41932593
0.541303887,0.145723312,0.072213737,0.751310559,0.044853265,14.10360272
0.748493361,0.088329001,0.021017856,0.752138401,0.209870251,15.73100307
0.446841997,0.016860517,0.173515202,0.863987934,0.116428554,11.93331994
0.484351994,0.153910196,0.124993813,0.803514885,0.253599644,14.899823
0.638804031,0.26407836,0.23252436,0.860589492,0.106612788,15.97413839
0.546421455,0.233255689,0.125889717,0.878763717,0.253105867,17.16011125
0.485663315,0.052415793,0.084259903,0.782845953,0.150322897,13.58011931
0.440659274,0.090766436,0.277162089,0.910079039,0.06897863,12.28975978
0.572603284,0.066650782,0.082464795,0.875133711,0.166995771,14.32524108
0.710050937,0.091520305,0.143478304,0.73487457,0.003494072,12.47710403
0.66310013,0.089808509,0.23665491,0.946833441,0.12166321,13.35934407
0.357087044,0.090958928,0.228228071,0.87528171,0.128346282,12.47457803
0.552277365,0.146267982,0.269221644,0.746599651,0.059410993,11.44200239
0.642571825,0.12185121,0.018652104,0.727549519,0.048631834,15.01472386
0.643955208,0.094186625,0.16226729,0.895984412,0.136889821,14.68787634
0.565913378,0.240674678,0.29918864,0.785941983,0.173996605,13.94483308
0.598217931,0.267991898,0.241079745,0.795073192,0.128424294,15.55421921
0.488100166,0.16304448,0.066363505,0.765466477,0.186986098,15.06277689
0.380120328,0.075122204,0.22675526,0.801906045,0.210623083,11.92223297
0.540066362,0.063531273,0.014695531,0.87778812,0.14518948,15.85714477
0.475173458,0.162811388,0.246176472,0.845861885,0.199461007,13.17038046
0.717446882,0.086125688,0.119411258,0.744680784,0.099070505,12.94601537
0.61950526,0.098794945,0.265463644,0.781287688,0.25138952,12.34103315
0.293848721,0.078632249,0.004519445,0.836236175,0.168287395,15.2880541
0.598949171,0.16086246,0.287816193,0.974117962,0.128787517,14.73948041
0.479460632,0.132944467,0.262832188,0.807509738,0.025421691,12.19316958
0.449948023,0.105308059,0.281378153,0.76442022,0.238476227,11.3280665
0.328215883,0.11094235,0.217223601,0.870784273,0.276687602,13.15698006
0.464238953,0.262095947,0.083304803,0.92899612,0.090885694,17.58860795
0.430788875,0.225763535,0.166999243,0.79507436,0.058621857,14.34310995
0.413850893,0.182190754,0.135117837,0.806883183,0.166895484,14.59512767
0.384132759,0.099464542,0.246966628,0.84200616,0.271627654,13.1188284
0.801082953,0.043864553,0.193212065,0.992945409,0.110317227,13.91289062
0.673011908,0.212545202,0.248047524,0.92824715,0.010845223,15.27501076
0.454592055,0.265187793,0.150906344,0.817203199,0.088489411,15.23877884
0.364659881,0.11681013,0.210462922,0.890150648,0.174883699,13.5595271
0.33552951,0.225530966,0.158485134,0.89367411,0.134025611,14.9022502
0.573998607,0.077588689,0.095584946,0.954300533,0.062559494,14.77619145
0.657651468,0.099645072,0.035016968,0.876901793,0.167975533,16.66898339
0.577882857,0.193820894,0.100328122,0.84639942,0.128929253,16.1534943
0.57481694,0.042965439,0.010013242,0.847726287,0.031285051,14.85389639
0.673333718,0.270392768,0.033241604,0.805080645,0.036711075,18.35118948
0.6463763,0.225303475,0.111369974,0.796550917,0.155582425,16.57329935
0.666214258,0.028404136,0.241460549,0.927088292,0.063131999,11.55345095
0.510352287,0.02008183,0.094157314,0.866865926,0.245162603,13.98577295
0.439099444,0.172155652,0.064122426,0.936505798,0.01042982,16.21327576
0.573288952,0.129417991,0.275547019,0.799353295,0.279677339,13.54509454
0.437245028,0.051064752,0.177121339,0.720164722,0.19526683,11.6548422
0.481067124,0.058888988,0.15977158,0.853465538,0.091077996,12.88849013
0.423958456,0.138746791,0.048102937,0.961270218,0.231867194,17.52132604
0.599733189,0.019709398,0.218277643,0.937432625,0.046773069,11.69705567
0.422478126,0.141776177,0.252328307,0.918184548,0.158818917,13.26751867
0.573074086,0.254166082,0.224988551,0.78136321,0.069861985,14.96219606
0.836032361,0.223278432,0.021060533,0.766305924,0.060594892,18.33058646
0.441271876,0.141678078,0.215104191,0.782082758,0.066056518,12.53080368
0.526119932,0.141087937,0.275497549,0.956692249,0.181030691,14.14371073
0.515609224,0.139252488,0.150303584,0.953459294,0.113850364,15.04589796
0.594173113,0.221746362,0.003369016,0.842013707,0.131734421,18.5142092
0.320619707,0.210679403,0.142062503,0.776508083,0.152690165,13.94384715
0.442294154,0.092093897,0.204699434,0.899957091,0.060467131,12.34496508
0.346843985,0.143465446,0.156697678,0.777752818,0.059533219,12.52485811
0.276803392,0.1849647,0.039265353,0.816372824,0.263085688,15.43341119
0.5480358,0.011075272,0.098367914,0.785125226,0.175257994,12.85982232
0.402533414,0.06680768,0.279373662,0.924566605,0.171431204,12.0098063
0.515551156,0.155307959,0.280944371,0.742509879,0.044869451,11.55733721
0.522124898,0.242657006,0.109186476,0.731196667,0.016423705,15.06076386
0.277169918,0.292428668,0.148700262,0.819925471,0.082877661,14.49880687
0.402518262,0.09868207,0.250776478,0.870695769,0.289580982,13.56281055
0.633665542,0.256605141,0.142580159,0.936668653,0.234015131,18.56297671
0.540590686,0.120472837,0.04499166,0.858155959,0.216154981,16.26582943
0.54121766,0.022728653,0.077452412,0.893044417,0.125229537,13.89628738
0.591546358,0.243196119,0.065584035,0.847802385,0.092580263,17.98030994
0.606933436,0.222945048,0.130933176,0.735634244,0.249415708,15.7464013
0.3951689,0.002969483,0.153123438,0.873153372,0.094436537,11.66746987
0.365834435,0.149940907,0.200312584,0.790384864,0.072696945,11.98238558
0.596359285,0.27399915,0.222130936,0.969071815,0.179439128,17.27956229
0.37736196,0.101832886,0.082657099,0.750661692,0.020137044,12.43922757
0.64923577,0.188738894,0.138810456,0.895227489,0.218894613,16.65667238
0.607519585,0.038707426,0.231142084,0.829159722,0.14076977,11.21502212
0.614651097,0.083267606,0.130456799,0.909081735,0.198901022,14.64715548
0.629985363,0.184854674,0.210768336,0.913935222,0.246003937,15.88922116
0.507219007,0.275941558,0.089135674,0.862498123,0.102817862,17.67635275
0.436404619,0.17695967,0.19661476,0.82315447,0.266462107,14.72793501
0.485762802,0.169513667,0.270158526,0.78810338,0.099807359,12.92444542
0.556887651,0.139571223,0.214109357,0.850928435,0.226033357,13.9874194
0.371912758,0.032907097,0.017825285,0.954632776,0.242442344,15.87358228
0.532911018,0.217455091,0.040854065,0.950130736,0.147683897,18.83573949
0.487170085,0.195672939,0.195497984,0.982628751,0.125855167,15.92218273
0.341888482,0.2023396,0.07631444,0.977475931,0.1513271,17.03672446
0.712259079,0.022423175,0.1753105,0.813683554,0.071203843,12.0522274
0.389776868,0.125273178,0.095585503,0.935993971,0.042729817,14.67146092
0.583861552,0.107712488,0.016462469,0.779531742,0.018125314,14.74270343
0.656559722,0.25751828,0.043107291,0.973649539,0.09295238,20.13402105
0.26910108,0.006775747,0.132695151,0.863560145,0.256739296,12.88973816
0.635040469,0.185299971,0.267104509,0.911949934,0.146429602,14.61952374
0.543504649,0.170850719,0.194448247,0.702613877,0.098827667,12.71463005
0.54418071,0.035481737,0.006345054,0.870695152,0.189421519,15.72081183
0.656854818,0.138916839,0.092829129,0.773877185,0.261541599,15.44105383
0.530120393,0.044159486,0.200877657,0.827464721,0.031615512,11.91250986
0.553174916,0.161663453,0.197949357,0.875292104,0.09643359,14.53658554
0.547103424,0.082562596,0.121345231,0.780511926,0.142162641,13.77783354
0.595866454,0.051296692,0.153193334,0.955293761,0.07942728,14.11223337
0.634527403,0.195920584,0.266302119,0.722558028,0.182863463,13.22972986
0.578999948,0.175203781,0.17107774,0.87444224,0.215471755,15.34138081
0.641266073,0.112071532,0.117870047,0.968658461,0.001813126,15.31929805
0.580789183,0.175805595,0.251456529,0.741506002,0.160037655,12.96412816
0.458142509,0.024779934,0.053740015,0.843949886,0.031503564,13.5636294
0.767131194,0.024545359,0.090465837,0.735352075,0.104520116,11.95137799
0.653153041,0.119646783,0.220391164,0.928983231,0.133632415,14.68024213
0.642177509,0.0610568,0.032527759,0.755656988,0.090695274,14.15177286
0.599911911,0.262953385,0.214311571,0.984045029,0.271010184,17.66370918
0.471830248,0.052284351,0.137958788,0.977840305,0.11448324,14.50081861
0.325034896,0.177077851,0.249280043,0.891355873,0.240311401,13.59480793
0.656176792,0.120774497,0.173487689,0.800934348,0.075685378,13.76171757
0.542784432,0.02136487,0.101932234,0.90605633,0.150385796,13.40516915
0.659988585,0.092775211,0.172232561,0.960457938,0.190510864,15.57961208
0.595925644,0.115071482,0.095618916,0.796365904,0.220452469,14.48164031
0.254592963,0.080120667,0.099038305,0.824151664,0.194213745,13.54439387
0.543366981,0.140822884,0.149055456,0.898427979,0.239175264,15.29138892
0.57398822,0.241968095,0.087632894,0.759126389,0.083674285,16.54737403
0.472590872,0.277198048,0.204705687,0.874560362,0.181112566,15.46162266
0.579859884,0.226846185,0.158213684,0.846842983,0.262076777,16.35177462
0.537157896,0.256942092,0.065007302,0.806402059,0.099896102,17.44699392
0.664926921,0.078990068,0.125434929,0.753856072,0.066237247,13.08243268
0.564679,0.246524654,0.185918079,0.817111655,0.176166314,15.49206979
0.579175221,0.125994691,0.085572229,0.717945123,0.176135072,14.13684971
0.363525013,0.273405477,0.153144701,0.961510673,0.193158559,16.65427138
0.337980915,0.197411249,0.098457768,0.882903417,0.274254852,16.18622906
0.474614339,0.263544895,0.205592088,0.833381711,0.236177227,15.32954013
0.420051735,0.220626901,0.003113362,0.762862658,0.064516617,16.35045731
0.605050062,0.057501455,0.176102069,0.764957607,0.079867137,11.57207357
0.642438938,0.131060409,0.119865523,0.751100085,0.235821723,14.31887075
0.341525345,0.033785036,0.255367118,0.746618822,0.007414889,9.865211198
0.269420659,0.061758271,0.298406183,0.831933984,0.087071961,10.33197033
0.464493166,0.106099865,0.203380994,0.913935189,0.201136638,13.8670692
0.306279428,0.244624726,0.271790009,0.741610368,0.209750321,12.06011458
0.489457849,0.205205584,0.090457754,0.773058179,0.222171266,16.23884403
0.639908526,0.068642801,0.186879459,0.792716213,0.143806706,12.0173308
0.368585718,0.161693271,0.094151409,0.701601603,0.093465465,12.73513605
0.482243931,0.136071032,0.078687894,0.796450734,0.043101998,13.93010161
0.488836222,0.282674196,0.085323434,0.9354205,0.156555064,18.05492138
0.521075517,0.033061368,0.13928377,0.765812603,0.042140331,11.02183358
0.380955972,0.004718907,0.119732112,0.838429634,0.201497006,12.48837765
0.622617831,0.210114064,0.273955852,0.745475345,0.184133461,13.80439255
0.348678818,0.12511812,0.194230763,0.889125557,0.223977974,13.65825179
0.582119165,0.149301197,0.183714336,0.949727603,0.203226623,15.8840662
0.48257443,0.181678071,0.109375777,0.96399964,0.043305383,16.41994329
0.38111193,0.281536654,0.273273523,0.760863936,0.236797771,13.25913892
0.551996985,0.090077754,0.167113637,0.813733372,0.004809987,12.53178709
0.537224299,0.046185245,0.188690272,0.93689559,0.141864228,13.58362173
0.447550291,0.282783897,0.172250216,0.75923795,0.156467253,14.47987203
0.271224979,0.012712058,0.248764339,0.906762228,0.270708519,12.67007984
0.67989227,0.000383752,0.193716597,0.808025846,0.172096425,11.58520108
0.509672969,0.181621909,0.251280816,0.839825738,0.127321385,13.64416126
0.49654288,0.17707277,0.09794363,0.881460248,0.201179477,15.94972653
0.57255218,0.22569961,0.078394518,0.824848436,0.060811215,16.83258172
0.596104124,0.199891391,0.139016895,0.773028701,0.236734908,15.49753889
0.490521929,0.202244983,0.200431893,0.849518711,0.015810186,13.73682418
0.4317324,0.240497421,0.044043012,0.719260361,0.17012326,16.28627604
0.617248402,0.226661555,0.02196032,0.888694451,0.154970166,18.54243947
0.677280122,0.166628051,0.129837868,0.952131837,0.095906811,17.08898677
0.376161421,0.272092167,0.289016357,0.708983207,0.092179263,12.23877959
0.516880673,0.166473905,0.161362373,0.839353598,0.065873699,14.66366203
0.568507338,0.220584164,0.128924043,0.77808797,0.179103248,15.62080594
0.537533723,0.156126456,0.090070824,0.953459673,0.172230953,17.14494248
0.517651098,0.152865561,0.122805571,0.915762926,0.046955757,15.17909319
0.446522646,0.022767973,0.199405654,0.824321741,0.126277665,11.34293809
0.338875204,0.24888831,0.231481556,0.706847832,0.281142004,13.41979973
0.532649041,0.186453057,0.244622577,0.737838746,0.116229251,12.79244945
0.646438085,0.166666211,0.158015647,0.885616679,0.202439604,16.09680701
0.384089971,0.041454634,0.136608393,0.780859879,0.085715702,11.8115999
0.468405877,0.078718802,0.228795617,0.827698402,0.044691704,11.74393498
0.376730971,0.185593365,0.050803019,0.912275171,0.07390737,16.36513731
0.510636142,0.141600787,0.272444798,0.943054743,0.290955476,15.12627775
0.686074827,0.287489902,0.038398582,0.934896229,0.281653895,20.96732534
0.465716153,0.236585681,0.167392455,0.779686026,0.212632588,14.47835816
0.390006411,0.24427503,0.25932315,0.991644916,0.072733415,14.51133558
0.621305368,0.016705902,0.263157103,0.80225894,0.10828904,10.64591881
0.438250427,0.159849302,0.203960743,0.812044695,0.173843907,13.34547998
0.564425311,0.244648895,0.247335145,0.811744374,0.068654711,14.08270059
0.416401313,0.036392687,0.211407514,0.881654902,0.213402768,12.43066125
0.34670754,0.121944793,0.121218492,0.952980854,0.005908219,14.44199553
0.651168078,0.208439917,0.049302597,0.868613541,0.095193745,17.91586059
0.651805429,0.273231794,0.05389703,0.949097807,0.160219571,19.92488335
0.44160871,0.090301089,0.153305841,0.978860625,0.072613103,14.37933675
0.744981928,0.042722728,0.280855342,0.820525042,0.162853738,11.37828367
0.619584171,0.112557072,0.089003789,0.740166425,0.137496998,14.25735766
0.541625486,0.123394318,0.245911899,0.788471643,0.154739937,12.30136496
0.423785748,0.07047831,0.276073397,0.933986628,0.221978414,12.8212685
0.639759981,0.196181763,0.067796053,0.818174954,0.139348024,17.12456494
0.437101696,0.126622393,0.134490085,0.781928187,0.160630961,14.02204555
0.5705948,0.216290631,0.009288772,0.761570039,0.061251928,17.16159146
0.399856615,0.003207175,0.257345553,0.746331264,0.114569565,9.569698575
0.381766686,0.286225028,0.017441824,0.897483409,0.11093568,18.32486592
0.654117529,0.071271846,0.060598248,0.70093229,0.071338566,13.3513868
0.400860312,0.023772933,0.188929129,0.911107239,0.224748681,12.93094256
0.490915135,0.198861118,0.22149634,0.922986524,0.147393704,14.55712773
0.482664412,0.122280131,0.182212577,0.791112439,0.081062561,12.87579307
0.472246908,0.24352029,0.082872004,0.763377646,0.073312758,15.55430087
0.55044359,0.03406148,0.111691702,0.895415661,0.271976572,14.58763081
0.691003635,0.232052303,0.035172853,0.946395114,0.191311713,20.26080826
0.494870679,0.133856064,0.233490364,0.849623136,0.136265622,13.29014803
0.363799426,0.047928425,0.043366298,0.847209524,0.100623344,14.44932855
0.729285496,0.075545488,0.210021888,0.837855516,0.238080679,13.00992583
0.537509137,0.140682178,0.164795048,0.835578381,0.29898823,14.99093886
0.567045246,0.158974808,0.24724496,0.801822847,0.060354469,12.52285643
0.461755744,0.274480502,0.117197809,0.974374354,0.051037986,17.58753143
0.484053443,0.114044885,0.000825056,0.802808294,0.181451697,16.23535553
0.5267851,0.078349743,0.183870376,0.895196917,0.229230675,14.04509055
0.68114023,0.129447983,0.259294931,0.890947253,0.161697164,14.44994735
0.607702378,0.150110532,0.023025701,0.89858586,0.132269592,17.72476828
0.640124469,0.180889546,0.215874998,0.792716229,0.03623153,14.07173616
0.564928467,0.012062191,0.011558521,0.930576905,0.187105182,15.88389144
0.660080939,0.043476694,0.116062852,0.847183833,0.002509566,13.12773473
0.472241053,0.233937701,0.07846439,0.81487268,0.238853549,16.61995465
0.466875584,0.052211054,0.280178838,0.874734963,0.252797751,12.07852343
0.6530486,0.205067931,0.137033987,0.824761429,0.195185186,16.85160977
0.521805093,0.023650252,0.134401869,0.778945063,0.121991299,12.42701418
0.333906107,0.214964965,0.192954833,0.862519386,0.218760868,13.98123726
0.591283575,0.039014712,0.195383858,0.803946326,0.132438873,11.70919328
0.463882841,0.190438122,0.155659242,0.873123903,0.020186517,14.25748961
0.451774415,0.204024569,0.034317873,0.876975523,0.189528165,16.98674402
0.486026351,0.072562994,0.182211061,0.929413051,0.133601684,13.91649689
0.564014471,0.13417275,0.114675771,0.887489569,0.065495605,14.90248151
0.584345468,0.261565173,0.159073409,0.877166358,0.063787708,16.50672097
0.556554909,0.029111904,0.188268355,0.980916642,0.088027052,13.33806006
0.421154547,0.187545582,0.013555169,0.762937814,0.086686301,15.80642794
0.377182709,0.187010873,0.159423474,0.902954831,0.057108208,13.87416927
0.477527733,0.123267967,0.043158323,0.777532922,0.212896921,14.88642975
0.479210611,0.23669562,0.229774483,0.886287631,0.223535216,15.57700126
0.551578136,0.259399868,0.141352539,0.841758666,0.097621769,16.33821257
0.437441767,0.079735346,0.152214339,0.962515153,0.289392304,14.77340796
0.599290783,0.042076077,0.107184173,0.861349993,0.158435624,14.21555937
0.667862075,0.132418271,0.193045206,0.921457845,0.298119001,16.23395303
0.448501359,0.185005576,0.112792632,0.924695232,0.088774896,15.4289729
0.432479923,0.062802723,0.068820675,0.820926836,0.112727812,13.43622448
0.479854261,0.214283409,0.167968121,0.872322675,0.092013504,15.35916108
0.484525511,0.047403883,0.105948472,0.87628323,0.074937022,13.22019709
0.457552818,0.216541184,0.114806839,0.949734891,0.065255768,16.73023891
0.504521764,0.266785191,0.139552918,0.919821241,0.219134474,17.62455201
0.617880646,0.203849707,0.146785455,0.792259928,0.060476458,14.68745967
0.453665234,0.187936708,0.139335001,0.90205595,0.028811012,14.96925484
0.552889924,0.192686829,0.288409247,0.939733753,0.005770134,14.30289782
0.657940687,0.132683117,0.15723129,0.733107007,0.192992018,13.54741662
0.528504832,0.283573105,0.116474838,0.90779394,0.055874962,17.26360076
0.466129542,0.133986371,0.166899299,0.781127608,0.035034978,13.12423876
0.450585626,0.24614574,0.083406902,0.98166976,0.248551465,18.58599519
0.582908852,0.061250431,0.055587622,0.876798197,0.26655631,15.60753485
0.466899016,0.247133851,0.085456235,0.93268628,0.266675812,17.96759693
0.510713606,0.12485233,0.083556208,0.923095906,0.29798544,16.73050915
0.65384712,0.051007151,0.2150388,0.813579755,0.242851092,12.65995524
0.375977651,0.166850838,0.131437419,0.820678818,0.138555538,14.42273989
0.433363163,0.229905451,0.220670119,0.806975296,0.097019173,13.34356024
0.456515758,0.124523804,0.176827271,0.794120298,0.219071082,13.78769534
0.435791354,0.125706256,0.128964155,0.885704038,0.108288948,14.58232116
0.503315306,0.226728019,0.255049229,0.988156253,0.211702856,15.84127204
0.349959372,0.212189406,0.238986598,0.870676385,0.125772617,9.782388406
0.400912937,0.13947388,0.24941633,0.827883388,0.235527968,13.99224193
0.489508382,0.155384809,0.196166414,0.835881014,0.298762268,15.4345072
0.708118529,0.152980822,0.197988014,0.883676433,0.176069671,15.52915072
0.267566798,0.004817477,0.248247964,0.815810511,0.100299157,12.00276838
0.423173627,0.074678589,0.212491369,0.911240698,0.139812618,13.169584
0.661714297,0.085082592,0.209692252,0.773525542,0.14893044,14.8086805
0.615628317,0.117097832,0.296105511,0.857167916,0.240846264,17.07559898
0.76584685,0.287688421,0.06344491,0.78883616,0.200117162,13.7960146
0.221486596,0.025312053,0.231767613,0.769327142,0.231052653,13.48699218
0.463962768,0.158476851,0.022714821,0.950322561,0.146214272,11.8173771
0.599744851,0.118866291,0.086830676,0.721789423,0.123199149,12.39643134
0.749244137,0.219879567,0.162777312,0.797283679,0.139106833,13.90654816
0.513408353,0.05743258,0.001640976,0.811775868,0.008546733,9.607006907
0.391892933,0.073082046,0.18729362,0.785104227,0.283800664,15.77224846
0.415849455,0.115420745,0.181507748,0.820329579,0.185837198,12.69051504
0.429576938,0.106309549,0.24868959,0.917683478,0.121240846,12.80065259
0.441861754,0.114369558,0.040167617,0.947421218,0.176643469,13.29375194
0.548676345,0.003661826,0.165917835,0.943725902,0.287600296,19.06887098
0.551337989,0.213110286,0.253400955,0.782453631,0.210430521,13.48026555
0.460444512,0.201139,0.245950878,0.850626785,0.262317337,14.68308017
0.791818874,0.197937043,0.200994481,0.790478195,0.074260309,12.70041191
0.576662049,0.119936244,0.02136518,0.942097323,0.185758408,14.68025991
0.50402531,0.235666538,0.057994372,0.901680631,0.117183367,10.45704359
0.542219145,0.225559852,0.199483287,0.711298808,0.178350722,12.18676547
0.596456651,0.121250687,0.132011352,0.724207198,0.085756953,11.57704938
0.600028774,0.021086119,0.176306887,0.96283271,0.015064293,12.64491956
0.372980644,0.196498892,0.213538816,0.782957787,0.136951893,10.15970151
0.325267352,0.21152565,0.149233456,0.751261999,0.248524177,11.96491513
0.320345685,0.055352283,0.139526268,0.870270053,0.166485428,12.29188434
0.500329065,0.065686851,0.192928352,0.817442716,0.085472947,12.39502926
0.460738914,0.010057121,0.221246898,0.807697473,0.045138282,11.93262004
0.557789428,0.1514025,0.203755788,0.816221197,0.154191574,13.35172745
0.442570594,0.118686382,0.228459546,0.827276465,0.262607279,15.35991563
0.582971306,0.159669005,0.185949018,0.736620912,0.131031093,12.9210319
0.539973097,0.125313202,0.25408448,0.844986831,0.125339819,13.0798089
0.448163245,0.128111666,0.167967427,0.715735316,0.148502007,12.11654147
0.521273415,0.213486884,0.03071755,0.949320994,0.112148098,11.20532798
0.629060077,0.089833633,0.115535703,0.877578055,0.141810384,14.54878713
0.505909261,0.191303452,0.140939125,0.900532986,0.194339862,13.74142723
0.428431785,0.182875501,0.176729287,0.807582367,0.225019878,12.85537068
0.33898651,0.044307926,0.122663275,0.9347375,0.131484371,12.00761055
0.425727815,0.227193337,0.163863382,0.780410915,0.21293885,12.14720357
0.533977771,0.042867855,0.200353098,0.972131136,0.049377668,12.85857245
0.527822435,0.095022484,0.124845117,0.763978983,0.06844762,10.9712747
0.721532556,0.07495511,0.229515306,0.796121158,0.267701056,19.04251537
0.608351713,0.057704021,0.055186754,0.759917023,0.217060587,15.90564771
0.474498238,0.169713921,0.282014016,0.737429367,0.184226611,12.77459678
0.372365373,0.062362748,0.220326578,0.792403188,0.120360512,11.80426816
0.352060679,0.217602508,0.283644161,0.774541044,0.283375922,13.46090362
0.43309867,0.084283544,0.23471843,0.875866206,0.163638141,14.30189691
0.740572298,0.220270372,0.06883024,0.790590289,0.286102252,16.6882816
0.558631873,0.164559851,0.129352661,0.794009753,0.128020823,11.70382362
0.53316442,0.239139424,0.197983541,0.894827179,0.142606875,11.98294083
0.404674509,0.062875001,0.156316638,0.990481073,0.012312257,9.515655978
0.494838545,0.045341041,0.052624381,0.961643173,0.148821233,13.90551891
0.529438604,0.088015411,0.190157595,0.838584356,0.169320605,14.54497067
0.618726851,0.136468103,0.193578907,0.870380092,0.128288853,14.18667305
0.504525188,0.077754157,0.14437769,0.733446442,0.255992652,15.8472461
0.590831171,0.160357797,0.119168318,0.843071638,0.184843332,14.37625032
0.424246024,0.162985501,0.081924451,0.800795113,0.1821069,11.5169613
0.522142517,0.100816466,0.2823968,0.866908645,0.037733558,11.46866357
0.407083165,0.186261572,0.287085311,0.967631405,0.248626124,14.64106392
0.377464669,0.117371289,0.077303291,0.812240964,0.060846777,9.157075664
0.477672819,0.253576186,0.148132219,0.761237671,0.169059102,11.03422369
0.587884996,0.001298101,0.104818246,0.721387249,0.007100912,12.17840845
0.534454281,0.201543326,0.230932585,0.738347977,0.263225374,14.95929928
0.65216704,0.169874538,0.12515883,0.937282226,0.290901995,17.65586836
0.571623373,0.23014424,0.143640908,0.826024629,0.14161461,11.54812013
0.507369265,0.022518623,0.113338908,0.737830302,0.138523493,14.28251686
0.406453849,0.021253989,0.214721254,0.915999215,0.125319795,14.16469141
0.492289453,0.158793605,0.206102405,0.852574209,0.151136453,12.44227624
0.314265794,0.062218709,0.03511459,0.920310391,0.134107501,11.93022155
0.558625309,0.090483091,0.234342218,0.837001719,0.132565835,14.51225735
0.718754706,0.124328671,0.090938397,0.873658654,0.099003202,13.24281135
0.169614495,0.145885588,0.277049343,0.772499123,0.078740496,7.840527505
0.639784952,0.298910072,0.198654934,0.91965277,0.121632288,12.44233
0.319083784,0.120347194,0.078489132,0.967435646,0.266367368,14.56220366
0.632798413,0.082917351,0.198554873,0.789121253,0.199038445,16.0818796
0.561127057,0.144902217,0.075348504,0.793326664,0.263575916,14.88358302
0.374348325,0.240132969,0.184019969,0.8486104,0.116887637,9.209148656
0.464008184,0.252202184,0.175469976,0.895179406,0.1793088,12.40045378
0.590514634,0.000130525,0.096137801,0.820641941,0.059995767,13.488605
0.505850759,0.119893559,0.25146611,0.859204156,0.266783447,15.83692507
0.597137653,0.232924977,0.158186191,0.961449921,0.195255448,13.95530246
0.513988366,0.187432635,0.15693566,0.791069017,0.182478929,13.17426898
0.485995066,0.224010286,0.172480975,0.941929341,0.144154372,11.80827194
0.625751906,0.234494805,0.157638937,0.8885328,0.203688641,14.52791195
0.696552138,0.041419198,0.183919948,0.762439731,0.035873361,13.08444596
0.331691313,0.182729205,0.041168369,0.719812637,0.196534863,10.06518876
0.428566632,0.054167853,0.052337637,0.864389195,0.008890522,9.590333447
0.499347853,0.085097206,0.071633488,0.861295743,0.176920502,13.74930468
0.396462761,0.017630319,0.259398563,0.920108199,0.144841233,14.12087613
0.665438308,0.176222504,0.255024208,0.792897038,0.154195378,14.02627737
0.512465757,0.189055162,0.022947737,0.755731749,0.200819383,12.31060944
0.619607837,0.179156457,0.009799403,0.959546219,0.108695227,12.45045772
0.455440326,0.149955366,0.173206408,0.889489113,0.17645897,13.2128337
0.283003889,0.254361828,0.050890684,0.723672946,0.145888775,8.479012265
0.619476666,0.201171702,0.274997161,0.819927944,0.159738312,14.31397855
0.469743305,0.052739823,0.090875069,0.73291982,0.064063598,11.4847478
0.531870578,0.227916394,0.18119633,0.73713635,0.067362611,10.0156433
0.32092589,0.1170255,0.116205959,0.7507349,0.117848652,10.14528182
0.36555133,0.158350103,0.065384283,0.922735072,0.269012332,13.59816282
0.488694494,0.276550671,0.207859741,0.764684964,0.129573976,10.23458393
0.635587085,0.125383761,0.211392615,0.757808971,0.141910489,14.4298423
0.434317186,0.109783557,0.224789705,0.847387161,0.094370931,11.25524934
0.529350461,0.080347818,0.041733637,0.847968745,0.029160629,10.4642441
0.483974027,0.005896694,0.230830622,0.804919998,0.260562903,17.31073024
0.451314477,0.026858813,0.213733053,0.951278914,0.148617172,14.96693195
0.384082331,0.039236469,0.138784289,0.758158815,0.262422203,15.27728654
0.378094157,0.055647569,0.215854543,0.807313485,0.178024461,13.23479808
0.574021303,0.10487317,0.180655957,0.825693579,0.144928706,13.72184948
0.498285972,0.181853138,0.12451303,0.907222737,0.025171379,9.191978532
0.655154738,0.166050393,0.297300032,0.855937134,0.105279103,13.97188856
0.380237393,0.145525527,0.00627766,0.905831723,0.067707379,9.21348901
0.576224877,0.133754978,0.209754365,0.701270898,0.161716859,13.37791485
0.470112425,0.04180103,0.185265019,0.919914956,0.184829709,15.78192275
0.666252089,0.251574793,0.11298924,0.938535607,0.119152285,12.49801893
0.486813894,0.01578377,0.167872423,0.751243585,0.179893756,15.28930688
0.585812987,0.248057232,0.017588798,0.975293633,0.185560831,12.72185597
0.638664801,0.11459442,0.165276714,0.885308987,0.143991619,14.3769006
0.468121461,0.026511091,0.012010551,0.991190945,0.170728651,14.514074
0.563388444,0.057142135,0.150689259,0.819526715,0.195614419,15.69273955
0.413281648,0.009755958,0.041788872,0.842344144,0.176373426,14.39840158
0.601850916,0.172713578,0.094161077,0.776794182,0.292209639,15.3738658
0.274515291,0.099471275,0.096638821,0.742534467,0.114694713,9.286793871
0.687379948,0.236410394,0.083309156,0.828001504,0.161959772,12.94987571
0.175250476,0.274697309,0.081649957,0.991479625,0.170726635,8.284743761
0.340785162,0.088502538,0.027584554,0.704726812,0.039037227,8.519841428
0.375785775,0.219674226,0.076738481,0.74708424,0.199280101,10.32691217
0.424910081,0.212302931,0.172382155,0.976136005,0.20538388,13.62307883
0.469235672,0.140697372,0.236359243,0.838034425,0.184084785,13.91274005
0.557223556,0.180515742,0.260888113,0.788427476,0.252868485,15.10093754
0.359050216,0.001890221,0.042150926,0.795764228,0.208277743,14.46851231
0.413844912,0.023547249,0.050666171,0.90335145,0.055254655,11.42019307
0.581010446,0.130602976,0.115989867,0.771166761,0.250507806,15.52205246
0.298512526,0.022865357,0.078453944,0.713640102,0.201560943,12.81747063
0.626552661,0.186635025,0.176425142,0.928473502,0.071111769,11.47811426
0.537323649,0.090783599,0.060651974,0.778634499,0.287192115,15.98326047
0.552576297,0.25096765,0.172928007,0.905004884,0.274589046,15.0675106
0.87449727,0.007894717,0.136856563,0.826446646,0.123669729,18.05305787
0.517007128,0.209871809,0.14913981,0.869210662,0.209986027,13.8096439
0.533413563,0.223325768,0.178710313,0.779960057,0.204582904,12.81322342
0.753306706,0.257306187,0.043458429,0.913128407,0.111127487,12.21294516
0.606677985,0.025528155,0.125742611,0.976913944,0.19883368,17.24135529
0.732227992,0.253354168,0.089167596,0.92582394,0.208517582,15.15502864
0.455548847,0.13459599,0.206995489,0.947234707,0.034085801,9.825257421
0.597306516,0.104453268,0.28135098,0.988252037,0.254605941,17.92653496
0.420395217,0.168063995,0.122810277,0.734045339,0.253554483,13.4180571
0.46338938,0.023241744,0.020979306,0.773741074,0.208243819,14.9866419
0.519557546,0.032976179,0.13434551,0.710882677,0.167466113,14.27493153
0.595699365,0.127094179,0.097248401,0.865178651,0.171299497,14.32164215
0.506211941,0.075323467,0.146997846,0.800305558,0.208842578,15.00108918
0.468614411,0.026966704,0.119946344,0.706571843,0.139747967,13.29449401
0.642864189,0.19030513,0.143264539,0.909298553,0.019996054,10.57376905
0.581257487,0.277638373,0.127896846,0.841404372,0.288044482,15.07307867
0.443863812,0.069881578,0.280884325,0.817469645,0.172439382,14.03274533
0.522531229,0.081492374,0.112755249,0.917039575,0.135707321,13.50456712
0.507049277,0.184316371,0.247062292,0.742685927,0.21864492,13.7581401
0.460076748,0.16327798,0.096717639,0.795195437,0.134399935,11.43553372
0.614857115,0.09138637,0.089692131,0.820474892,0.252880646,16.24541135
0.497121504,0.161956691,0.100128544,0.862671438,0.264027372,15.22473253
0.618104495,0.082309642,0.249383406,0.867721899,0.149168797,15.7336041
0.50147024,0.114301505,0.119793316,0.867726908,0.009792301,8.885793562
0.352258865,0.238360861,0.060021348,0.722053125,0.247125678,11.28769348
0.610877213,0.285551541,0.231819279,0.852959574,0.071357131,10.75234027
0.683162117,0.160678571,0.115475755,0.845981158,0.242547208,15.81355894
0.564002497,0.199540397,0.143070761,0.851624029,0.166596063,13.28627863
0.596297849,0.289235395,0.098255855,0.908363356,0.136210085,11.57983311
0.587395743,0.223207888,0.174718605,0.79720638,0.081955528,10.33212672
0.449149557,0.210190767,0.149493416,0.875226051,0.274910363,14.23277881
0.597903246,0.162604582,0.227384716,0.835766953,0.039609744,11.11777859
0.54108365,0.109960821,0.066610156,0.82042743,0.009683985,9.251194309
0.606623066,0.073189393,0.054014076,0.965471171,0.080483849,13.33879784
0.484083754,0.009661953,0.212165365,0.934454218,0.137991425,14.69161368
0.484378993,0.029406686,0.112131294,0.79491915,0.191345107,14.67788335
0.701316968,0.144069766,0.089746217,0.840153661,0.124134758,13.72994715
0.355059258,0.203971254,0.153809146,0.945515132,0.26111882,13.70687516
0.499265353,0.083536182,0.079076173,0.881466881,0.162429147,13.73778165
0.421680729,0.119935546,0.062574183,0.907850288,0.006735542,7.670193857
0.377494176,0.050529996,0.126436465,0.884890107,0.010315334,9.468767314
0.605553761,0.171543312,0.065579569,0.846844389,0.1043784,11.99517225
0.319060968,0.158491818,0.002686836,0.756317548,0.138399452,9.414336399
0.605709787,0.184848973,0.183506354,0.792849608,0.115557007,12.79841438
0.541855752,0.127037306,0.122368322,0.707715214,0.270993711,14.75642662
0.316727244,0.156559783,0.099634666,0.895708252,0.029587276,7.157049012
0.395237015,0.05942688,0.015117324,0.861144351,0.146860892,12.72797556
0.654566011,0.120228949,0.161737643,0.890663579,0.270352329,17.72250393
0.393562545,0.076627861,0.053882194,0.798351638,0.191763694,12.53802608
0.260198455,0.040991325,0.141401743,0.950077105,0.123847809,11.34075777
0.558729416,0.249643247,0.144574966,0.816499641,0.049186383,9.658017949
0.550912576,0.052142225,0.03677113,0.813076069,0.27517483,16.2843488
0.401239851,0.175983423,0.268075827,0.963142143,0.022060408,9.008257017
0.520860532,0.199911529,0.150287847,0.942813694,0.125053117,12.1535068
0.513416658,0.045349895,0.288869676,0.77090586,0.244323805,16.65974746
0.694287301,0.026675261,0.246989847,0.844558395,0.233377121,18.93915319
0.620158862,0.034061587,0.079344649,0.845137911,0.047259948,12.2949434
0.591611006,0.003964072,0.062394252,0.830935895,0.116306691,14.66595749
0.647160639,0.169278464,0.086603055,0.863449504,0.227494461,15.44578124
0.486854439,0.166526643,0.236056905,0.90540038,0.162305122,12.84657698
0.550178189,0.137459448,0.083269557,0.731494901,0.295342936,15.21559393
0.430074915,0.003584487,0.167343271,0.93319003,0.295702135,18.04200504
0.599187304,0.114507271,0.223217567,0.746992014,0.271007537,16.67735369
0.587542042,0.179307388,0.27007918,0.774297611,0.224959246,14.54243933
0.516259615,0.292366163,0.273850135,0.898499212,0.166476954,12.64256937
0.684588414,0.179132794,0.177875803,0.876422825,0.004691663,10.19530858
0.459632845,0.162513444,0.181048684,0.703736332,0.254308777,14.10160901
0.432455307,0.203322145,0.181012525,0.935164061,0.083188555,10.14314942
0.496880261,0.130978146,0.128188423,0.908679163,0.201167344,14.42250315
0.508596452,0.210412065,0.268492722,0.89134912,0.230758322,14.8303027
0.524414683,0.236235042,0.014853422,0.781322295,0.257071498,13.51800268
0.530297359,0.065205404,0.067879686,0.930978545,0.230875563,16.38714244
0.336619643,0.113324163,0.080444274,0.906245317,0.165744214,12.04165635
0.422809804,0.158398802,0.041464949,0.724023753,0.237904992,12.11463245
0.590501693,0.293612181,0.112251615,0.782491573,0.272726025,14.07010891
0.64611098,0.208568985,0.297365644,0.726862835,0.019095741,11.00284472
0.606082738,0.17564439,0.089036916,0.908551461,0.238548907,15.10680314
0.472259124,0.239082028,0.276198185,0.773735265,0.181191193,12.43894211
0.563869521,0.025386695,0.064525915,0.945606464,0.085726537,13.49997841
0.408432742,0.213214691,0.131531076,0.796194337,0.006916508,7.536005614
0.483816108,0.027651257,0.077796706,0.929617388,0.273282334,17.24860199
0.742707632,0.233142357,0.151248066,0.835959216,0.265832299,16.52848015
0.470702214,0.25866459,0.027687882,0.869926703,0.223780854,12.56208078
0.517519471,0.151431826,0.139328675,0.812306869,0.126687366,11.5553118
0.361779471,0.117381236,0.279391451,0.911151666,0.115330172,11.7627588
0.538135621,0.103461442,0.095044812,0.721829697,0.141612711,12.20122581
0.484344108,0.117673765,0.012925254,0.839960796,0.289863815,14.77423574
0.440974633,0.089708068,0.095995372,0.746876881,0.012799109,8.743703792
0.52720812,0.249263914,0.243903993,0.923012156,0.120048473,11.38621981
0.623705861,0.266781061,0.11962462,0.874203565,0.178937982,12.73040869
0.652078138,0.297695469,0.029203636,0.752871881,0.26271351,13.884514
0.705110677,0.264062225,0.248720439,0.832592408,0.139051307,13.91501914
0.225016472,0.16847604,0.248323169,0.720660438,0.000737322,6.050418743
0.53144321,0.08256346,0.29579717,0.925252031,0.047769297,12.45522861
0.622252776,0.067217998,0.137248196,0.864628603,0.084549676,13.15781809
0.391769657,0.073627014,0.03408716,0.861933176,0.15395259,12.05450126
0.538857898,0.054615167,0.123885345,0.959794914,0.104797265,14.04405661
0.338056931,0.192992526,0.055325033,0.827436934,0.249661994,11.65000788
0.634083844,0.113267963,0.247888476,0.770626821,0.286983479,17.0415792
0.644128144,0.213824114,0.110849666,0.775434711,0.230508891,14.31701913
0.384630362,0.044325292,0.254831087,0.821323308,0.242258024,15.28479367
0.719800426,0.039366782,0.18894275,0.842252075,0.072354172,15.12800613
0.381312259,0.177903327,0.210040788,0.931366881,0.027511166,8.356181198
0.41162374,0.276874841,0.090820304,0.815456717,0.149167448,9.982524083
0.690228706,0.247616461,0.068201774,0.844595729,0.100308075,11.72884188
0.514829178,0.231038873,0.187600974,0.756661712,0.174155027,11.66951068
0.524355381,0.090334359,0.117483307,0.762979505,0.215416012,14.85222832
0.673088059,0.26506052,0.077809833,0.789785208,0.261010943,14.43891807
0.448464588,0.006235101,0.006995177,0.799400568,0.211873786,14.64225013
0.480293684,0.273934246,0.28581425,0.868004398,0.161696969,12.4123651
0.797606909,0.086248046,0.271473897,0.79606486,0.086410896,15.02420576
0.518461648,0.143977822,0.273475525,0.91060196,0.213276964,15.31870574
0.544984105,0.12086206,0.222545125,0.938526965,0.258453451,16.93637727
0.373841518,0.293034472,0.250520001,0.887982129,0.012652277,7.061339219
0.435796077,0.081478962,0.025079712,0.782787363,0.119936099,11.80065211
0.508390438,0.056707965,0.166140346,0.800964009,0.165231144,14.55000436
0.648337872,0.299093671,0.055474906,0.818546339,0.17631756,12.65432539
0.393542426,0.091737423,0.105588547,0.795440137,0.007842981,8.585844987
0.625774409,0.196563931,0.245955726,0.73934542,0.127796465,12.87582924
0.490780663,0.146911316,0.108728417,0.761356458,0.034292054,9.165717691
0.480159927,0.15584402,0.157169892,0.900198262,0.1377692,12.30349137
0.531167476,0.140418115,0.128202073,0.874523384,0.20182495,14.18154806
0.489049963,0.144545458,0.060108382,0.812133995,0.064105392,9.999825753
0.690116928,0.163757601,0.119618227,0.883461754,0.1165107,13.53843246
0.269772872,0.260512414,0.10123416,0.996469822,0.007843692,5.040140264
0.383561867,0.265933235,0.251101786,0.95530695,0.147018032,11.01795665
0.362566391,0.286715618,0.149122606,0.977852115,0.129436845,9.771980112
0.572153141,0.225656156,0.111906203,0.726506336,0.14957108,11.75431133
0.545474427,0.116221131,0.082621583,0.961007124,0.140458848,13.92243027
0.332845942,0.171079578,0.07498233,0.848069431,0.16604965,11.07371724
0.64789173,0.06859668,0.121506647,0.851906156,0.144539177,14.74339142
0.434241781,0.22624858,0.11162885,0.823379839,0.286352488,13.29669071
0.633783069,0.099809297,0.165941174,0.82226567,0.210707819,16.26221463
0.568552812,0.18480843,0.174278441,0.931449571,0.243385655,15.64997546
0.621294213,0.175430114,0.222901412,0.794568127,0.100219991,12.10417268
0.301234814,0.091352478,0.254106412,0.867588245,0.14245015,12.07415147
0.672828281,0.203196256,0.249956491,0.931326656,0.167311981,14.57549869
0.366019825,0.232297882,0.236145118,0.752624971,0.096243307,8.570545309
0.557675224,0.223606647,0.084153264,0.793041099,0.027766484,8.747311315
0.552515929,0.06054703,0.111875386,0.844144071,0.007993699,10.22925692
0.356975727,0.085183834,0.059666955,0.900674758,0.105328533,10.87318693
0.287671176,0.135230389,0.188856521,0.84337083,0.194051305,11.6747479
0.413789702,0.148382509,0.00231991,0.801617173,0.116375095,10.18600224
0.435087838,0.222072243,0.142730765,0.924471267,0.108513055,10.67173832
0.435256975,0.054680667,0.156720062,0.925055767,0.044612505,10.53552047
0.607166074,0.229794607,0.290554229,0.796943004,0.021270347,10.11634802
0.518240244,0.114903414,0.116765424,0.803075252,0.0563271,10.27566535
0.44626178,0.180604865,0.219861568,0.889694115,0.121138531,11.0660136
0.398723176,0.088183921,0.222956586,0.932282928,0.198491108,14.53797679
0.57238196,0.02444765,0.145847893,0.794253167,0.289812845,17.82150972
0.403824211,0.234310541,0.243439106,0.727820994,0.043943066,7.772352144
0.562012721,0.270221201,0.050276822,0.788988563,0.240683164,12.5647608
0.644437387,0.273147082,0.059486463,0.75630445,0.171309371,12.15899563
0.230589009,0.08759373,0.22770519,0.767647736,0.083994434,9.538888034
0.519913667,0.02667562,0.251326103,0.82890767,0.163185382,15.35642597
0.449709345,0.164520381,0.135560048,0.823407997,0.188133758,12.16553083
0.434556716,0.124697512,0.046384247,0.751070914,0.04637659,9.126388952
0.577854562,0.139552667,0.170181474,0.924655776,0.118632697,12.80167158
0.484727577,0.249832464,0.157871,0.810592209,0.10372491,10.118732
0.663965801,0.117808435,0.007448212,0.811588614,0.217058911,15.66814324
0.495996064,0.186546051,0.042626068,0.70038127,0.152483242,10.60237138
0.363124883,0.064900858,0.023985967,0.794923598,0.067231107,9.991071003
0.529063692,0.26178379,0.062782575,0.983751323,0.191737277,12.3892023
0.417801667,0.037184773,0.005749463,0.860850221,0.26952587,15.91998749
0.484211163,0.068324296,0.001168237,0.779526264,0.247254956,14.32079147
0.455076879,0.14224553,0.251820353,0.911461789,0.003253338,9.095835101
0.55911364,0.164551991,0.013271915,0.813854933,0.072967811,10.217906
0.310371662,0.148550766,0.05568591,0.904531436,0.05585659,8.172669422
0.533725074,0.144025181,0.090452354,0.949536382,0.194667711,14.67574327
0.470811992,0.044498747,0.142270129,0.869616336,0.12378757,13.86251014
0.43576298,0.281561685,0.055868585,0.823599314,0.063776872,7.350275681
0.338224274,0.078387725,0.113130626,0.889133251,0.07310854,9.62812591
0.528400123,0.123695929,0.232572956,0.741449821,0.002400107,9.451513826
0.419379116,0.191132624,0.132886806,0.95154489,0.00995643,7.331202725
0.496163824,0.144982731,0.237098091,0.88604918,0.180013489,13.82311098
0.641555004,0.222752471,0.204124456,0.789490758,0.187656821,13.71423139
0.32232264,0.247419042,0.297512841,0.991757715,0.067013992,8.636123231
0.493788486,0.205726658,0.131139186,0.811189892,0.161998222,11.60949008
0.453479382,0.033074554,0.23433325,0.837511362,0.079549622,12.36703673
0.484782472,0.014698555,0.210845068,0.872262451,0.237556844,17.4499675
0.338515025,0.115347512,0.103031336,0.827730116,0.031274853,8.018107272
0.59430881,0.185819192,0.186531977,0.85146064,0.161795101,14.03868932
0.399905453,0.133069997,0.170890437,0.900187501,0.197791015,12.9513033
0.451284719,0.108105866,0.16052399,0.793150281,0.178467331,13.66309544
0.584833767,0.091686073,0.117154493,0.837531493,0.08788222,12.49421501
0.506280469,0.286912301,0.205808621,0.838394018,0.052132832,8.433992494
0.533215186,0.186506564,0.124297322,0.742598477,0.034341126,9.225872856
0.460753015,0.025520329,0.150849189,0.79232372,0.129483221,13.74475796
0.555693269,0.1964844,0.130752408,0.904925851,0.139393557,12.75951228
0.53240913,0.027415033,0.138827082,0.838041171,0.182819085,15.81240769
0.485019137,0.217029319,0.086241143,0.830743678,0.205165892,12.21470253
0.480740283,0.051397626,0.144989173,0.82842123,0.136689701,13.56685815
0.583575394,0.179779252,0.018168529,0.792556855,0.0223816,9.155013324
0.453711052,0.134489312,0.205283344,0.924609143,0.272450078,16.25965004
0.579727851,0.217522481,0.230061256,0.831623238,0.135853719,12.57543232
0.5008045,0.13778169,0.147733832,0.948282853,0.186293623,13.81615116
0.502864919,0.071542934,0.191039227,0.942343187,0.133739824,14.09577507
0.510412726,0.05425475,0.293471187,0.998492425,0.004050706,11.30821106
0.466766895,0.143714513,0.067463917,0.85667477,0.073340286,9.591627686
0.56123588,0.057032759,0.23161333,0.816176786,0.069367213,12.67724705
0.46686383,0.15580461,0.018983713,0.784551699,0.276032074,14.20819074
0.414322518,0.206694536,0.19064734,0.799019406,0.199287769,11.98923998
0.433861576,0.172297387,0.173709683,0.901951553,0.110551088,11.23469393
0.511552842,0.10160488,0.045138186,0.790363347,0.180612118,12.87575988
0.390981385,0.10056682,0.096583333,0.729596293,0.194887919,12.04550322
0.515651424,0.284324494,0.044131774,0.912162554,0.243468479,13.31801049
0.378358245,0.14153947,0.100541204,0.899910203,0.150161259,11.57778582
0.468748818,0.199045221,0.170694907,0.771771148,0.153518769,11.83464994
0.428076959,0.189110421,0.120310548,0.821577821,0.028640322,8.43349577
0.511718521,0.207940645,0.223353944,0.97359534,0.123586578,12.11147901
0.258317616,0.259947069,0.206434321,0.745924947,0.294467093,11.36645407
0.41186981,0.176720407,0.291270266,0.787977468,0.140911576,11.6753302
0.415551353,0.008612743,0.072430882,0.860637184,0.026761357,10.89928501
0.477483704,0.206315801,0.101766196,0.804583609,0.109359154,10.4063489
0.573989421,0.07313325,0.263240084,0.77954881,0.1776217,15.63553732
0.448867765,0.194789162,0.255388761,0.910383545,0.136240838,11.85253262
0.527902761,0.095371487,0.281375054,0.809954725,0.062660189,12.52246095
0.462842214,0.11967581,0.161175405,0.883938296,0.096418203,11.86333393
0.378361326,0.23884778,0.222009373,0.852702313,0.032649913,7.636719242
0.387002616,0.164272195,0.013938584,0.858187028,0.079468927,8.61141662
0.396748022,0.132783613,0.09273898,0.857029466,0.111796365,10.34983967
0.352132622,0.073399728,0.242587866,0.841722398,0.11389171,12.05329231
0.376921449,0.265486786,0.252403236,0.943456092,0.039311319,8.019600229
0.519816252,0.117878377,0.139035826,0.794153319,0.279135042,16.05086453
0.679294518,0.236537305,0.182012997,0.870999488,0.034897882,10.2901743
0.581096504,0.209041801,0.131406104,0.914957573,0.071193846,10.82276999
0.641904184,0.169169117,0.224004802,0.868273125,0.017252179,11.17439975
0.620025683,0.295047634,0.179018701,0.9670395,0.001762964,8.648304205
0.379415856,0.137311443,0.265677978,0.922657797,0.142512563,12.14445148
0.620073476,0.236149061,0.213062869,0.768719054,0.17564425,13.49500698
0.435098336,0.171736555,0.099346396,0.76040785,0.2659342,13.00447893
0.629245507,0.160906973,0.234811965,0.741591029,0.147663047,13.78761923
0.612056924,0.13062518,0.118574087,0.84615889,0.169451154,14.12372574
0.48103129,0.056561845,0.255499342,0.754812071,0.228368566,15.66002652
0.467741604,0.249714537,0.117714119,0.99354666,0.104684389,10.6206451
0.54191879,0.107812863,0.09338559,0.719423206,0.141878455,12.35458171
0.465128632,0.005237532,0.171169645,0.899674262,0.120256781,13.96195707
0.574778782,0.28287387,0.034537804,0.82938203,0.119519657,10.21920344
0.430791426,0.080273033,0.051350389,0.888059786,0.282186757,15.74274483
0.387334792,0.280140928,0.167587467,0.99581091,0.119516561,9.747190716
0.497085167,0.157381478,0.258797255,0.946480938,0.048093112,11.01870301
0.287115475,0.067079432,0.160396912,0.963165093,0.196993185,13.92842488
0.518764591,0.1377159,0.126671437,0.865035358,0.045555959,10.35137721
0.491251765,0.218279563,0.215628483,0.898733133,0.141128514,12.05461063
0.597209827,0.122915655,0.150027869,0.865717535,0.108569472,13.26168773
0.472652448,0.179027943,0.011197061,0.860187941,0.208514574,12.94124948
0.366681885,0.014293707,0.050864885,0.905110338,0.02497619,9.392210585
0.695105099,0.104554157,0.251053442,0.809524796,0.120778498,14.96278062
0.439724251,0.025645556,0.045284903,0.958052021,0.27421342,16.48920787
0.517597721,0.095579925,0.195929088,0.794526166,0.229572893,15.50969002
0.630377981,0.185719298,0.107757321,0.804297924,0.159728478,13.55436816
0.596748408,0.048277369,0.134666424,0.86603357,0.171732623,15.63496231
0.581402141,0.184458719,0.147312315,0.778593298,0.203326048,13.63904285
0.700433519,0.095465639,0.219599237,0.743509373,0.081646829,13.73164227
0.69424721,0.080539741,0.255292892,0.812893465,0.223236096,17.66644449
0.592173526,0.059822381,0.175184961,0.951088558,0.174069104,16.50453758
0.604783554,0.092450011,0.258505085,0.799518504,0.13865376,14.71161469
0.699998142,0.225710226,0.088805147,0.739246247,0.021123762,10.0806237
0.577737788,0.295466524,0.172890329,0.859879048,0.085402207,10.69202622
0.505454191,0.237000337,0.020098086,0.776321357,0.078860997,9.071111505
0.745261774,0.088160467,0.186605917,0.782608962,0.196174718,17.11041867
0.33635223,0.134686713,0.103787973,0.785135482,0.043041069,8.388935614
0.497162331,0.124722433,0.097883996,0.802732321,0.261880288,14.66863443
0.465665552,0.187437926,0.086088872,0.958613241,0.29693862,15.77904274
0.45211148,0.241897211,0.196616271,0.848041449,0.108718472,10.08925602
0.430849287,0.121187794,0.124906748,0.891013867,0.264090739,14.8057245
0.52349871,0.264908483,0.022341168,0.813220042,0.155618426,10.6359207
0.708452617,0.277891538,0.030777493,0.896527184,0.161593152,12.77833544
0.321978666,0.171761457,0.045979962,0.8197189,0.285199821,13.25342427
0.572614577,0.095209137,0.203605774,0.941761538,0.192168041,15.50012099
0.36589013,0.160442797,0.127056276,0.78446629,0.034121517,8.359613149
0.561882569,0.239769482,0.066307702,0.893535447,0.020481935,8.362627153
0.507836904,0.129770596,0.159298752,0.849833643,0.131942733,13.02004152
0.458795111,0.163290891,0.227329623,0.850263655,0.007517578,8.52665263
0.650034194,0.126403745,0.255985392,0.747338464,0.179343974,15.51990097
0.454577589,0.231020129,0.257496857,0.749228832,0.106963901,9.775746529
0.372865872,0.012074228,0.029974566,0.876825111,0.083082659,11.32354533
0.479643945,0.184937245,0.196873145,0.783348067,0.193708022,12.44260668
0.450711882,0.274394137,0.275666394,0.810634657,0.25213595,13.60969453
0.433244591,0.271806814,0.156266107,0.827578173,0.051280145,7.817993372
0.540923403,0.078447816,0.095599164,0.743882872,0.19818095,14.67937511
0.525212686,0.059625165,0.081249694,0.746693685,0.058967214,11.76100241
0.443652382,0.120582301,0.058587017,0.788085161,0.033167214,8.77002417
0.368683147,0.058728612,0.122096353,0.981506828,0.119787596,12.25443047
0.324945736,0.153103758,0.190696992,0.717287233,0.201020853,11.8993806
0.590546471,0.290954233,0.214683744,0.719240251,0.091522288,10.12951326
0.497433618,0.223126998,0.163501071,0.861247277,0.200837719,13.11472865
0.307922719,0.228053236,0.223038978,0.725243458,0.193181508,10.04562972
0.601727012,0.002908768,0.1376971,0.726719514,0.19001761,16.79910035
0.437634417,0.203581592,0.214854063,0.830868493,0.009740529,8.3000016
0.622455426,0.082860478,0.220228411,0.78911012,0.130612767,14.12358138
0.310925475,0.216505612,0.088495751,0.886384918,0.295748417,13.39082617
0.516614113,0.107276518,0.289105481,0.956587784,0.242684625,16.96501568
0.4376467,0.228723062,0.25859702,0.79572444,0.258958003,13.51205352
0.41062239,0.175648574,0.299360689,0.701598407,0.161117768,11.68522768
0.348372263,0.17033137,0.264459403,0.98724228,0.13933067,11.84005478
0.677172849,0.148346009,0.177397218,0.907117025,0.024333712,11.19280936
0.590509401,0.00928802,0.110494845,0.78438606,0.226554166,17.45894021
0.419353479,0.251019794,0.04099171,0.884542208,0.100103177,8.776819619
0.453869892,0.231049588,0.177640788,0.770220885,0.184440301,12.17483336
0.652231788,0.085412732,0.273529575,0.970724043,0.101053058,15.1652444
0.534644913,0.089242573,0.266583077,0.91421404,0.11646775,13.74122235
0.564907718,0.118514106,0.092873386,0.727652695,0.122763296,11.97538912
0.208230246,0.049346775,0.213181804,0.814146504,0.012929851,7.778388511
0.408547848,0.08303069,0.249530862,0.853813842,0.05293801,10.34938043
0.594625927,0.086705057,0.03656429,0.713319507,0.061758341,11.63805901
0.388376412,0.132156854,0.048395224,0.815170751,0.078589258,8.838561144
0.492978915,0.132211556,0.204968659,0.789465209,0.014286902,9.165122497
0.398119078,0.131010662,0.104649883,0.922506074,0.006364464,8.013893159
0.560117286,0.196618786,0.119637141,0.868291038,0.109260339,11.85985541
0.621076025,0.21657394,0.167730075,0.81695454,0.061879891,10.8711658
0.60666168,0.275301856,0.084978076,0.932590151,0.150175389,12.44527954
0.428306232,0.147881732,9.52E-05,0.925665976,0.20820561,12.60048435
0.609695317,0.22730967,0.038569324,0.827862612,0.166275369,12.56111704
0.550742884,0.12401474,0.058197571,0.718948604,0.286933617,14.90044817
0.517616617,0.195159428,0.215521471,0.836156667,0.088460642,10.6646154
0.465248106,0.174155672,0.018161782,0.787022287,0.126239988,10.01446056
0.356231885,0.079548267,0.239631577,0.904451961,0.003961688,8.70615487
0.481181768,0.006274325,0.105156692,0.984233099,0.019651874,11.55667464
0.419666519,0.119854826,0.213666963,0.864329819,0.214130164,13.84668498
0.659583373,0.114807986,0.108911297,0.814758932,0.228374612,16.51156297
0.41089292,0.044550805,0.103656878,0.792188604,0.265086069,15.4479216
0.546317207,0.282310432,0.112802692,0.843533309,0.179908851,11.99759454
0.373201802,0.11648571,0.207619723,0.848806561,0.069909145,10.07233134
0.475181437,0.129701185,0.069272674,0.981421795,0.136155001,12.42229607
0.634997165,0.060545919,0.029836361,0.9800717,0.244715717,17.28545607
0.359728526,0.109516114,0.198594518,0.885522398,0.107445551,10.86710276
0.292776361,0.287304785,0.193081579,0.919126712,0.139915108,8.737741118
0.74461888,0.013800599,0.031233334,0.905163679,0.115394584,15.88205565
0.439043858,0.019080744,0.001946206,0.772740359,0.041942598,10.94399492
0.481538777,0.10697682,0.2644449,0.788695312,0.160166047,13.53091342
0.407283123,0.127752475,0.206608033,0.781442628,0.208320698,12.9416564
0.57894407,0.240093912,0.220336529,0.733972335,0.146492219,12.08937464
0.56737512,0.093449895,0.130237586,0.85414758,0.183768727,14.7062127
0.607422371,0.054469596,0.008951669,0.792156121,0.006873598,11.1277682
0.487745562,0.172982706,0.250862307,0.850154796,0.051600247,10.13259613
0.513663543,0.048360415,0.196964628,0.890662953,0.023978656,10.94130006
0.601013443,0.172489698,0.013330318,0.913041097,0.118714695,12.04412553
0.671521216,0.251001469,0.144319552,0.838330476,0.242775894,14.67165966
0.542154046,0.241366849,0.174255422,0.867697526,0.067642282,10.16467465
0.23537078,0.182705475,0.262977289,0.861012528,0.168908435,10.83443207
0.478472936,0.046320453,0.188627762,0.974905317,0.145666741,15.02366771
0.496303675,0.190878632,0.251969076,0.945435042,0.127657787,11.87400986
0.655767425,0.293418563,0.240616089,0.742204497,0.077164728,11.16350861
0.470323828,0.048219999,0.117957253,0.897859023,0.276999124,17.21556862
0.331034171,0.051870234,0.180660926,0.792635135,0.266855529,15.15662837
0.619278336,0.154109851,0.196607326,0.828852857,0.177011855,14.57973564
0.541637327,0.279190502,0.025898116,0.909852488,0.116337285,10.23736311
0.518586352,0.077839482,0.216375538,0.878521105,0.059551354,11.73380595
0.38116439,0.145451541,0.177571723,0.780597505,0.192310791,12.2396311
0.393527431,0.15971623,0.248852252,0.86939735,0.222313839,13.73429432
0.679952275,0.181356926,0.254074559,0.902802522,0.241427806,17.28590006
0.40135909,0.243065605,0.027097859,0.900917053,0.118249711,9.075997707
0.457839562,0.087517052,0.104704346,0.912753351,0.12271535,12.73439319
0.594815318,0.280392468,0.160430346,0.901702962,0.22998167,14.3286179
0.470524958,0.173420822,0.072234267,0.982330945,0.254895379,15.12080872
0.463362616,0.132370495,0.245178429,0.966501967,0.145048935,12.99135478
0.409581,0.050082887,0.203586284,0.750976467,0.177689831,13.63842999
0.570195698,0.066732704,0.16760679,0.97713587,0.179386107,15.55985227
0.578192369,0.162685972,0.068177548,0.917437799,0.283180228,15.81529194